agency.txt: insert=0, update=0, stale(待删除旧行)=0
calendar.txt: insert=0, update=0, stale(待删除旧行)=0
calendar_dates.txt: insert=0, update=0, stale(待删除旧行)=0
[跳过] fare_attributes.txt（无对照文件或未配置主键，delta_dir中保留原样）
[跳过] fare_rules.txt（无对照文件或未配置主键，delta_dir中保留原样）
[跳过] feed_info.txt（无对照文件或未配置主键，delta_dir中保留原样）
frequencies.txt: insert=0, update=0, stale(待删除旧行)=0
routes.txt: insert=0, update=0, stale(待删除旧行)=0
shapes.txt: insert=0, update=0, stale(待删除旧行)=0
stop_times.txt: insert=9559, update=19118, stale(待删除旧行)=28677
stops.txt: insert=0, update=0, stale(待删除旧行)=0
trips.txt: insert=0, update=0, stale(待删除旧行)=0

delta_rows: 28677
[完成] delta写入 results/skew_subpartition_k4_conflict25_20261007/work_dist_conflict25_20261007_p000_s1_split/delta，stale写入 results/skew_subpartition_k4_conflict25_20261007/work_dist_conflict25_20261007_p000_s1_split/stale
[done] 写入 /home/ztr/KG/dist_work/conflict25_20261007_p000_s1_split/partition_0/mapping.ttl；替换了 1 处source路径
[done] 写入 /home/ztr/KG/dist_work/conflict25_20261007_p000_s1_split/partition_1/mapping.ttl；替换了 1 处source路径
[done] 写入 /home/ztr/KG/dist_work/conflict25_20261007_p000_s1_split/partition_2/mapping.ttl；替换了 1 处source路径
[done] 写入 /home/ztr/KG/dist_work/conflict25_20261007_p000_s1_split/partition_3/mapping.ttl；替换了 1 处source路径
[done] 28677 条待删除IRI写入 results/skew_subpartition_k4_conflict25_20261007/work_dist_conflict25_20261007_p000_s1_split/stale_iris.txt
baseline=3774001, removed(按subject)=172134, delta_added=172062, updated=3773929
[sh] /home/ztr/miniconda3/bin/python3 compute_delta.py --before data/urbanos_before --after data/urbanos_skew_k4_p000_s1 --delta-dir results/skew_subpartition_k4_conflict25_20261007/work_dist_conflict25_20261007_p000_s1_split/delta --stale-dir results/skew_subpartition_k4_conflict25_20261007/work_dist_conflict25_20261007_p000_s1_split/stale
[partition] k=4, 各分区行数=[9173, 9081, 8682, 8910]
[sh] /home/ztr/miniconda3/bin/python3 normalize_mapping.py --mapping delta_mapping_base.ttl --data-dir /home/ztr/KG/dist_work/conflict25_20261007_p000_s1_split/partition_0 --output /home/ztr/KG/dist_work/conflict25_20261007_p000_s1_split/partition_0/mapping.ttl
[sh] /home/ztr/miniconda3/bin/python3 normalize_mapping.py --mapping delta_mapping_base.ttl --data-dir /home/ztr/KG/dist_work/conflict25_20261007_p000_s1_split/partition_1 --output /home/ztr/KG/dist_work/conflict25_20261007_p000_s1_split/partition_1/mapping.ttl
[sh] /home/ztr/miniconda3/bin/python3 normalize_mapping.py --mapping delta_mapping_base.ttl --data-dir /home/ztr/KG/dist_work/conflict25_20261007_p000_s1_split/partition_2 --output /home/ztr/KG/dist_work/conflict25_20261007_p000_s1_split/partition_2/mapping.ttl
[sh] /home/ztr/miniconda3/bin/python3 normalize_mapping.py --mapping delta_mapping_base.ttl --data-dir /home/ztr/KG/dist_work/conflict25_20261007_p000_s1_split/partition_3 --output /home/ztr/KG/dist_work/conflict25_20261007_p000_s1_split/partition_3/mapping.ttl
[dispatch] 已推送4个任务到tasks:queue
[result] conflict25_20261007_p000_s1_split-p2 status=ok attempts=0 mapped=1455ms worker=3afaa8eff30f lock_wait=0ms (1/4)
[result] conflict25_20261007_p000_s1_split-p0 status=ok attempts=0 mapped=1441ms worker=a3945c4cc987 lock_wait=0ms (2/4)
[result] conflict25_20261007_p000_s1_split-p1 status=ok attempts=1 mapped=1185ms worker=224f1d05f426 lock_wait=0ms (3/4)
[result] conflict25_20261007_p000_s1_split-p3 status=ok attempts=1 mapped=992ms worker=272f43c5105c lock_wait=0ms (4/4)
[merge] 冲突注入模式: 按行去重后保留172062条 -> results/skew_subpartition_k4_conflict25_20261007/work_dist_conflict25_20261007_p000_s1_split/merged_delta.nq
[sh] /home/ztr/miniconda3/bin/python3 compute_stale_iris.py --stale-file results/skew_subpartition_k4_conflict25_20261007/work_dist_conflict25_20261007_p000_s1_split/stale/stop_times.txt --template http://transport.linkeddata.es/madrid/metro/stoptimes/{trip_id}-{stop_id}-{arrival_time} --output results/skew_subpartition_k4_conflict25_20261007/work_dist_conflict25_20261007_p000_s1_split/stale_iris.txt
[sh] /home/ztr/miniconda3/bin/python3 apply_delta_to_graph.py --baseline results/baseline_graph_urbanos.nq --stale-iris results/skew_subpartition_k4_conflict25_20261007/work_dist_conflict25_20261007_p000_s1_split/stale_iris.txt --delta results/skew_subpartition_k4_conflict25_20261007/work_dist_conflict25_20261007_p000_s1_split/merged_delta.nq --output results/skew_subpartition_k4_conflict25_20261007/current_graph_check.nq

[done] 分布式增量更新完成: results/skew_subpartition_k4_conflict25_20261007/current_graph_check.nq
[done] 端到端耗时 10.38s -> results/skew_subpartition_k4_conflict25_20261007/time_distributed_conflict25_20261007_p000_s1_split.log
agency.txt: insert=0, update=0, stale(待删除旧行)=0
calendar.txt: insert=0, update=0, stale(待删除旧行)=0
calendar_dates.txt: insert=0, update=0, stale(待删除旧行)=0
[跳过] fare_attributes.txt（无对照文件或未配置主键，delta_dir中保留原样）
[跳过] fare_rules.txt（无对照文件或未配置主键，delta_dir中保留原样）
[跳过] feed_info.txt（无对照文件或未配置主键，delta_dir中保留原样）
frequencies.txt: insert=0, update=0, stale(待删除旧行)=0
routes.txt: insert=0, update=0, stale(待删除旧行)=0
shapes.txt: insert=0, update=0, stale(待删除旧行)=0
stop_times.txt: insert=9559, update=19118, stale(待删除旧行)=28677
stops.txt: insert=0, update=0, stale(待删除旧行)=0
trips.txt: insert=0, update=0, stale(待删除旧行)=0

delta_rows: 28677
[完成] delta写入 results/skew_subpartition_k4_conflict25_20261007/work_dist_conflict25_20261007_p000_s1_unsplit/delta，stale写入 results/skew_subpartition_k4_conflict25_20261007/work_dist_conflict25_20261007_p000_s1_unsplit/stale
[done] 写入 /home/ztr/KG/dist_work/conflict25_20261007_p000_s1_unsplit/partition_0/mapping.ttl；替换了 1 处source路径
[done] 写入 /home/ztr/KG/dist_work/conflict25_20261007_p000_s1_unsplit/partition_1/mapping.ttl；替换了 1 处source路径
[done] 写入 /home/ztr/KG/dist_work/conflict25_20261007_p000_s1_unsplit/partition_2/mapping.ttl；替换了 1 处source路径
[done] 写入 /home/ztr/KG/dist_work/conflict25_20261007_p000_s1_unsplit/partition_3/mapping.ttl；替换了 1 处source路径
[done] 28677 条待删除IRI写入 results/skew_subpartition_k4_conflict25_20261007/work_dist_conflict25_20261007_p000_s1_unsplit/stale_iris.txt
baseline=3774001, removed(按subject)=172134, delta_added=172062, updated=3773929
[sh] /home/ztr/miniconda3/bin/python3 compute_delta.py --before data/urbanos_before --after data/urbanos_skew_k4_p000_s1 --delta-dir results/skew_subpartition_k4_conflict25_20261007/work_dist_conflict25_20261007_p000_s1_unsplit/delta --stale-dir results/skew_subpartition_k4_conflict25_20261007/work_dist_conflict25_20261007_p000_s1_unsplit/stale
[partition] k=4, 各分区行数=[9173, 9081, 8682, 8910]
[sh] /home/ztr/miniconda3/bin/python3 normalize_mapping.py --mapping delta_mapping_base.ttl --data-dir /home/ztr/KG/dist_work/conflict25_20261007_p000_s1_unsplit/partition_0 --output /home/ztr/KG/dist_work/conflict25_20261007_p000_s1_unsplit/partition_0/mapping.ttl
[sh] /home/ztr/miniconda3/bin/python3 normalize_mapping.py --mapping delta_mapping_base.ttl --data-dir /home/ztr/KG/dist_work/conflict25_20261007_p000_s1_unsplit/partition_1 --output /home/ztr/KG/dist_work/conflict25_20261007_p000_s1_unsplit/partition_1/mapping.ttl
[sh] /home/ztr/miniconda3/bin/python3 normalize_mapping.py --mapping delta_mapping_base.ttl --data-dir /home/ztr/KG/dist_work/conflict25_20261007_p000_s1_unsplit/partition_2 --output /home/ztr/KG/dist_work/conflict25_20261007_p000_s1_unsplit/partition_2/mapping.ttl
[sh] /home/ztr/miniconda3/bin/python3 normalize_mapping.py --mapping delta_mapping_base.ttl --data-dir /home/ztr/KG/dist_work/conflict25_20261007_p000_s1_unsplit/partition_3 --output /home/ztr/KG/dist_work/conflict25_20261007_p000_s1_unsplit/partition_3/mapping.ttl
[dispatch] 已推送4个任务到tasks:queue
[result] conflict25_20261007_p000_s1_unsplit-p3 status=ok attempts=0 mapped=1199ms worker=a3945c4cc987 lock_wait=0ms (1/4)
[result] conflict25_20261007_p000_s1_unsplit-p1 status=ok attempts=0 mapped=1141ms worker=3afaa8eff30f lock_wait=0ms (2/4)
[result] conflict25_20261007_p000_s1_unsplit-p2 status=ok attempts=1 mapped=1019ms worker=272f43c5105c lock_wait=0ms (3/4)
[result] conflict25_20261007_p000_s1_unsplit-p0 status=ok attempts=1 mapped=1151ms worker=224f1d05f426 lock_wait=0ms (4/4)
[merge] 冲突注入模式: 按行去重后保留172062条 -> results/skew_subpartition_k4_conflict25_20261007/work_dist_conflict25_20261007_p000_s1_unsplit/merged_delta.nq
[sh] /home/ztr/miniconda3/bin/python3 compute_stale_iris.py --stale-file results/skew_subpartition_k4_conflict25_20261007/work_dist_conflict25_20261007_p000_s1_unsplit/stale/stop_times.txt --template http://transport.linkeddata.es/madrid/metro/stoptimes/{trip_id}-{stop_id}-{arrival_time} --output results/skew_subpartition_k4_conflict25_20261007/work_dist_conflict25_20261007_p000_s1_unsplit/stale_iris.txt
[sh] /home/ztr/miniconda3/bin/python3 apply_delta_to_graph.py --baseline results/baseline_graph_urbanos.nq --stale-iris results/skew_subpartition_k4_conflict25_20261007/work_dist_conflict25_20261007_p000_s1_unsplit/stale_iris.txt --delta results/skew_subpartition_k4_conflict25_20261007/work_dist_conflict25_20261007_p000_s1_unsplit/merged_delta.nq --output results/skew_subpartition_k4_conflict25_20261007/current_graph_check.nq

[done] 分布式增量更新完成: results/skew_subpartition_k4_conflict25_20261007/current_graph_check.nq
[done] 端到端耗时 9.93s -> results/skew_subpartition_k4_conflict25_20261007/time_distributed_conflict25_20261007_p000_s1_unsplit.log
[subpartition] verified delta p=000 seed=1
agency.txt: insert=0, update=0, stale(待删除旧行)=0
calendar.txt: insert=0, update=0, stale(待删除旧行)=0
calendar_dates.txt: insert=0, update=0, stale(待删除旧行)=0
[跳过] fare_attributes.txt（无对照文件或未配置主键，delta_dir中保留原样）
[跳过] fare_rules.txt（无对照文件或未配置主键，delta_dir中保留原样）
[跳过] feed_info.txt（无对照文件或未配置主键，delta_dir中保留原样）
frequencies.txt: insert=0, update=0, stale(待删除旧行)=0
routes.txt: insert=0, update=0, stale(待删除旧行)=0
shapes.txt: insert=0, update=0, stale(待删除旧行)=0
stop_times.txt: insert=9559, update=19118, stale(待删除旧行)=28677
stops.txt: insert=0, update=0, stale(待删除旧行)=0
trips.txt: insert=0, update=0, stale(待删除旧行)=0

delta_rows: 28677
[完成] delta写入 results/skew_subpartition_k4_conflict25_20261007/work_dist_conflict25_20261007_p025_s1_unsplit/delta，stale写入 results/skew_subpartition_k4_conflict25_20261007/work_dist_conflict25_20261007_p025_s1_unsplit/stale
[done] 写入 /home/ztr/KG/dist_work/conflict25_20261007_p025_s1_unsplit/partition_0/mapping.ttl；替换了 1 处source路径
[done] 写入 /home/ztr/KG/dist_work/conflict25_20261007_p025_s1_unsplit/partition_1/mapping.ttl；替换了 1 处source路径
[done] 写入 /home/ztr/KG/dist_work/conflict25_20261007_p025_s1_unsplit/partition_2/mapping.ttl；替换了 1 处source路径
[done] 写入 /home/ztr/KG/dist_work/conflict25_20261007_p025_s1_unsplit/partition_3/mapping.ttl；替换了 1 处source路径
[done] 28677 条待删除IRI写入 results/skew_subpartition_k4_conflict25_20261007/work_dist_conflict25_20261007_p025_s1_unsplit/stale_iris.txt
baseline=3774001, removed(按subject)=172144, delta_added=172062, updated=3773919
[sh] /home/ztr/miniconda3/bin/python3 compute_delta.py --before data/urbanos_before --after data/urbanos_skew_k4_p025_s1 --delta-dir results/skew_subpartition_k4_conflict25_20261007/work_dist_conflict25_20261007_p025_s1_unsplit/delta --stale-dir results/skew_subpartition_k4_conflict25_20261007/work_dist_conflict25_20261007_p025_s1_unsplit/stale
[partition] k=4, 各分区行数=[13974, 8649, 6427, 6796]
[sh] /home/ztr/miniconda3/bin/python3 normalize_mapping.py --mapping delta_mapping_base.ttl --data-dir /home/ztr/KG/dist_work/conflict25_20261007_p025_s1_unsplit/partition_0 --output /home/ztr/KG/dist_work/conflict25_20261007_p025_s1_unsplit/partition_0/mapping.ttl
[sh] /home/ztr/miniconda3/bin/python3 normalize_mapping.py --mapping delta_mapping_base.ttl --data-dir /home/ztr/KG/dist_work/conflict25_20261007_p025_s1_unsplit/partition_1 --output /home/ztr/KG/dist_work/conflict25_20261007_p025_s1_unsplit/partition_1/mapping.ttl
[sh] /home/ztr/miniconda3/bin/python3 normalize_mapping.py --mapping delta_mapping_base.ttl --data-dir /home/ztr/KG/dist_work/conflict25_20261007_p025_s1_unsplit/partition_2 --output /home/ztr/KG/dist_work/conflict25_20261007_p025_s1_unsplit/partition_2/mapping.ttl
[sh] /home/ztr/miniconda3/bin/python3 normalize_mapping.py --mapping delta_mapping_base.ttl --data-dir /home/ztr/KG/dist_work/conflict25_20261007_p025_s1_unsplit/partition_3 --output /home/ztr/KG/dist_work/conflict25_20261007_p025_s1_unsplit/partition_3/mapping.ttl
[dispatch] 已推送4个任务到tasks:queue
[result] conflict25_20261007_p025_s1_unsplit-p2 status=ok attempts=0 mapped=652ms worker=224f1d05f426 lock_wait=0ms (1/4)
[result] conflict25_20261007_p025_s1_unsplit-p0 status=ok attempts=0 mapped=1475ms worker=272f43c5105c lock_wait=0ms (2/4)
[result] conflict25_20261007_p025_s1_unsplit-p3 status=ok attempts=1 mapped=751ms worker=3afaa8eff30f lock_wait=0ms (3/4)
[result] conflict25_20261007_p025_s1_unsplit-p1 status=ok attempts=1 mapped=1152ms worker=a3945c4cc987 lock_wait=0ms (4/4)
[merge] 冲突注入模式: 按行去重后保留172062条 -> results/skew_subpartition_k4_conflict25_20261007/work_dist_conflict25_20261007_p025_s1_unsplit/merged_delta.nq
[sh] /home/ztr/miniconda3/bin/python3 compute_stale_iris.py --stale-file results/skew_subpartition_k4_conflict25_20261007/work_dist_conflict25_20261007_p025_s1_unsplit/stale/stop_times.txt --template http://transport.linkeddata.es/madrid/metro/stoptimes/{trip_id}-{stop_id}-{arrival_time} --output results/skew_subpartition_k4_conflict25_20261007/work_dist_conflict25_20261007_p025_s1_unsplit/stale_iris.txt
[sh] /home/ztr/miniconda3/bin/python3 apply_delta_to_graph.py --baseline results/baseline_graph_urbanos.nq --stale-iris results/skew_subpartition_k4_conflict25_20261007/work_dist_conflict25_20261007_p025_s1_unsplit/stale_iris.txt --delta results/skew_subpartition_k4_conflict25_20261007/work_dist_conflict25_20261007_p025_s1_unsplit/merged_delta.nq --output results/skew_subpartition_k4_conflict25_20261007/current_graph_check.nq

[done] 分布式增量更新完成: results/skew_subpartition_k4_conflict25_20261007/current_graph_check.nq
[done] 端到端耗时 10.47s -> results/skew_subpartition_k4_conflict25_20261007/time_distributed_conflict25_20261007_p025_s1_unsplit.log
agency.txt: insert=0, update=0, stale(待删除旧行)=0
calendar.txt: insert=0, update=0, stale(待删除旧行)=0
calendar_dates.txt: insert=0, update=0, stale(待删除旧行)=0
[跳过] fare_attributes.txt（无对照文件或未配置主键，delta_dir中保留原样）
[跳过] fare_rules.txt（无对照文件或未配置主键，delta_dir中保留原样）
[跳过] feed_info.txt（无对照文件或未配置主键，delta_dir中保留原样）
frequencies.txt: insert=0, update=0, stale(待删除旧行)=0
routes.txt: insert=0, update=0, stale(待删除旧行)=0
shapes.txt: insert=0, update=0, stale(待删除旧行)=0
stop_times.txt: insert=9559, update=19118, stale(待删除旧行)=28677
stops.txt: insert=0, update=0, stale(待删除旧行)=0
trips.txt: insert=0, update=0, stale(待删除旧行)=0

delta_rows: 28677
[完成] delta写入 results/skew_subpartition_k4_conflict25_20261007/work_dist_conflict25_20261007_p025_s1_split/delta，stale写入 results/skew_subpartition_k4_conflict25_20261007/work_dist_conflict25_20261007_p025_s1_split/stale
[done] 写入 /home/ztr/KG/dist_work/conflict25_20261007_p025_s1_split/partition_0/mapping.ttl；替换了 1 处source路径
[done] 写入 /home/ztr/KG/dist_work/conflict25_20261007_p025_s1_split/partition_1/mapping.ttl；替换了 1 处source路径
[done] 写入 /home/ztr/KG/dist_work/conflict25_20261007_p025_s1_split/partition_2/mapping.ttl；替换了 1 处source路径
[done] 写入 /home/ztr/KG/dist_work/conflict25_20261007_p025_s1_split/partition_3/mapping.ttl；替换了 1 处source路径
[done] 28677 条待删除IRI写入 results/skew_subpartition_k4_conflict25_20261007/work_dist_conflict25_20261007_p025_s1_split/stale_iris.txt
baseline=3774001, removed(按subject)=172144, delta_added=172062, updated=3773919
[sh] /home/ztr/miniconda3/bin/python3 compute_delta.py --before data/urbanos_before --after data/urbanos_skew_k4_p025_s1 --delta-dir results/skew_subpartition_k4_conflict25_20261007/work_dist_conflict25_20261007_p025_s1_split/delta --stale-dir results/skew_subpartition_k4_conflict25_20261007/work_dist_conflict25_20261007_p025_s1_split/stale
[partition] k=4, 各分区行数=[13974, 8649, 6427, 6796]
[sh] /home/ztr/miniconda3/bin/python3 normalize_mapping.py --mapping delta_mapping_base.ttl --data-dir /home/ztr/KG/dist_work/conflict25_20261007_p025_s1_split/partition_0 --output /home/ztr/KG/dist_work/conflict25_20261007_p025_s1_split/partition_0/mapping.ttl
[sh] /home/ztr/miniconda3/bin/python3 normalize_mapping.py --mapping delta_mapping_base.ttl --data-dir /home/ztr/KG/dist_work/conflict25_20261007_p025_s1_split/partition_1 --output /home/ztr/KG/dist_work/conflict25_20261007_p025_s1_split/partition_1/mapping.ttl
[sh] /home/ztr/miniconda3/bin/python3 normalize_mapping.py --mapping delta_mapping_base.ttl --data-dir /home/ztr/KG/dist_work/conflict25_20261007_p025_s1_split/partition_2 --output /home/ztr/KG/dist_work/conflict25_20261007_p025_s1_split/partition_2/mapping.ttl
[sh] /home/ztr/miniconda3/bin/python3 normalize_mapping.py --mapping delta_mapping_base.ttl --data-dir /home/ztr/KG/dist_work/conflict25_20261007_p025_s1_split/partition_3 --output /home/ztr/KG/dist_work/conflict25_20261007_p025_s1_split/partition_3/mapping.ttl
[dispatch] 已推送4个任务到tasks:queue
[result] conflict25_20261007_p025_s1_split-p2 status=ok attempts=0 mapped=574ms worker=224f1d05f426 lock_wait=0ms (1/4)
[result] conflict25_20261007_p025_s1_split-p0 status=ok attempts=0 mapped=1325ms worker=3afaa8eff30f lock_wait=0ms (2/4)
[result] conflict25_20261007_p025_s1_split-p3 status=ok attempts=1 mapped=633ms worker=272f43c5105c lock_wait=0ms (3/4)
[result] conflict25_20261007_p025_s1_split-p1 status=ok attempts=1 mapped=960ms worker=a3945c4cc987 lock_wait=0ms (4/4)
[merge] 冲突注入模式: 按行去重后保留172062条 -> results/skew_subpartition_k4_conflict25_20261007/work_dist_conflict25_20261007_p025_s1_split/merged_delta.nq
[sh] /home/ztr/miniconda3/bin/python3 compute_stale_iris.py --stale-file results/skew_subpartition_k4_conflict25_20261007/work_dist_conflict25_20261007_p025_s1_split/stale/stop_times.txt --template http://transport.linkeddata.es/madrid/metro/stoptimes/{trip_id}-{stop_id}-{arrival_time} --output results/skew_subpartition_k4_conflict25_20261007/work_dist_conflict25_20261007_p025_s1_split/stale_iris.txt
[sh] /home/ztr/miniconda3/bin/python3 apply_delta_to_graph.py --baseline results/baseline_graph_urbanos.nq --stale-iris results/skew_subpartition_k4_conflict25_20261007/work_dist_conflict25_20261007_p025_s1_split/stale_iris.txt --delta results/skew_subpartition_k4_conflict25_20261007/work_dist_conflict25_20261007_p025_s1_split/merged_delta.nq --output results/skew_subpartition_k4_conflict25_20261007/current_graph_check.nq

[done] 分布式增量更新完成: results/skew_subpartition_k4_conflict25_20261007/current_graph_check.nq
[done] 端到端耗时 10.53s -> results/skew_subpartition_k4_conflict25_20261007/time_distributed_conflict25_20261007_p025_s1_split.log
[subpartition] verified delta p=025 seed=1
agency.txt: insert=0, update=0, stale(待删除旧行)=0
calendar.txt: insert=0, update=0, stale(待删除旧行)=0
calendar_dates.txt: insert=0, update=0, stale(待删除旧行)=0
[跳过] fare_attributes.txt（无对照文件或未配置主键，delta_dir中保留原样）
[跳过] fare_rules.txt（无对照文件或未配置主键，delta_dir中保留原样）
[跳过] feed_info.txt（无对照文件或未配置主键，delta_dir中保留原样）
frequencies.txt: insert=0, update=0, stale(待删除旧行)=0
routes.txt: insert=0, update=0, stale(待删除旧行)=0
shapes.txt: insert=0, update=0, stale(待删除旧行)=0
stop_times.txt: insert=9559, update=19118, stale(待删除旧行)=28677
stops.txt: insert=0, update=0, stale(待删除旧行)=0
trips.txt: insert=0, update=0, stale(待删除旧行)=0

delta_rows: 28677
[完成] delta写入 results/skew_subpartition_k4_conflict25_20261007/work_dist_conflict25_20261007_p050_s1_split/delta，stale写入 results/skew_subpartition_k4_conflict25_20261007/work_dist_conflict25_20261007_p050_s1_split/stale
[done] 写入 /home/ztr/KG/dist_work/conflict25_20261007_p050_s1_split/partition_0/subpartition_0/mapping.ttl；替换了 1 处source路径
[done] 写入 /home/ztr/KG/dist_work/conflict25_20261007_p050_s1_split/partition_0/subpartition_1/mapping.ttl；替换了 1 处source路径
[done] 写入 /home/ztr/KG/dist_work/conflict25_20261007_p050_s1_split/partition_0/subpartition_2/mapping.ttl；替换了 1 处source路径
[done] 写入 /home/ztr/KG/dist_work/conflict25_20261007_p050_s1_split/partition_0/subpartition_3/mapping.ttl；替换了 1 处source路径
[done] 写入 /home/ztr/KG/dist_work/conflict25_20261007_p050_s1_split/partition_1/mapping.ttl；替换了 1 处source路径
[done] 写入 /home/ztr/KG/dist_work/conflict25_20261007_p050_s1_split/partition_2/mapping.ttl；替换了 1 处source路径
[done] 写入 /home/ztr/KG/dist_work/conflict25_20261007_p050_s1_split/partition_3/mapping.ttl；替换了 1 处source路径
[done] 28677 条待删除IRI写入 results/skew_subpartition_k4_conflict25_20261007/work_dist_conflict25_20261007_p050_s1_split/stale_iris.txt
baseline=3774001, removed(按subject)=172113, delta_added=172057, updated=3773945
[sh] /home/ztr/miniconda3/bin/python3 compute_delta.py --before data/urbanos_before --after data/urbanos_skew_k4_p050_s1 --delta-dir results/skew_subpartition_k4_conflict25_20261007/work_dist_conflict25_20261007_p050_s1_split/delta --stale-dir results/skew_subpartition_k4_conflict25_20261007/work_dist_conflict25_20261007_p050_s1_split/stale
[partition] k=4, 各分区行数=[18724, 8172, 4361, 4589]
[sh] /home/ztr/miniconda3/bin/python3 normalize_mapping.py --mapping delta_mapping_base.ttl --data-dir /home/ztr/KG/dist_work/conflict25_20261007_p050_s1_split/partition_0/subpartition_0 --output /home/ztr/KG/dist_work/conflict25_20261007_p050_s1_split/partition_0/subpartition_0/mapping.ttl
[sh] /home/ztr/miniconda3/bin/python3 normalize_mapping.py --mapping delta_mapping_base.ttl --data-dir /home/ztr/KG/dist_work/conflict25_20261007_p050_s1_split/partition_0/subpartition_1 --output /home/ztr/KG/dist_work/conflict25_20261007_p050_s1_split/partition_0/subpartition_1/mapping.ttl
[sh] /home/ztr/miniconda3/bin/python3 normalize_mapping.py --mapping delta_mapping_base.ttl --data-dir /home/ztr/KG/dist_work/conflict25_20261007_p050_s1_split/partition_0/subpartition_2 --output /home/ztr/KG/dist_work/conflict25_20261007_p050_s1_split/partition_0/subpartition_2/mapping.ttl
[sh] /home/ztr/miniconda3/bin/python3 normalize_mapping.py --mapping delta_mapping_base.ttl --data-dir /home/ztr/KG/dist_work/conflict25_20261007_p050_s1_split/partition_0/subpartition_3 --output /home/ztr/KG/dist_work/conflict25_20261007_p050_s1_split/partition_0/subpartition_3/mapping.ttl
[sh] /home/ztr/miniconda3/bin/python3 normalize_mapping.py --mapping delta_mapping_base.ttl --data-dir /home/ztr/KG/dist_work/conflict25_20261007_p050_s1_split/partition_1 --output /home/ztr/KG/dist_work/conflict25_20261007_p050_s1_split/partition_1/mapping.ttl
[sh] /home/ztr/miniconda3/bin/python3 normalize_mapping.py --mapping delta_mapping_base.ttl --data-dir /home/ztr/KG/dist_work/conflict25_20261007_p050_s1_split/partition_2 --output /home/ztr/KG/dist_work/conflict25_20261007_p050_s1_split/partition_2/mapping.ttl
[sh] /home/ztr/miniconda3/bin/python3 normalize_mapping.py --mapping delta_mapping_base.ttl --data-dir /home/ztr/KG/dist_work/conflict25_20261007_p050_s1_split/partition_3 --output /home/ztr/KG/dist_work/conflict25_20261007_p050_s1_split/partition_3/mapping.ttl
[dispatch] 已推送7个任务到tasks:queue
[result] conflict25_20261007_p050_s1_split-p3 status=ok attempts=0 mapped=465ms worker=3afaa8eff30f lock_wait=0ms (1/7)
[result] conflict25_20261007_p050_s1_split-p0-s0 status=ok attempts=0 mapped=632ms worker=272f43c5105c lock_wait=0ms (2/7)
[result] conflict25_20261007_p050_s1_split-p1 status=ok attempts=1 mapped=818ms worker=224f1d05f426 lock_wait=0ms (3/7)
[result] conflict25_20261007_p050_s1_split-p2 status=ok attempts=1 mapped=540ms worker=a3945c4cc987 lock_wait=0ms (4/7)
[result] conflict25_20261007_p050_s1_split-p0-s2 status=ok attempts=1 mapped=581ms worker=272f43c5105c lock_wait=0ms (5/7)
[result] conflict25_20261007_p050_s1_split-p0-s1 status=ok attempts=1 mapped=821ms worker=3afaa8eff30f lock_wait=0ms (6/7)
[result] conflict25_20261007_p050_s1_split-p0-s3 status=ok attempts=1 mapped=553ms worker=224f1d05f426 lock_wait=0ms (7/7)
[merge] 冲突注入模式: 按行去重后保留172057条 -> results/skew_subpartition_k4_conflict25_20261007/work_dist_conflict25_20261007_p050_s1_split/merged_delta.nq
[sh] /home/ztr/miniconda3/bin/python3 compute_stale_iris.py --stale-file results/skew_subpartition_k4_conflict25_20261007/work_dist_conflict25_20261007_p050_s1_split/stale/stop_times.txt --template http://transport.linkeddata.es/madrid/metro/stoptimes/{trip_id}-{stop_id}-{arrival_time} --output results/skew_subpartition_k4_conflict25_20261007/work_dist_conflict25_20261007_p050_s1_split/stale_iris.txt
[sh] /home/ztr/miniconda3/bin/python3 apply_delta_to_graph.py --baseline results/baseline_graph_urbanos.nq --stale-iris results/skew_subpartition_k4_conflict25_20261007/work_dist_conflict25_20261007_p050_s1_split/stale_iris.txt --delta results/skew_subpartition_k4_conflict25_20261007/work_dist_conflict25_20261007_p050_s1_split/merged_delta.nq --output results/skew_subpartition_k4_conflict25_20261007/current_graph_check.nq

[done] 分布式增量更新完成: results/skew_subpartition_k4_conflict25_20261007/current_graph_check.nq
[done] 端到端耗时 10.91s -> results/skew_subpartition_k4_conflict25_20261007/time_distributed_conflict25_20261007_p050_s1_split.log
agency.txt: insert=0, update=0, stale(待删除旧行)=0
calendar.txt: insert=0, update=0, stale(待删除旧行)=0
calendar_dates.txt: insert=0, update=0, stale(待删除旧行)=0
[跳过] fare_attributes.txt（无对照文件或未配置主键，delta_dir中保留原样）
[跳过] fare_rules.txt（无对照文件或未配置主键，delta_dir中保留原样）
[跳过] feed_info.txt（无对照文件或未配置主键，delta_dir中保留原样）
frequencies.txt: insert=0, update=0, stale(待删除旧行)=0
routes.txt: insert=0, update=0, stale(待删除旧行)=0
shapes.txt: insert=0, update=0, stale(待删除旧行)=0
stop_times.txt: insert=9559, update=19118, stale(待删除旧行)=28677
stops.txt: insert=0, update=0, stale(待删除旧行)=0
trips.txt: insert=0, update=0, stale(待删除旧行)=0

delta_rows: 28677
[完成] delta写入 results/skew_subpartition_k4_conflict25_20261007/work_dist_conflict25_20261007_p050_s1_unsplit/delta，stale写入 results/skew_subpartition_k4_conflict25_20261007/work_dist_conflict25_20261007_p050_s1_unsplit/stale
[done] 写入 /home/ztr/KG/dist_work/conflict25_20261007_p050_s1_unsplit/partition_0/mapping.ttl；替换了 1 处source路径
[done] 写入 /home/ztr/KG/dist_work/conflict25_20261007_p050_s1_unsplit/partition_1/mapping.ttl；替换了 1 处source路径
[done] 写入 /home/ztr/KG/dist_work/conflict25_20261007_p050_s1_unsplit/partition_2/mapping.ttl；替换了 1 处source路径
[done] 写入 /home/ztr/KG/dist_work/conflict25_20261007_p050_s1_unsplit/partition_3/mapping.ttl；替换了 1 处source路径
[done] 28677 条待删除IRI写入 results/skew_subpartition_k4_conflict25_20261007/work_dist_conflict25_20261007_p050_s1_unsplit/stale_iris.txt
baseline=3774001, removed(按subject)=172113, delta_added=172057, updated=3773945
[sh] /home/ztr/miniconda3/bin/python3 compute_delta.py --before data/urbanos_before --after data/urbanos_skew_k4_p050_s1 --delta-dir results/skew_subpartition_k4_conflict25_20261007/work_dist_conflict25_20261007_p050_s1_unsplit/delta --stale-dir results/skew_subpartition_k4_conflict25_20261007/work_dist_conflict25_20261007_p050_s1_unsplit/stale
[partition] k=4, 各分区行数=[18724, 8172, 4361, 4589]
[sh] /home/ztr/miniconda3/bin/python3 normalize_mapping.py --mapping delta_mapping_base.ttl --data-dir /home/ztr/KG/dist_work/conflict25_20261007_p050_s1_unsplit/partition_0 --output /home/ztr/KG/dist_work/conflict25_20261007_p050_s1_unsplit/partition_0/mapping.ttl
[sh] /home/ztr/miniconda3/bin/python3 normalize_mapping.py --mapping delta_mapping_base.ttl --data-dir /home/ztr/KG/dist_work/conflict25_20261007_p050_s1_unsplit/partition_1 --output /home/ztr/KG/dist_work/conflict25_20261007_p050_s1_unsplit/partition_1/mapping.ttl
[sh] /home/ztr/miniconda3/bin/python3 normalize_mapping.py --mapping delta_mapping_base.ttl --data-dir /home/ztr/KG/dist_work/conflict25_20261007_p050_s1_unsplit/partition_2 --output /home/ztr/KG/dist_work/conflict25_20261007_p050_s1_unsplit/partition_2/mapping.ttl
[sh] /home/ztr/miniconda3/bin/python3 normalize_mapping.py --mapping delta_mapping_base.ttl --data-dir /home/ztr/KG/dist_work/conflict25_20261007_p050_s1_unsplit/partition_3 --output /home/ztr/KG/dist_work/conflict25_20261007_p050_s1_unsplit/partition_3/mapping.ttl
[dispatch] 已推送4个任务到tasks:queue
[result] conflict25_20261007_p050_s1_unsplit-p2 status=ok attempts=0 mapped=462ms worker=224f1d05f426 lock_wait=0ms (1/4)
[result] conflict25_20261007_p050_s1_unsplit-p0 status=ok attempts=0 mapped=1569ms worker=3afaa8eff30f lock_wait=0ms (2/4)
[result] conflict25_20261007_p050_s1_unsplit-p1 status=ok attempts=1 mapped=640ms worker=272f43c5105c lock_wait=0ms (3/4)
[result] conflict25_20261007_p050_s1_unsplit-p3 status=ok attempts=1 mapped=598ms worker=a3945c4cc987 lock_wait=0ms (4/4)
[merge] 冲突注入模式: 按行去重后保留172057条 -> results/skew_subpartition_k4_conflict25_20261007/work_dist_conflict25_20261007_p050_s1_unsplit/merged_delta.nq
[sh] /home/ztr/miniconda3/bin/python3 compute_stale_iris.py --stale-file results/skew_subpartition_k4_conflict25_20261007/work_dist_conflict25_20261007_p050_s1_unsplit/stale/stop_times.txt --template http://transport.linkeddata.es/madrid/metro/stoptimes/{trip_id}-{stop_id}-{arrival_time} --output results/skew_subpartition_k4_conflict25_20261007/work_dist_conflict25_20261007_p050_s1_unsplit/stale_iris.txt
[sh] /home/ztr/miniconda3/bin/python3 apply_delta_to_graph.py --baseline results/baseline_graph_urbanos.nq --stale-iris results/skew_subpartition_k4_conflict25_20261007/work_dist_conflict25_20261007_p050_s1_unsplit/stale_iris.txt --delta results/skew_subpartition_k4_conflict25_20261007/work_dist_conflict25_20261007_p050_s1_unsplit/merged_delta.nq --output results/skew_subpartition_k4_conflict25_20261007/current_graph_check.nq

[done] 分布式增量更新完成: results/skew_subpartition_k4_conflict25_20261007/current_graph_check.nq
[done] 端到端耗时 10.32s -> results/skew_subpartition_k4_conflict25_20261007/time_distributed_conflict25_20261007_p050_s1_unsplit.log
[subpartition] verified delta p=050 seed=1
agency.txt: insert=0, update=0, stale(待删除旧行)=0
calendar.txt: insert=0, update=0, stale(待删除旧行)=0
calendar_dates.txt: insert=0, update=0, stale(待删除旧行)=0
[跳过] fare_attributes.txt（无对照文件或未配置主键，delta_dir中保留原样）
[跳过] fare_rules.txt（无对照文件或未配置主键，delta_dir中保留原样）
[跳过] feed_info.txt（无对照文件或未配置主键，delta_dir中保留原样）
frequencies.txt: insert=0, update=0, stale(待删除旧行)=0
routes.txt: insert=0, update=0, stale(待删除旧行)=0
shapes.txt: insert=0, update=0, stale(待删除旧行)=0
stop_times.txt: insert=9559, update=19118, stale(待删除旧行)=28677
stops.txt: insert=0, update=0, stale(待删除旧行)=0
trips.txt: insert=0, update=0, stale(待删除旧行)=0

delta_rows: 28677
[完成] delta写入 results/skew_subpartition_k4_conflict25_20261007/work_dist_conflict25_20261007_p075_s1_unsplit/delta，stale写入 results/skew_subpartition_k4_conflict25_20261007/work_dist_conflict25_20261007_p075_s1_unsplit/stale
[done] 写入 /home/ztr/KG/dist_work/conflict25_20261007_p075_s1_unsplit/partition_0/mapping.ttl；替换了 1 处source路径
[done] 写入 /home/ztr/KG/dist_work/conflict25_20261007_p075_s1_unsplit/partition_1/mapping.ttl；替换了 1 处source路径
[done] 写入 /home/ztr/KG/dist_work/conflict25_20261007_p075_s1_unsplit/partition_2/mapping.ttl；替换了 1 处source路径
[done] 写入 /home/ztr/KG/dist_work/conflict25_20261007_p075_s1_unsplit/partition_3/mapping.ttl；替换了 1 处source路径
[done] 28677 条待删除IRI写入 results/skew_subpartition_k4_conflict25_20261007/work_dist_conflict25_20261007_p075_s1_unsplit/stale_iris.txt
baseline=3774001, removed(按subject)=172109, delta_added=172047, updated=3773939
[sh] /home/ztr/miniconda3/bin/python3 compute_delta.py --before data/urbanos_before --after data/urbanos_skew_k4_p075_s1 --delta-dir results/skew_subpartition_k4_conflict25_20261007/work_dist_conflict25_20261007_p075_s1_unsplit/delta --stale-dir results/skew_subpartition_k4_conflict25_20261007/work_dist_conflict25_20261007_p075_s1_unsplit/stale
[partition] k=4, 各分区行数=[23674, 7675, 2150, 2347]
[sh] /home/ztr/miniconda3/bin/python3 normalize_mapping.py --mapping delta_mapping_base.ttl --data-dir /home/ztr/KG/dist_work/conflict25_20261007_p075_s1_unsplit/partition_0 --output /home/ztr/KG/dist_work/conflict25_20261007_p075_s1_unsplit/partition_0/mapping.ttl
[sh] /home/ztr/miniconda3/bin/python3 normalize_mapping.py --mapping delta_mapping_base.ttl --data-dir /home/ztr/KG/dist_work/conflict25_20261007_p075_s1_unsplit/partition_1 --output /home/ztr/KG/dist_work/conflict25_20261007_p075_s1_unsplit/partition_1/mapping.ttl
[sh] /home/ztr/miniconda3/bin/python3 normalize_mapping.py --mapping delta_mapping_base.ttl --data-dir /home/ztr/KG/dist_work/conflict25_20261007_p075_s1_unsplit/partition_2 --output /home/ztr/KG/dist_work/conflict25_20261007_p075_s1_unsplit/partition_2/mapping.ttl
[sh] /home/ztr/miniconda3/bin/python3 normalize_mapping.py --mapping delta_mapping_base.ttl --data-dir /home/ztr/KG/dist_work/conflict25_20261007_p075_s1_unsplit/partition_3 --output /home/ztr/KG/dist_work/conflict25_20261007_p075_s1_unsplit/partition_3/mapping.ttl
[dispatch] 已推送4个任务到tasks:queue
[result] conflict25_20261007_p075_s1_unsplit-p3 status=ok attempts=0 mapped=358ms worker=3afaa8eff30f lock_wait=0ms (1/4)
[result] conflict25_20261007_p075_s1_unsplit-p1 status=ok attempts=0 mapped=563ms worker=224f1d05f426 lock_wait=0ms (2/4)
[result] conflict25_20261007_p075_s1_unsplit-p2 status=ok attempts=1 mapped=303ms worker=a3945c4cc987 lock_wait=0ms (3/4)
[result] conflict25_20261007_p075_s1_unsplit-p0 status=ok attempts=1 mapped=1731ms worker=272f43c5105c lock_wait=0ms (4/4)
[merge] 冲突注入模式: 按行去重后保留172047条 -> results/skew_subpartition_k4_conflict25_20261007/work_dist_conflict25_20261007_p075_s1_unsplit/merged_delta.nq
[sh] /home/ztr/miniconda3/bin/python3 compute_stale_iris.py --stale-file results/skew_subpartition_k4_conflict25_20261007/work_dist_conflict25_20261007_p075_s1_unsplit/stale/stop_times.txt --template http://transport.linkeddata.es/madrid/metro/stoptimes/{trip_id}-{stop_id}-{arrival_time} --output results/skew_subpartition_k4_conflict25_20261007/work_dist_conflict25_20261007_p075_s1_unsplit/stale_iris.txt
[sh] /home/ztr/miniconda3/bin/python3 apply_delta_to_graph.py --baseline results/baseline_graph_urbanos.nq --stale-iris results/skew_subpartition_k4_conflict25_20261007/work_dist_conflict25_20261007_p075_s1_unsplit/stale_iris.txt --delta results/skew_subpartition_k4_conflict25_20261007/work_dist_conflict25_20261007_p075_s1_unsplit/merged_delta.nq --output results/skew_subpartition_k4_conflict25_20261007/current_graph_check.nq

[done] 分布式增量更新完成: results/skew_subpartition_k4_conflict25_20261007/current_graph_check.nq
[done] 端到端耗时 11.85s -> results/skew_subpartition_k4_conflict25_20261007/time_distributed_conflict25_20261007_p075_s1_unsplit.log
agency.txt: insert=0, update=0, stale(待删除旧行)=0
calendar.txt: insert=0, update=0, stale(待删除旧行)=0
calendar_dates.txt: insert=0, update=0, stale(待删除旧行)=0
[跳过] fare_attributes.txt（无对照文件或未配置主键，delta_dir中保留原样）
[跳过] fare_rules.txt（无对照文件或未配置主键，delta_dir中保留原样）
[跳过] feed_info.txt（无对照文件或未配置主键，delta_dir中保留原样）
frequencies.txt: insert=0, update=0, stale(待删除旧行)=0
routes.txt: insert=0, update=0, stale(待删除旧行)=0
shapes.txt: insert=0, update=0, stale(待删除旧行)=0
stop_times.txt: insert=9559, update=19118, stale(待删除旧行)=28677
stops.txt: insert=0, update=0, stale(待删除旧行)=0
trips.txt: insert=0, update=0, stale(待删除旧行)=0

delta_rows: 28677
[完成] delta写入 results/skew_subpartition_k4_conflict25_20261007/work_dist_conflict25_20261007_p075_s1_split/delta，stale写入 results/skew_subpartition_k4_conflict25_20261007/work_dist_conflict25_20261007_p075_s1_split/stale
[done] 写入 /home/ztr/KG/dist_work/conflict25_20261007_p075_s1_split/partition_0/subpartition_0/mapping.ttl；替换了 1 处source路径
[done] 写入 /home/ztr/KG/dist_work/conflict25_20261007_p075_s1_split/partition_0/subpartition_1/mapping.ttl；替换了 1 处source路径
[done] 写入 /home/ztr/KG/dist_work/conflict25_20261007_p075_s1_split/partition_0/subpartition_2/mapping.ttl；替换了 1 处source路径
[done] 写入 /home/ztr/KG/dist_work/conflict25_20261007_p075_s1_split/partition_0/subpartition_3/mapping.ttl；替换了 1 处source路径
[done] 写入 /home/ztr/KG/dist_work/conflict25_20261007_p075_s1_split/partition_1/mapping.ttl；替换了 1 处source路径
[done] 写入 /home/ztr/KG/dist_work/conflict25_20261007_p075_s1_split/partition_2/mapping.ttl；替换了 1 处source路径
[done] 写入 /home/ztr/KG/dist_work/conflict25_20261007_p075_s1_split/partition_3/mapping.ttl；替换了 1 处source路径
[done] 28677 条待删除IRI写入 results/skew_subpartition_k4_conflict25_20261007/work_dist_conflict25_20261007_p075_s1_split/stale_iris.txt
baseline=3774001, removed(按subject)=172109, delta_added=172047, updated=3773939
[sh] /home/ztr/miniconda3/bin/python3 compute_delta.py --before data/urbanos_before --after data/urbanos_skew_k4_p075_s1 --delta-dir results/skew_subpartition_k4_conflict25_20261007/work_dist_conflict25_20261007_p075_s1_split/delta --stale-dir results/skew_subpartition_k4_conflict25_20261007/work_dist_conflict25_20261007_p075_s1_split/stale
[partition] k=4, 各分区行数=[23674, 7675, 2150, 2347]
[sh] /home/ztr/miniconda3/bin/python3 normalize_mapping.py --mapping delta_mapping_base.ttl --data-dir /home/ztr/KG/dist_work/conflict25_20261007_p075_s1_split/partition_0/subpartition_0 --output /home/ztr/KG/dist_work/conflict25_20261007_p075_s1_split/partition_0/subpartition_0/mapping.ttl
[sh] /home/ztr/miniconda3/bin/python3 normalize_mapping.py --mapping delta_mapping_base.ttl --data-dir /home/ztr/KG/dist_work/conflict25_20261007_p075_s1_split/partition_0/subpartition_1 --output /home/ztr/KG/dist_work/conflict25_20261007_p075_s1_split/partition_0/subpartition_1/mapping.ttl
[sh] /home/ztr/miniconda3/bin/python3 normalize_mapping.py --mapping delta_mapping_base.ttl --data-dir /home/ztr/KG/dist_work/conflict25_20261007_p075_s1_split/partition_0/subpartition_2 --output /home/ztr/KG/dist_work/conflict25_20261007_p075_s1_split/partition_0/subpartition_2/mapping.ttl
[sh] /home/ztr/miniconda3/bin/python3 normalize_mapping.py --mapping delta_mapping_base.ttl --data-dir /home/ztr/KG/dist_work/conflict25_20261007_p075_s1_split/partition_0/subpartition_3 --output /home/ztr/KG/dist_work/conflict25_20261007_p075_s1_split/partition_0/subpartition_3/mapping.ttl
[sh] /home/ztr/miniconda3/bin/python3 normalize_mapping.py --mapping delta_mapping_base.ttl --data-dir /home/ztr/KG/dist_work/conflict25_20261007_p075_s1_split/partition_1 --output /home/ztr/KG/dist_work/conflict25_20261007_p075_s1_split/partition_1/mapping.ttl
[sh] /home/ztr/miniconda3/bin/python3 normalize_mapping.py --mapping delta_mapping_base.ttl --data-dir /home/ztr/KG/dist_work/conflict25_20261007_p075_s1_split/partition_2 --output /home/ztr/KG/dist_work/conflict25_20261007_p075_s1_split/partition_2/mapping.ttl
[sh] /home/ztr/miniconda3/bin/python3 normalize_mapping.py --mapping delta_mapping_base.ttl --data-dir /home/ztr/KG/dist_work/conflict25_20261007_p075_s1_split/partition_3 --output /home/ztr/KG/dist_work/conflict25_20261007_p075_s1_split/partition_3/mapping.ttl
[dispatch] 已推送7个任务到tasks:queue
[result] conflict25_20261007_p075_s1_split-p1 status=ok attempts=0 mapped=593ms worker=3afaa8eff30f lock_wait=0ms (1/7)
[result] conflict25_20261007_p075_s1_split-p3 status=ok attempts=0 mapped=312ms worker=224f1d05f426 lock_wait=0ms (2/7)
[result] conflict25_20261007_p075_s1_split-p0-s2 status=ok attempts=0 mapped=408ms worker=224f1d05f426 lock_wait=0ms (3/7)
[result] conflict25_20261007_p075_s1_split-p0-s0 status=ok attempts=1 mapped=579ms worker=a3945c4cc987 lock_wait=0ms (4/7)
[result] conflict25_20261007_p075_s1_split-p0-s1 status=ok attempts=0 mapped=509ms worker=3afaa8eff30f lock_wait=0ms (5/7)
[result] conflict25_20261007_p075_s1_split-p2 status=ok attempts=1 mapped=218ms worker=272f43c5105c lock_wait=0ms (6/7)
[result] conflict25_20261007_p075_s1_split-p0-s3 status=ok attempts=0 mapped=404ms worker=a3945c4cc987 lock_wait=0ms (7/7)
[merge] 冲突注入模式: 按行去重后保留172047条 -> results/skew_subpartition_k4_conflict25_20261007/work_dist_conflict25_20261007_p075_s1_split/merged_delta.nq
[sh] /home/ztr/miniconda3/bin/python3 compute_stale_iris.py --stale-file results/skew_subpartition_k4_conflict25_20261007/work_dist_conflict25_20261007_p075_s1_split/stale/stop_times.txt --template http://transport.linkeddata.es/madrid/metro/stoptimes/{trip_id}-{stop_id}-{arrival_time} --output results/skew_subpartition_k4_conflict25_20261007/work_dist_conflict25_20261007_p075_s1_split/stale_iris.txt
[sh] /home/ztr/miniconda3/bin/python3 apply_delta_to_graph.py --baseline results/baseline_graph_urbanos.nq --stale-iris results/skew_subpartition_k4_conflict25_20261007/work_dist_conflict25_20261007_p075_s1_split/stale_iris.txt --delta results/skew_subpartition_k4_conflict25_20261007/work_dist_conflict25_20261007_p075_s1_split/merged_delta.nq --output results/skew_subpartition_k4_conflict25_20261007/current_graph_check.nq

[done] 分布式增量更新完成: results/skew_subpartition_k4_conflict25_20261007/current_graph_check.nq
[done] 端到端耗时 10.11s -> results/skew_subpartition_k4_conflict25_20261007/time_distributed_conflict25_20261007_p075_s1_split.log
[subpartition] verified delta p=075 seed=1
agency.txt: insert=0, update=0, stale(待删除旧行)=0
calendar.txt: insert=0, update=0, stale(待删除旧行)=0
calendar_dates.txt: insert=0, update=0, stale(待删除旧行)=0
[跳过] fare_attributes.txt（无对照文件或未配置主键，delta_dir中保留原样）
[跳过] fare_rules.txt（无对照文件或未配置主键，delta_dir中保留原样）
[跳过] feed_info.txt（无对照文件或未配置主键，delta_dir中保留原样）
frequencies.txt: insert=0, update=0, stale(待删除旧行)=0
routes.txt: insert=0, update=0, stale(待删除旧行)=0
shapes.txt: insert=0, update=0, stale(待删除旧行)=0
stop_times.txt: insert=9559, update=19118, stale(待删除旧行)=28677
stops.txt: insert=0, update=0, stale(待删除旧行)=0
trips.txt: insert=0, update=0, stale(待删除旧行)=0

delta_rows: 28677
[完成] delta写入 results/skew_subpartition_k4_conflict25_20261007/work_dist_conflict25_20261007_p100_s1_split/delta，stale写入 results/skew_subpartition_k4_conflict25_20261007/work_dist_conflict25_20261007_p100_s1_split/stale
[done] 写入 /home/ztr/KG/dist_work/conflict25_20261007_p100_s1_split/partition_0/subpartition_0/mapping.ttl；替换了 1 处source路径
[done] 写入 /home/ztr/KG/dist_work/conflict25_20261007_p100_s1_split/partition_0/subpartition_1/mapping.ttl；替换了 1 处source路径
[done] 写入 /home/ztr/KG/dist_work/conflict25_20261007_p100_s1_split/partition_0/subpartition_2/mapping.ttl；替换了 1 处source路径
[done] 写入 /home/ztr/KG/dist_work/conflict25_20261007_p100_s1_split/partition_0/subpartition_3/mapping.ttl；替换了 1 处source路径
[done] 写入 /home/ztr/KG/dist_work/conflict25_20261007_p100_s1_split/partition_1/mapping.ttl；替换了 1 处source路径
[done] 写入 /home/ztr/KG/dist_work/conflict25_20261007_p100_s1_split/partition_2/mapping.ttl；替换了 1 处source路径
[done] 写入 /home/ztr/KG/dist_work/conflict25_20261007_p100_s1_split/partition_3/mapping.ttl；替换了 1 处source路径
[done] 28677 条待删除IRI写入 results/skew_subpartition_k4_conflict25_20261007/work_dist_conflict25_20261007_p100_s1_split/stale_iris.txt
baseline=3774001, removed(按subject)=172102, delta_added=172047, updated=3773946
[sh] /home/ztr/miniconda3/bin/python3 compute_delta.py --before data/urbanos_before --after data/urbanos_skew_k4_p100_s1 --delta-dir results/skew_subpartition_k4_conflict25_20261007/work_dist_conflict25_20261007_p100_s1_split/delta --stale-dir results/skew_subpartition_k4_conflict25_20261007/work_dist_conflict25_20261007_p100_s1_split/stale
[partition] k=4, 各分区行数=[28677, 7169, 0, 0]
[sh] /home/ztr/miniconda3/bin/python3 normalize_mapping.py --mapping delta_mapping_base.ttl --data-dir /home/ztr/KG/dist_work/conflict25_20261007_p100_s1_split/partition_0/subpartition_0 --output /home/ztr/KG/dist_work/conflict25_20261007_p100_s1_split/partition_0/subpartition_0/mapping.ttl
[sh] /home/ztr/miniconda3/bin/python3 normalize_mapping.py --mapping delta_mapping_base.ttl --data-dir /home/ztr/KG/dist_work/conflict25_20261007_p100_s1_split/partition_0/subpartition_1 --output /home/ztr/KG/dist_work/conflict25_20261007_p100_s1_split/partition_0/subpartition_1/mapping.ttl
[sh] /home/ztr/miniconda3/bin/python3 normalize_mapping.py --mapping delta_mapping_base.ttl --data-dir /home/ztr/KG/dist_work/conflict25_20261007_p100_s1_split/partition_0/subpartition_2 --output /home/ztr/KG/dist_work/conflict25_20261007_p100_s1_split/partition_0/subpartition_2/mapping.ttl
[sh] /home/ztr/miniconda3/bin/python3 normalize_mapping.py --mapping delta_mapping_base.ttl --data-dir /home/ztr/KG/dist_work/conflict25_20261007_p100_s1_split/partition_0/subpartition_3 --output /home/ztr/KG/dist_work/conflict25_20261007_p100_s1_split/partition_0/subpartition_3/mapping.ttl
[sh] /home/ztr/miniconda3/bin/python3 normalize_mapping.py --mapping delta_mapping_base.ttl --data-dir /home/ztr/KG/dist_work/conflict25_20261007_p100_s1_split/partition_1 --output /home/ztr/KG/dist_work/conflict25_20261007_p100_s1_split/partition_1/mapping.ttl
[sh] /home/ztr/miniconda3/bin/python3 normalize_mapping.py --mapping delta_mapping_base.ttl --data-dir /home/ztr/KG/dist_work/conflict25_20261007_p100_s1_split/partition_2 --output /home/ztr/KG/dist_work/conflict25_20261007_p100_s1_split/partition_2/mapping.ttl
[sh] /home/ztr/miniconda3/bin/python3 normalize_mapping.py --mapping delta_mapping_base.ttl --data-dir /home/ztr/KG/dist_work/conflict25_20261007_p100_s1_split/partition_3 --output /home/ztr/KG/dist_work/conflict25_20261007_p100_s1_split/partition_3/mapping.ttl
[dispatch] 已推送7个任务到tasks:queue
[result] conflict25_20261007_p100_s1_split-p3 status=ok attempts=0 mapped=0ms worker=a3945c4cc987 lock_wait=0ms (1/7)
[result] conflict25_20261007_p100_s1_split-p2 status=ok attempts=0 mapped=0ms worker=224f1d05f426 lock_wait=0ms (2/7)
[result] conflict25_20261007_p100_s1_split-p1 status=ok attempts=0 mapped=640ms worker=3afaa8eff30f lock_wait=0ms (3/7)
[result] conflict25_20261007_p100_s1_split-p0-s0 status=ok attempts=1 mapped=563ms worker=272f43c5105c lock_wait=0ms (4/7)
[result] conflict25_20261007_p100_s1_split-p0-s2 status=ok attempts=1 mapped=583ms worker=a3945c4cc987 lock_wait=0ms (5/7)
[result] conflict25_20261007_p100_s1_split-p0-s1 status=ok attempts=1 mapped=543ms worker=224f1d05f426 lock_wait=0ms (6/7)
[result] conflict25_20261007_p100_s1_split-p0-s3 status=ok attempts=0 mapped=472ms worker=3afaa8eff30f lock_wait=0ms (7/7)
[merge] 冲突注入模式: 按行去重后保留172047条 -> results/skew_subpartition_k4_conflict25_20261007/work_dist_conflict25_20261007_p100_s1_split/merged_delta.nq
[sh] /home/ztr/miniconda3/bin/python3 compute_stale_iris.py --stale-file results/skew_subpartition_k4_conflict25_20261007/work_dist_conflict25_20261007_p100_s1_split/stale/stop_times.txt --template http://transport.linkeddata.es/madrid/metro/stoptimes/{trip_id}-{stop_id}-{arrival_time} --output results/skew_subpartition_k4_conflict25_20261007/work_dist_conflict25_20261007_p100_s1_split/stale_iris.txt
[sh] /home/ztr/miniconda3/bin/python3 apply_delta_to_graph.py --baseline results/baseline_graph_urbanos.nq --stale-iris results/skew_subpartition_k4_conflict25_20261007/work_dist_conflict25_20261007_p100_s1_split/stale_iris.txt --delta results/skew_subpartition_k4_conflict25_20261007/work_dist_conflict25_20261007_p100_s1_split/merged_delta.nq --output results/skew_subpartition_k4_conflict25_20261007/current_graph_check.nq

[done] 分布式增量更新完成: results/skew_subpartition_k4_conflict25_20261007/current_graph_check.nq
[done] 端到端耗时 9.71s -> results/skew_subpartition_k4_conflict25_20261007/time_distributed_conflict25_20261007_p100_s1_split.log
agency.txt: insert=0, update=0, stale(待删除旧行)=0
calendar.txt: insert=0, update=0, stale(待删除旧行)=0
calendar_dates.txt: insert=0, update=0, stale(待删除旧行)=0
[跳过] fare_attributes.txt（无对照文件或未配置主键，delta_dir中保留原样）
[跳过] fare_rules.txt（无对照文件或未配置主键，delta_dir中保留原样）
[跳过] feed_info.txt（无对照文件或未配置主键，delta_dir中保留原样）
frequencies.txt: insert=0, update=0, stale(待删除旧行)=0
routes.txt: insert=0, update=0, stale(待删除旧行)=0
shapes.txt: insert=0, update=0, stale(待删除旧行)=0
stop_times.txt: insert=9559, update=19118, stale(待删除旧行)=28677
stops.txt: insert=0, update=0, stale(待删除旧行)=0
trips.txt: insert=0, update=0, stale(待删除旧行)=0

delta_rows: 28677
[完成] delta写入 results/skew_subpartition_k4_conflict25_20261007/work_dist_conflict25_20261007_p100_s1_unsplit/delta，stale写入 results/skew_subpartition_k4_conflict25_20261007/work_dist_conflict25_20261007_p100_s1_unsplit/stale
[done] 写入 /home/ztr/KG/dist_work/conflict25_20261007_p100_s1_unsplit/partition_0/mapping.ttl；替换了 1 处source路径
[done] 写入 /home/ztr/KG/dist_work/conflict25_20261007_p100_s1_unsplit/partition_1/mapping.ttl；替换了 1 处source路径
[done] 写入 /home/ztr/KG/dist_work/conflict25_20261007_p100_s1_unsplit/partition_2/mapping.ttl；替换了 1 处source路径
[done] 写入 /home/ztr/KG/dist_work/conflict25_20261007_p100_s1_unsplit/partition_3/mapping.ttl；替换了 1 处source路径
[done] 28677 条待删除IRI写入 results/skew_subpartition_k4_conflict25_20261007/work_dist_conflict25_20261007_p100_s1_unsplit/stale_iris.txt
baseline=3774001, removed(按subject)=172102, delta_added=172047, updated=3773946
[sh] /home/ztr/miniconda3/bin/python3 compute_delta.py --before data/urbanos_before --after data/urbanos_skew_k4_p100_s1 --delta-dir results/skew_subpartition_k4_conflict25_20261007/work_dist_conflict25_20261007_p100_s1_unsplit/delta --stale-dir results/skew_subpartition_k4_conflict25_20261007/work_dist_conflict25_20261007_p100_s1_unsplit/stale
[partition] k=4, 各分区行数=[28677, 7169, 0, 0]
[sh] /home/ztr/miniconda3/bin/python3 normalize_mapping.py --mapping delta_mapping_base.ttl --data-dir /home/ztr/KG/dist_work/conflict25_20261007_p100_s1_unsplit/partition_0 --output /home/ztr/KG/dist_work/conflict25_20261007_p100_s1_unsplit/partition_0/mapping.ttl
[sh] /home/ztr/miniconda3/bin/python3 normalize_mapping.py --mapping delta_mapping_base.ttl --data-dir /home/ztr/KG/dist_work/conflict25_20261007_p100_s1_unsplit/partition_1 --output /home/ztr/KG/dist_work/conflict25_20261007_p100_s1_unsplit/partition_1/mapping.ttl
[sh] /home/ztr/miniconda3/bin/python3 normalize_mapping.py --mapping delta_mapping_base.ttl --data-dir /home/ztr/KG/dist_work/conflict25_20261007_p100_s1_unsplit/partition_2 --output /home/ztr/KG/dist_work/conflict25_20261007_p100_s1_unsplit/partition_2/mapping.ttl
[sh] /home/ztr/miniconda3/bin/python3 normalize_mapping.py --mapping delta_mapping_base.ttl --data-dir /home/ztr/KG/dist_work/conflict25_20261007_p100_s1_unsplit/partition_3 --output /home/ztr/KG/dist_work/conflict25_20261007_p100_s1_unsplit/partition_3/mapping.ttl
[dispatch] 已推送4个任务到tasks:queue
[result] conflict25_20261007_p100_s1_unsplit-p2 status=ok attempts=0 mapped=0ms worker=a3945c4cc987 lock_wait=0ms (1/4)
[result] conflict25_20261007_p100_s1_unsplit-p3 status=ok attempts=0 mapped=0ms worker=3afaa8eff30f lock_wait=0ms (2/4)
[result] conflict25_20261007_p100_s1_unsplit-p1 status=ok attempts=0 mapped=532ms worker=224f1d05f426 lock_wait=0ms (3/4)
[result] conflict25_20261007_p100_s1_unsplit-p0 status=ok attempts=1 mapped=1923ms worker=272f43c5105c lock_wait=0ms (4/4)
[merge] 冲突注入模式: 按行去重后保留172047条 -> results/skew_subpartition_k4_conflict25_20261007/work_dist_conflict25_20261007_p100_s1_unsplit/merged_delta.nq
[sh] /home/ztr/miniconda3/bin/python3 compute_stale_iris.py --stale-file results/skew_subpartition_k4_conflict25_20261007/work_dist_conflict25_20261007_p100_s1_unsplit/stale/stop_times.txt --template http://transport.linkeddata.es/madrid/metro/stoptimes/{trip_id}-{stop_id}-{arrival_time} --output results/skew_subpartition_k4_conflict25_20261007/work_dist_conflict25_20261007_p100_s1_unsplit/stale_iris.txt
[sh] /home/ztr/miniconda3/bin/python3 apply_delta_to_graph.py --baseline results/baseline_graph_urbanos.nq --stale-iris results/skew_subpartition_k4_conflict25_20261007/work_dist_conflict25_20261007_p100_s1_unsplit/stale_iris.txt --delta results/skew_subpartition_k4_conflict25_20261007/work_dist_conflict25_20261007_p100_s1_unsplit/merged_delta.nq --output results/skew_subpartition_k4_conflict25_20261007/current_graph_check.nq

[done] 分布式增量更新完成: results/skew_subpartition_k4_conflict25_20261007/current_graph_check.nq
[done] 端到端耗时 11.15s -> results/skew_subpartition_k4_conflict25_20261007/time_distributed_conflict25_20261007_p100_s1_unsplit.log
[subpartition] verified delta p=100 seed=1
agency.txt: insert=0, update=0, stale(待删除旧行)=0
calendar.txt: insert=0, update=0, stale(待删除旧行)=0
calendar_dates.txt: insert=0, update=0, stale(待删除旧行)=0
[跳过] fare_attributes.txt（无对照文件或未配置主键，delta_dir中保留原样）
[跳过] fare_rules.txt（无对照文件或未配置主键，delta_dir中保留原样）
[跳过] feed_info.txt（无对照文件或未配置主键，delta_dir中保留原样）
frequencies.txt: insert=0, update=0, stale(待删除旧行)=0
routes.txt: insert=0, update=0, stale(待删除旧行)=0
shapes.txt: insert=0, update=0, stale(待删除旧行)=0
stop_times.txt: insert=9559, update=19118, stale(待删除旧行)=28677
stops.txt: insert=0, update=0, stale(待删除旧行)=0
trips.txt: insert=0, update=0, stale(待删除旧行)=0

delta_rows: 28677
[完成] delta写入 results/skew_subpartition_k4_conflict25_20261007/work_dist_conflict25_20261007_p025_s2_split/delta，stale写入 results/skew_subpartition_k4_conflict25_20261007/work_dist_conflict25_20261007_p025_s2_split/stale
[done] 写入 /home/ztr/KG/dist_work/conflict25_20261007_p025_s2_split/partition_0/mapping.ttl；替换了 1 处source路径
[done] 写入 /home/ztr/KG/dist_work/conflict25_20261007_p025_s2_split/partition_1/mapping.ttl；替换了 1 处source路径
[done] 写入 /home/ztr/KG/dist_work/conflict25_20261007_p025_s2_split/partition_2/mapping.ttl；替换了 1 处source路径
[done] 写入 /home/ztr/KG/dist_work/conflict25_20261007_p025_s2_split/partition_3/mapping.ttl；替换了 1 处source路径
[done] 28677 条待删除IRI写入 results/skew_subpartition_k4_conflict25_20261007/work_dist_conflict25_20261007_p025_s2_split/stale_iris.txt
baseline=3774001, removed(按subject)=172153, delta_added=172062, updated=3773910
[sh] /home/ztr/miniconda3/bin/python3 compute_delta.py --before data/urbanos_before --after data/urbanos_skew_k4_p025_s2 --delta-dir results/skew_subpartition_k4_conflict25_20261007/work_dist_conflict25_20261007_p025_s2_split/delta --stale-dir results/skew_subpartition_k4_conflict25_20261007/work_dist_conflict25_20261007_p025_s2_split/stale
[partition] k=4, 各分区行数=[13897, 8707, 6535, 6707]
[sh] /home/ztr/miniconda3/bin/python3 normalize_mapping.py --mapping delta_mapping_base.ttl --data-dir /home/ztr/KG/dist_work/conflict25_20261007_p025_s2_split/partition_0 --output /home/ztr/KG/dist_work/conflict25_20261007_p025_s2_split/partition_0/mapping.ttl
[sh] /home/ztr/miniconda3/bin/python3 normalize_mapping.py --mapping delta_mapping_base.ttl --data-dir /home/ztr/KG/dist_work/conflict25_20261007_p025_s2_split/partition_1 --output /home/ztr/KG/dist_work/conflict25_20261007_p025_s2_split/partition_1/mapping.ttl
[sh] /home/ztr/miniconda3/bin/python3 normalize_mapping.py --mapping delta_mapping_base.ttl --data-dir /home/ztr/KG/dist_work/conflict25_20261007_p025_s2_split/partition_2 --output /home/ztr/KG/dist_work/conflict25_20261007_p025_s2_split/partition_2/mapping.ttl
[sh] /home/ztr/miniconda3/bin/python3 normalize_mapping.py --mapping delta_mapping_base.ttl --data-dir /home/ztr/KG/dist_work/conflict25_20261007_p025_s2_split/partition_3 --output /home/ztr/KG/dist_work/conflict25_20261007_p025_s2_split/partition_3/mapping.ttl
[dispatch] 已推送4个任务到tasks:queue
[result] conflict25_20261007_p025_s2_split-p0 status=ok attempts=0 mapped=1019ms worker=3afaa8eff30f lock_wait=0ms (1/4)
[result] conflict25_20261007_p025_s2_split-p2 status=ok attempts=0 mapped=545ms worker=272f43c5105c lock_wait=0ms (2/4)
[result] conflict25_20261007_p025_s2_split-p3 status=ok attempts=1 mapped=527ms worker=a3945c4cc987 lock_wait=0ms (3/4)
[result] conflict25_20261007_p025_s2_split-p1 status=ok attempts=1 mapped=776ms worker=224f1d05f426 lock_wait=0ms (4/4)
[merge] 冲突注入模式: 按行去重后保留172062条 -> results/skew_subpartition_k4_conflict25_20261007/work_dist_conflict25_20261007_p025_s2_split/merged_delta.nq
[sh] /home/ztr/miniconda3/bin/python3 compute_stale_iris.py --stale-file results/skew_subpartition_k4_conflict25_20261007/work_dist_conflict25_20261007_p025_s2_split/stale/stop_times.txt --template http://transport.linkeddata.es/madrid/metro/stoptimes/{trip_id}-{stop_id}-{arrival_time} --output results/skew_subpartition_k4_conflict25_20261007/work_dist_conflict25_20261007_p025_s2_split/stale_iris.txt
[sh] /home/ztr/miniconda3/bin/python3 apply_delta_to_graph.py --baseline results/baseline_graph_urbanos.nq --stale-iris results/skew_subpartition_k4_conflict25_20261007/work_dist_conflict25_20261007_p025_s2_split/stale_iris.txt --delta results/skew_subpartition_k4_conflict25_20261007/work_dist_conflict25_20261007_p025_s2_split/merged_delta.nq --output results/skew_subpartition_k4_conflict25_20261007/current_graph_check.nq

[done] 分布式增量更新完成: results/skew_subpartition_k4_conflict25_20261007/current_graph_check.nq
[done] 端到端耗时 10.87s -> results/skew_subpartition_k4_conflict25_20261007/time_distributed_conflict25_20261007_p025_s2_split.log
agency.txt: insert=0, update=0, stale(待删除旧行)=0
calendar.txt: insert=0, update=0, stale(待删除旧行)=0
calendar_dates.txt: insert=0, update=0, stale(待删除旧行)=0
[跳过] fare_attributes.txt（无对照文件或未配置主键，delta_dir中保留原样）
[跳过] fare_rules.txt（无对照文件或未配置主键，delta_dir中保留原样）
[跳过] feed_info.txt（无对照文件或未配置主键，delta_dir中保留原样）
frequencies.txt: insert=0, update=0, stale(待删除旧行)=0
routes.txt: insert=0, update=0, stale(待删除旧行)=0
shapes.txt: insert=0, update=0, stale(待删除旧行)=0
stop_times.txt: insert=9559, update=19118, stale(待删除旧行)=28677
stops.txt: insert=0, update=0, stale(待删除旧行)=0
trips.txt: insert=0, update=0, stale(待删除旧行)=0

delta_rows: 28677
[完成] delta写入 results/skew_subpartition_k4_conflict25_20261007/work_dist_conflict25_20261007_p025_s2_unsplit/delta，stale写入 results/skew_subpartition_k4_conflict25_20261007/work_dist_conflict25_20261007_p025_s2_unsplit/stale
[done] 写入 /home/ztr/KG/dist_work/conflict25_20261007_p025_s2_unsplit/partition_0/mapping.ttl；替换了 1 处source路径
[done] 写入 /home/ztr/KG/dist_work/conflict25_20261007_p025_s2_unsplit/partition_1/mapping.ttl；替换了 1 处source路径
[done] 写入 /home/ztr/KG/dist_work/conflict25_20261007_p025_s2_unsplit/partition_2/mapping.ttl；替换了 1 处source路径
[done] 写入 /home/ztr/KG/dist_work/conflict25_20261007_p025_s2_unsplit/partition_3/mapping.ttl；替换了 1 处source路径
[done] 28677 条待删除IRI写入 results/skew_subpartition_k4_conflict25_20261007/work_dist_conflict25_20261007_p025_s2_unsplit/stale_iris.txt
baseline=3774001, removed(按subject)=172153, delta_added=172062, updated=3773910
[sh] /home/ztr/miniconda3/bin/python3 compute_delta.py --before data/urbanos_before --after data/urbanos_skew_k4_p025_s2 --delta-dir results/skew_subpartition_k4_conflict25_20261007/work_dist_conflict25_20261007_p025_s2_unsplit/delta --stale-dir results/skew_subpartition_k4_conflict25_20261007/work_dist_conflict25_20261007_p025_s2_unsplit/stale
[partition] k=4, 各分区行数=[13897, 8707, 6535, 6707]
[sh] /home/ztr/miniconda3/bin/python3 normalize_mapping.py --mapping delta_mapping_base.ttl --data-dir /home/ztr/KG/dist_work/conflict25_20261007_p025_s2_unsplit/partition_0 --output /home/ztr/KG/dist_work/conflict25_20261007_p025_s2_unsplit/partition_0/mapping.ttl
[sh] /home/ztr/miniconda3/bin/python3 normalize_mapping.py --mapping delta_mapping_base.ttl --data-dir /home/ztr/KG/dist_work/conflict25_20261007_p025_s2_unsplit/partition_1 --output /home/ztr/KG/dist_work/conflict25_20261007_p025_s2_unsplit/partition_1/mapping.ttl
[sh] /home/ztr/miniconda3/bin/python3 normalize_mapping.py --mapping delta_mapping_base.ttl --data-dir /home/ztr/KG/dist_work/conflict25_20261007_p025_s2_unsplit/partition_2 --output /home/ztr/KG/dist_work/conflict25_20261007_p025_s2_unsplit/partition_2/mapping.ttl
[sh] /home/ztr/miniconda3/bin/python3 normalize_mapping.py --mapping delta_mapping_base.ttl --data-dir /home/ztr/KG/dist_work/conflict25_20261007_p025_s2_unsplit/partition_3 --output /home/ztr/KG/dist_work/conflict25_20261007_p025_s2_unsplit/partition_3/mapping.ttl
[dispatch] 已推送4个任务到tasks:queue
[result] conflict25_20261007_p025_s2_unsplit-p0 status=ok attempts=0 mapped=1102ms worker=a3945c4cc987 lock_wait=0ms (1/4)
[result] conflict25_20261007_p025_s2_unsplit-p2 status=ok attempts=0 mapped=566ms worker=3afaa8eff30f lock_wait=0ms (2/4)
[result] conflict25_20261007_p025_s2_unsplit-p3 status=ok attempts=1 mapped=556ms worker=272f43c5105c lock_wait=0ms (3/4)
[result] conflict25_20261007_p025_s2_unsplit-p1 status=ok attempts=1 mapped=661ms worker=224f1d05f426 lock_wait=0ms (4/4)
[merge] 冲突注入模式: 按行去重后保留172062条 -> results/skew_subpartition_k4_conflict25_20261007/work_dist_conflict25_20261007_p025_s2_unsplit/merged_delta.nq
[sh] /home/ztr/miniconda3/bin/python3 compute_stale_iris.py --stale-file results/skew_subpartition_k4_conflict25_20261007/work_dist_conflict25_20261007_p025_s2_unsplit/stale/stop_times.txt --template http://transport.linkeddata.es/madrid/metro/stoptimes/{trip_id}-{stop_id}-{arrival_time} --output results/skew_subpartition_k4_conflict25_20261007/work_dist_conflict25_20261007_p025_s2_unsplit/stale_iris.txt
[sh] /home/ztr/miniconda3/bin/python3 apply_delta_to_graph.py --baseline results/baseline_graph_urbanos.nq --stale-iris results/skew_subpartition_k4_conflict25_20261007/work_dist_conflict25_20261007_p025_s2_unsplit/stale_iris.txt --delta results/skew_subpartition_k4_conflict25_20261007/work_dist_conflict25_20261007_p025_s2_unsplit/merged_delta.nq --output results/skew_subpartition_k4_conflict25_20261007/current_graph_check.nq

[done] 分布式增量更新完成: results/skew_subpartition_k4_conflict25_20261007/current_graph_check.nq
[done] 端到端耗时 9.86s -> results/skew_subpartition_k4_conflict25_20261007/time_distributed_conflict25_20261007_p025_s2_unsplit.log
[subpartition] verified delta p=025 seed=2
agency.txt: insert=0, update=0, stale(待删除旧行)=0
calendar.txt: insert=0, update=0, stale(待删除旧行)=0
calendar_dates.txt: insert=0, update=0, stale(待删除旧行)=0
[跳过] fare_attributes.txt（无对照文件或未配置主键，delta_dir中保留原样）
[跳过] fare_rules.txt（无对照文件或未配置主键，delta_dir中保留原样）
[跳过] feed_info.txt（无对照文件或未配置主键，delta_dir中保留原样）
frequencies.txt: insert=0, update=0, stale(待删除旧行)=0
routes.txt: insert=0, update=0, stale(待删除旧行)=0
shapes.txt: insert=0, update=0, stale(待删除旧行)=0
stop_times.txt: insert=9559, update=19118, stale(待删除旧行)=28677
stops.txt: insert=0, update=0, stale(待删除旧行)=0
trips.txt: insert=0, update=0, stale(待删除旧行)=0

delta_rows: 28677
[完成] delta写入 results/skew_subpartition_k4_conflict25_20261007/work_dist_conflict25_20261007_p050_s2_unsplit/delta，stale写入 results/skew_subpartition_k4_conflict25_20261007/work_dist_conflict25_20261007_p050_s2_unsplit/stale
[done] 写入 /home/ztr/KG/dist_work/conflict25_20261007_p050_s2_unsplit/partition_0/mapping.ttl；替换了 1 处source路径
[done] 写入 /home/ztr/KG/dist_work/conflict25_20261007_p050_s2_unsplit/partition_1/mapping.ttl；替换了 1 处source路径
[done] 写入 /home/ztr/KG/dist_work/conflict25_20261007_p050_s2_unsplit/partition_2/mapping.ttl；替换了 1 处source路径
[done] 写入 /home/ztr/KG/dist_work/conflict25_20261007_p050_s2_unsplit/partition_3/mapping.ttl；替换了 1 处source路径
[done] 28677 条待删除IRI写入 results/skew_subpartition_k4_conflict25_20261007/work_dist_conflict25_20261007_p050_s2_unsplit/stale_iris.txt
baseline=3774001, removed(按subject)=172131, delta_added=172062, updated=3773932
[sh] /home/ztr/miniconda3/bin/python3 compute_delta.py --before data/urbanos_before --after data/urbanos_skew_k4_p050_s2 --delta-dir results/skew_subpartition_k4_conflict25_20261007/work_dist_conflict25_20261007_p050_s2_unsplit/delta --stale-dir results/skew_subpartition_k4_conflict25_20261007/work_dist_conflict25_20261007_p050_s2_unsplit/stale
[partition] k=4, 各分区行数=[18757, 8110, 4435, 4544]
[sh] /home/ztr/miniconda3/bin/python3 normalize_mapping.py --mapping delta_mapping_base.ttl --data-dir /home/ztr/KG/dist_work/conflict25_20261007_p050_s2_unsplit/partition_0 --output /home/ztr/KG/dist_work/conflict25_20261007_p050_s2_unsplit/partition_0/mapping.ttl
[sh] /home/ztr/miniconda3/bin/python3 normalize_mapping.py --mapping delta_mapping_base.ttl --data-dir /home/ztr/KG/dist_work/conflict25_20261007_p050_s2_unsplit/partition_1 --output /home/ztr/KG/dist_work/conflict25_20261007_p050_s2_unsplit/partition_1/mapping.ttl
[sh] /home/ztr/miniconda3/bin/python3 normalize_mapping.py --mapping delta_mapping_base.ttl --data-dir /home/ztr/KG/dist_work/conflict25_20261007_p050_s2_unsplit/partition_2 --output /home/ztr/KG/dist_work/conflict25_20261007_p050_s2_unsplit/partition_2/mapping.ttl
[sh] /home/ztr/miniconda3/bin/python3 normalize_mapping.py --mapping delta_mapping_base.ttl --data-dir /home/ztr/KG/dist_work/conflict25_20261007_p050_s2_unsplit/partition_3 --output /home/ztr/KG/dist_work/conflict25_20261007_p050_s2_unsplit/partition_3/mapping.ttl
[dispatch] 已推送4个任务到tasks:queue
[result] conflict25_20261007_p050_s2_unsplit-p3 status=ok attempts=0 mapped=400ms worker=3afaa8eff30f lock_wait=0ms (1/4)
[result] conflict25_20261007_p050_s2_unsplit-p1 status=ok attempts=0 mapped=625ms worker=a3945c4cc987 lock_wait=0ms (2/4)
[result] conflict25_20261007_p050_s2_unsplit-p2 status=ok attempts=1 mapped=335ms worker=224f1d05f426 lock_wait=0ms (3/4)
[result] conflict25_20261007_p050_s2_unsplit-p0 status=ok attempts=1 mapped=1362ms worker=272f43c5105c lock_wait=0ms (4/4)
[merge] 冲突注入模式: 按行去重后保留172062条 -> results/skew_subpartition_k4_conflict25_20261007/work_dist_conflict25_20261007_p050_s2_unsplit/merged_delta.nq
[sh] /home/ztr/miniconda3/bin/python3 compute_stale_iris.py --stale-file results/skew_subpartition_k4_conflict25_20261007/work_dist_conflict25_20261007_p050_s2_unsplit/stale/stop_times.txt --template http://transport.linkeddata.es/madrid/metro/stoptimes/{trip_id}-{stop_id}-{arrival_time} --output results/skew_subpartition_k4_conflict25_20261007/work_dist_conflict25_20261007_p050_s2_unsplit/stale_iris.txt
[sh] /home/ztr/miniconda3/bin/python3 apply_delta_to_graph.py --baseline results/baseline_graph_urbanos.nq --stale-iris results/skew_subpartition_k4_conflict25_20261007/work_dist_conflict25_20261007_p050_s2_unsplit/stale_iris.txt --delta results/skew_subpartition_k4_conflict25_20261007/work_dist_conflict25_20261007_p050_s2_unsplit/merged_delta.nq --output results/skew_subpartition_k4_conflict25_20261007/current_graph_check.nq

[done] 分布式增量更新完成: results/skew_subpartition_k4_conflict25_20261007/current_graph_check.nq
[done] 端到端耗时 10.58s -> results/skew_subpartition_k4_conflict25_20261007/time_distributed_conflict25_20261007_p050_s2_unsplit.log
agency.txt: insert=0, update=0, stale(待删除旧行)=0
calendar.txt: insert=0, update=0, stale(待删除旧行)=0
calendar_dates.txt: insert=0, update=0, stale(待删除旧行)=0
[跳过] fare_attributes.txt（无对照文件或未配置主键，delta_dir中保留原样）
[跳过] fare_rules.txt（无对照文件或未配置主键，delta_dir中保留原样）
[跳过] feed_info.txt（无对照文件或未配置主键，delta_dir中保留原样）
frequencies.txt: insert=0, update=0, stale(待删除旧行)=0
routes.txt: insert=0, update=0, stale(待删除旧行)=0
shapes.txt: insert=0, update=0, stale(待删除旧行)=0
stop_times.txt: insert=9559, update=19118, stale(待删除旧行)=28677
stops.txt: insert=0, update=0, stale(待删除旧行)=0
trips.txt: insert=0, update=0, stale(待删除旧行)=0

delta_rows: 28677
[完成] delta写入 results/skew_subpartition_k4_conflict25_20261007/work_dist_conflict25_20261007_p050_s2_split/delta，stale写入 results/skew_subpartition_k4_conflict25_20261007/work_dist_conflict25_20261007_p050_s2_split/stale
[done] 写入 /home/ztr/KG/dist_work/conflict25_20261007_p050_s2_split/partition_0/subpartition_0/mapping.ttl；替换了 1 处source路径
[done] 写入 /home/ztr/KG/dist_work/conflict25_20261007_p050_s2_split/partition_0/subpartition_1/mapping.ttl；替换了 1 处source路径
[done] 写入 /home/ztr/KG/dist_work/conflict25_20261007_p050_s2_split/partition_0/subpartition_2/mapping.ttl；替换了 1 处source路径
[done] 写入 /home/ztr/KG/dist_work/conflict25_20261007_p050_s2_split/partition_0/subpartition_3/mapping.ttl；替换了 1 处source路径
[done] 写入 /home/ztr/KG/dist_work/conflict25_20261007_p050_s2_split/partition_1/mapping.ttl；替换了 1 处source路径
[done] 写入 /home/ztr/KG/dist_work/conflict25_20261007_p050_s2_split/partition_2/mapping.ttl；替换了 1 处source路径
[done] 写入 /home/ztr/KG/dist_work/conflict25_20261007_p050_s2_split/partition_3/mapping.ttl；替换了 1 处source路径
[done] 28677 条待删除IRI写入 results/skew_subpartition_k4_conflict25_20261007/work_dist_conflict25_20261007_p050_s2_split/stale_iris.txt
baseline=3774001, removed(按subject)=172131, delta_added=172062, updated=3773932
[sh] /home/ztr/miniconda3/bin/python3 compute_delta.py --before data/urbanos_before --after data/urbanos_skew_k4_p050_s2 --delta-dir results/skew_subpartition_k4_conflict25_20261007/work_dist_conflict25_20261007_p050_s2_split/delta --stale-dir results/skew_subpartition_k4_conflict25_20261007/work_dist_conflict25_20261007_p050_s2_split/stale
[partition] k=4, 各分区行数=[18757, 8110, 4435, 4544]
[sh] /home/ztr/miniconda3/bin/python3 normalize_mapping.py --mapping delta_mapping_base.ttl --data-dir /home/ztr/KG/dist_work/conflict25_20261007_p050_s2_split/partition_0/subpartition_0 --output /home/ztr/KG/dist_work/conflict25_20261007_p050_s2_split/partition_0/subpartition_0/mapping.ttl
[sh] /home/ztr/miniconda3/bin/python3 normalize_mapping.py --mapping delta_mapping_base.ttl --data-dir /home/ztr/KG/dist_work/conflict25_20261007_p050_s2_split/partition_0/subpartition_1 --output /home/ztr/KG/dist_work/conflict25_20261007_p050_s2_split/partition_0/subpartition_1/mapping.ttl
[sh] /home/ztr/miniconda3/bin/python3 normalize_mapping.py --mapping delta_mapping_base.ttl --data-dir /home/ztr/KG/dist_work/conflict25_20261007_p050_s2_split/partition_0/subpartition_2 --output /home/ztr/KG/dist_work/conflict25_20261007_p050_s2_split/partition_0/subpartition_2/mapping.ttl
[sh] /home/ztr/miniconda3/bin/python3 normalize_mapping.py --mapping delta_mapping_base.ttl --data-dir /home/ztr/KG/dist_work/conflict25_20261007_p050_s2_split/partition_0/subpartition_3 --output /home/ztr/KG/dist_work/conflict25_20261007_p050_s2_split/partition_0/subpartition_3/mapping.ttl
[sh] /home/ztr/miniconda3/bin/python3 normalize_mapping.py --mapping delta_mapping_base.ttl --data-dir /home/ztr/KG/dist_work/conflict25_20261007_p050_s2_split/partition_1 --output /home/ztr/KG/dist_work/conflict25_20261007_p050_s2_split/partition_1/mapping.ttl
[sh] /home/ztr/miniconda3/bin/python3 normalize_mapping.py --mapping delta_mapping_base.ttl --data-dir /home/ztr/KG/dist_work/conflict25_20261007_p050_s2_split/partition_2 --output /home/ztr/KG/dist_work/conflict25_20261007_p050_s2_split/partition_2/mapping.ttl
[sh] /home/ztr/miniconda3/bin/python3 normalize_mapping.py --mapping delta_mapping_base.ttl --data-dir /home/ztr/KG/dist_work/conflict25_20261007_p050_s2_split/partition_3 --output /home/ztr/KG/dist_work/conflict25_20261007_p050_s2_split/partition_3/mapping.ttl
[dispatch] 已推送7个任务到tasks:queue
[result] conflict25_20261007_p050_s2_split-p1 status=ok attempts=0 mapped=707ms worker=3afaa8eff30f lock_wait=0ms (1/7)
[result] conflict25_20261007_p050_s2_split-p3 status=ok attempts=0 mapped=477ms worker=a3945c4cc987 lock_wait=0ms (2/7)
[result] conflict25_20261007_p050_s2_split-p0-s2 status=ok attempts=0 mapped=315ms worker=a3945c4cc987 lock_wait=0ms (3/7)
[result] conflict25_20261007_p050_s2_split-p0-s1 status=ok attempts=0 mapped=344ms worker=3afaa8eff30f lock_wait=0ms (4/7)
[result] conflict25_20261007_p050_s2_split-p2 status=ok attempts=1 mapped=439ms worker=272f43c5105c lock_wait=0ms (5/7)
[result] conflict25_20261007_p050_s2_split-p0-s0 status=ok attempts=1 mapped=413ms worker=224f1d05f426 lock_wait=0ms (6/7)
[result] conflict25_20261007_p050_s2_split-p0-s3 status=ok attempts=0 mapped=351ms worker=a3945c4cc987 lock_wait=0ms (7/7)
[merge] 冲突注入模式: 按行去重后保留172062条 -> results/skew_subpartition_k4_conflict25_20261007/work_dist_conflict25_20261007_p050_s2_split/merged_delta.nq
[sh] /home/ztr/miniconda3/bin/python3 compute_stale_iris.py --stale-file results/skew_subpartition_k4_conflict25_20261007/work_dist_conflict25_20261007_p050_s2_split/stale/stop_times.txt --template http://transport.linkeddata.es/madrid/metro/stoptimes/{trip_id}-{stop_id}-{arrival_time} --output results/skew_subpartition_k4_conflict25_20261007/work_dist_conflict25_20261007_p050_s2_split/stale_iris.txt
[sh] /home/ztr/miniconda3/bin/python3 apply_delta_to_graph.py --baseline results/baseline_graph_urbanos.nq --stale-iris results/skew_subpartition_k4_conflict25_20261007/work_dist_conflict25_20261007_p050_s2_split/stale_iris.txt --delta results/skew_subpartition_k4_conflict25_20261007/work_dist_conflict25_20261007_p050_s2_split/merged_delta.nq --output results/skew_subpartition_k4_conflict25_20261007/current_graph_check.nq

[done] 分布式增量更新完成: results/skew_subpartition_k4_conflict25_20261007/current_graph_check.nq
[done] 端到端耗时 9.98s -> results/skew_subpartition_k4_conflict25_20261007/time_distributed_conflict25_20261007_p050_s2_split.log
[subpartition] verified delta p=050 seed=2
agency.txt: insert=0, update=0, stale(待删除旧行)=0
calendar.txt: insert=0, update=0, stale(待删除旧行)=0
calendar_dates.txt: insert=0, update=0, stale(待删除旧行)=0
[跳过] fare_attributes.txt（无对照文件或未配置主键，delta_dir中保留原样）
[跳过] fare_rules.txt（无对照文件或未配置主键，delta_dir中保留原样）
[跳过] feed_info.txt（无对照文件或未配置主键，delta_dir中保留原样）
frequencies.txt: insert=0, update=0, stale(待删除旧行)=0
routes.txt: insert=0, update=0, stale(待删除旧行)=0
shapes.txt: insert=0, update=0, stale(待删除旧行)=0
stop_times.txt: insert=9559, update=19118, stale(待删除旧行)=28677
stops.txt: insert=0, update=0, stale(待删除旧行)=0
trips.txt: insert=0, update=0, stale(待删除旧行)=0

delta_rows: 28677
[完成] delta写入 results/skew_subpartition_k4_conflict25_20261007/work_dist_conflict25_20261007_p075_s2_split/delta，stale写入 results/skew_subpartition_k4_conflict25_20261007/work_dist_conflict25_20261007_p075_s2_split/stale
[done] 写入 /home/ztr/KG/dist_work/conflict25_20261007_p075_s2_split/partition_0/subpartition_0/mapping.ttl；替换了 1 处source路径
[done] 写入 /home/ztr/KG/dist_work/conflict25_20261007_p075_s2_split/partition_0/subpartition_1/mapping.ttl；替换了 1 处source路径
[done] 写入 /home/ztr/KG/dist_work/conflict25_20261007_p075_s2_split/partition_0/subpartition_2/mapping.ttl；替换了 1 处source路径
[done] 写入 /home/ztr/KG/dist_work/conflict25_20261007_p075_s2_split/partition_0/subpartition_3/mapping.ttl；替换了 1 处source路径
[done] 写入 /home/ztr/KG/dist_work/conflict25_20261007_p075_s2_split/partition_1/mapping.ttl；替换了 1 处source路径
[done] 写入 /home/ztr/KG/dist_work/conflict25_20261007_p075_s2_split/partition_2/mapping.ttl；替换了 1 处source路径
[done] 写入 /home/ztr/KG/dist_work/conflict25_20261007_p075_s2_split/partition_3/mapping.ttl；替换了 1 处source路径
[done] 28677 条待删除IRI写入 results/skew_subpartition_k4_conflict25_20261007/work_dist_conflict25_20261007_p075_s2_split/stale_iris.txt
baseline=3774001, removed(按subject)=172106, delta_added=172052, updated=3773947
[sh] /home/ztr/miniconda3/bin/python3 compute_delta.py --before data/urbanos_before --after data/urbanos_skew_k4_p075_s2 --delta-dir results/skew_subpartition_k4_conflict25_20261007/work_dist_conflict25_20261007_p075_s2_split/delta --stale-dir results/skew_subpartition_k4_conflict25_20261007/work_dist_conflict25_20261007_p075_s2_split/stale
[partition] k=4, 各分区行数=[23664, 7654, 2238, 2290]
[sh] /home/ztr/miniconda3/bin/python3 normalize_mapping.py --mapping delta_mapping_base.ttl --data-dir /home/ztr/KG/dist_work/conflict25_20261007_p075_s2_split/partition_0/subpartition_0 --output /home/ztr/KG/dist_work/conflict25_20261007_p075_s2_split/partition_0/subpartition_0/mapping.ttl
[sh] /home/ztr/miniconda3/bin/python3 normalize_mapping.py --mapping delta_mapping_base.ttl --data-dir /home/ztr/KG/dist_work/conflict25_20261007_p075_s2_split/partition_0/subpartition_1 --output /home/ztr/KG/dist_work/conflict25_20261007_p075_s2_split/partition_0/subpartition_1/mapping.ttl
[sh] /home/ztr/miniconda3/bin/python3 normalize_mapping.py --mapping delta_mapping_base.ttl --data-dir /home/ztr/KG/dist_work/conflict25_20261007_p075_s2_split/partition_0/subpartition_2 --output /home/ztr/KG/dist_work/conflict25_20261007_p075_s2_split/partition_0/subpartition_2/mapping.ttl
[sh] /home/ztr/miniconda3/bin/python3 normalize_mapping.py --mapping delta_mapping_base.ttl --data-dir /home/ztr/KG/dist_work/conflict25_20261007_p075_s2_split/partition_0/subpartition_3 --output /home/ztr/KG/dist_work/conflict25_20261007_p075_s2_split/partition_0/subpartition_3/mapping.ttl
[sh] /home/ztr/miniconda3/bin/python3 normalize_mapping.py --mapping delta_mapping_base.ttl --data-dir /home/ztr/KG/dist_work/conflict25_20261007_p075_s2_split/partition_1 --output /home/ztr/KG/dist_work/conflict25_20261007_p075_s2_split/partition_1/mapping.ttl
[sh] /home/ztr/miniconda3/bin/python3 normalize_mapping.py --mapping delta_mapping_base.ttl --data-dir /home/ztr/KG/dist_work/conflict25_20261007_p075_s2_split/partition_2 --output /home/ztr/KG/dist_work/conflict25_20261007_p075_s2_split/partition_2/mapping.ttl
[sh] /home/ztr/miniconda3/bin/python3 normalize_mapping.py --mapping delta_mapping_base.ttl --data-dir /home/ztr/KG/dist_work/conflict25_20261007_p075_s2_split/partition_3 --output /home/ztr/KG/dist_work/conflict25_20261007_p075_s2_split/partition_3/mapping.ttl
[dispatch] 已推送7个任务到tasks:queue
[result] conflict25_20261007_p075_s2_split-p3 status=ok attempts=0 mapped=322ms worker=a3945c4cc987 lock_wait=0ms (1/7)
[result] conflict25_20261007_p075_s2_split-p1 status=ok attempts=0 mapped=648ms worker=224f1d05f426 lock_wait=0ms (2/7)
[result] conflict25_20261007_p075_s2_split-p0-s0 status=ok attempts=1 mapped=646ms worker=3afaa8eff30f lock_wait=0ms (3/7)
[result] conflict25_20261007_p075_s2_split-p2 status=ok attempts=1 mapped=247ms worker=272f43c5105c lock_wait=0ms (4/7)
[result] conflict25_20261007_p075_s2_split-p0-s2 status=ok attempts=0 mapped=410ms worker=224f1d05f426 lock_wait=0ms (5/7)
[result] conflict25_20261007_p075_s2_split-p0-s1 status=ok attempts=0 mapped=593ms worker=a3945c4cc987 lock_wait=0ms (6/7)
[result] conflict25_20261007_p075_s2_split-p0-s3 status=ok attempts=0 mapped=402ms worker=3afaa8eff30f lock_wait=0ms (7/7)
[merge] 冲突注入模式: 按行去重后保留172052条 -> results/skew_subpartition_k4_conflict25_20261007/work_dist_conflict25_20261007_p075_s2_split/merged_delta.nq
[sh] /home/ztr/miniconda3/bin/python3 compute_stale_iris.py --stale-file results/skew_subpartition_k4_conflict25_20261007/work_dist_conflict25_20261007_p075_s2_split/stale/stop_times.txt --template http://transport.linkeddata.es/madrid/metro/stoptimes/{trip_id}-{stop_id}-{arrival_time} --output results/skew_subpartition_k4_conflict25_20261007/work_dist_conflict25_20261007_p075_s2_split/stale_iris.txt
[sh] /home/ztr/miniconda3/bin/python3 apply_delta_to_graph.py --baseline results/baseline_graph_urbanos.nq --stale-iris results/skew_subpartition_k4_conflict25_20261007/work_dist_conflict25_20261007_p075_s2_split/stale_iris.txt --delta results/skew_subpartition_k4_conflict25_20261007/work_dist_conflict25_20261007_p075_s2_split/merged_delta.nq --output results/skew_subpartition_k4_conflict25_20261007/current_graph_check.nq

[done] 分布式增量更新完成: results/skew_subpartition_k4_conflict25_20261007/current_graph_check.nq
[done] 端到端耗时 10.30s -> results/skew_subpartition_k4_conflict25_20261007/time_distributed_conflict25_20261007_p075_s2_split.log
agency.txt: insert=0, update=0, stale(待删除旧行)=0
calendar.txt: insert=0, update=0, stale(待删除旧行)=0
calendar_dates.txt: insert=0, update=0, stale(待删除旧行)=0
[跳过] fare_attributes.txt（无对照文件或未配置主键，delta_dir中保留原样）
[跳过] fare_rules.txt（无对照文件或未配置主键，delta_dir中保留原样）
[跳过] feed_info.txt（无对照文件或未配置主键，delta_dir中保留原样）
frequencies.txt: insert=0, update=0, stale(待删除旧行)=0
routes.txt: insert=0, update=0, stale(待删除旧行)=0
shapes.txt: insert=0, update=0, stale(待删除旧行)=0
stop_times.txt: insert=9559, update=19118, stale(待删除旧行)=28677
stops.txt: insert=0, update=0, stale(待删除旧行)=0
trips.txt: insert=0, update=0, stale(待删除旧行)=0

delta_rows: 28677
[完成] delta写入 results/skew_subpartition_k4_conflict25_20261007/work_dist_conflict25_20261007_p075_s2_unsplit/delta，stale写入 results/skew_subpartition_k4_conflict25_20261007/work_dist_conflict25_20261007_p075_s2_unsplit/stale
[done] 写入 /home/ztr/KG/dist_work/conflict25_20261007_p075_s2_unsplit/partition_0/mapping.ttl；替换了 1 处source路径
[done] 写入 /home/ztr/KG/dist_work/conflict25_20261007_p075_s2_unsplit/partition_1/mapping.ttl；替换了 1 处source路径
[done] 写入 /home/ztr/KG/dist_work/conflict25_20261007_p075_s2_unsplit/partition_2/mapping.ttl；替换了 1 处source路径
[done] 写入 /home/ztr/KG/dist_work/conflict25_20261007_p075_s2_unsplit/partition_3/mapping.ttl；替换了 1 处source路径
[done] 28677 条待删除IRI写入 results/skew_subpartition_k4_conflict25_20261007/work_dist_conflict25_20261007_p075_s2_unsplit/stale_iris.txt
baseline=3774001, removed(按subject)=172106, delta_added=172052, updated=3773947
[sh] /home/ztr/miniconda3/bin/python3 compute_delta.py --before data/urbanos_before --after data/urbanos_skew_k4_p075_s2 --delta-dir results/skew_subpartition_k4_conflict25_20261007/work_dist_conflict25_20261007_p075_s2_unsplit/delta --stale-dir results/skew_subpartition_k4_conflict25_20261007/work_dist_conflict25_20261007_p075_s2_unsplit/stale
[partition] k=4, 各分区行数=[23664, 7654, 2238, 2290]
[sh] /home/ztr/miniconda3/bin/python3 normalize_mapping.py --mapping delta_mapping_base.ttl --data-dir /home/ztr/KG/dist_work/conflict25_20261007_p075_s2_unsplit/partition_0 --output /home/ztr/KG/dist_work/conflict25_20261007_p075_s2_unsplit/partition_0/mapping.ttl
[sh] /home/ztr/miniconda3/bin/python3 normalize_mapping.py --mapping delta_mapping_base.ttl --data-dir /home/ztr/KG/dist_work/conflict25_20261007_p075_s2_unsplit/partition_1 --output /home/ztr/KG/dist_work/conflict25_20261007_p075_s2_unsplit/partition_1/mapping.ttl
[sh] /home/ztr/miniconda3/bin/python3 normalize_mapping.py --mapping delta_mapping_base.ttl --data-dir /home/ztr/KG/dist_work/conflict25_20261007_p075_s2_unsplit/partition_2 --output /home/ztr/KG/dist_work/conflict25_20261007_p075_s2_unsplit/partition_2/mapping.ttl
[sh] /home/ztr/miniconda3/bin/python3 normalize_mapping.py --mapping delta_mapping_base.ttl --data-dir /home/ztr/KG/dist_work/conflict25_20261007_p075_s2_unsplit/partition_3 --output /home/ztr/KG/dist_work/conflict25_20261007_p075_s2_unsplit/partition_3/mapping.ttl
[dispatch] 已推送4个任务到tasks:queue
[result] conflict25_20261007_p075_s2_unsplit-p2 status=ok attempts=0 mapped=193ms worker=a3945c4cc987 lock_wait=0ms (1/4)
[result] conflict25_20261007_p075_s2_unsplit-p0 status=ok attempts=0 mapped=1635ms worker=272f43c5105c lock_wait=0ms (2/4)
[result] conflict25_20261007_p075_s2_unsplit-p3 status=ok attempts=1 mapped=211ms worker=3afaa8eff30f lock_wait=0ms (3/4)
[result] conflict25_20261007_p075_s2_unsplit-p1 status=ok attempts=1 mapped=689ms worker=224f1d05f426 lock_wait=0ms (4/4)
[merge] 冲突注入模式: 按行去重后保留172052条 -> results/skew_subpartition_k4_conflict25_20261007/work_dist_conflict25_20261007_p075_s2_unsplit/merged_delta.nq
[sh] /home/ztr/miniconda3/bin/python3 compute_stale_iris.py --stale-file results/skew_subpartition_k4_conflict25_20261007/work_dist_conflict25_20261007_p075_s2_unsplit/stale/stop_times.txt --template http://transport.linkeddata.es/madrid/metro/stoptimes/{trip_id}-{stop_id}-{arrival_time} --output results/skew_subpartition_k4_conflict25_20261007/work_dist_conflict25_20261007_p075_s2_unsplit/stale_iris.txt
[sh] /home/ztr/miniconda3/bin/python3 apply_delta_to_graph.py --baseline results/baseline_graph_urbanos.nq --stale-iris results/skew_subpartition_k4_conflict25_20261007/work_dist_conflict25_20261007_p075_s2_unsplit/stale_iris.txt --delta results/skew_subpartition_k4_conflict25_20261007/work_dist_conflict25_20261007_p075_s2_unsplit/merged_delta.nq --output results/skew_subpartition_k4_conflict25_20261007/current_graph_check.nq

[done] 分布式增量更新完成: results/skew_subpartition_k4_conflict25_20261007/current_graph_check.nq
[done] 端到端耗时 10.72s -> results/skew_subpartition_k4_conflict25_20261007/time_distributed_conflict25_20261007_p075_s2_unsplit.log
[subpartition] verified delta p=075 seed=2
agency.txt: insert=0, update=0, stale(待删除旧行)=0
calendar.txt: insert=0, update=0, stale(待删除旧行)=0
calendar_dates.txt: insert=0, update=0, stale(待删除旧行)=0
[跳过] fare_attributes.txt（无对照文件或未配置主键，delta_dir中保留原样）
[跳过] fare_rules.txt（无对照文件或未配置主键，delta_dir中保留原样）
[跳过] feed_info.txt（无对照文件或未配置主键，delta_dir中保留原样）
frequencies.txt: insert=0, update=0, stale(待删除旧行)=0
routes.txt: insert=0, update=0, stale(待删除旧行)=0
shapes.txt: insert=0, update=0, stale(待删除旧行)=0
stop_times.txt: insert=9559, update=19118, stale(待删除旧行)=28677
stops.txt: insert=0, update=0, stale(待删除旧行)=0
trips.txt: insert=0, update=0, stale(待删除旧行)=0

delta_rows: 28677
[完成] delta写入 results/skew_subpartition_k4_conflict25_20261007/work_dist_conflict25_20261007_p100_s2_unsplit/delta，stale写入 results/skew_subpartition_k4_conflict25_20261007/work_dist_conflict25_20261007_p100_s2_unsplit/stale
[done] 写入 /home/ztr/KG/dist_work/conflict25_20261007_p100_s2_unsplit/partition_0/mapping.ttl；替换了 1 处source路径
[done] 写入 /home/ztr/KG/dist_work/conflict25_20261007_p100_s2_unsplit/partition_1/mapping.ttl；替换了 1 处source路径
[done] 写入 /home/ztr/KG/dist_work/conflict25_20261007_p100_s2_unsplit/partition_2/mapping.ttl；替换了 1 处source路径
[done] 写入 /home/ztr/KG/dist_work/conflict25_20261007_p100_s2_unsplit/partition_3/mapping.ttl；替换了 1 处source路径
[done] 28677 条待删除IRI写入 results/skew_subpartition_k4_conflict25_20261007/work_dist_conflict25_20261007_p100_s2_unsplit/stale_iris.txt
baseline=3774001, removed(按subject)=172105, delta_added=172052, updated=3773948
[sh] /home/ztr/miniconda3/bin/python3 compute_delta.py --before data/urbanos_before --after data/urbanos_skew_k4_p100_s2 --delta-dir results/skew_subpartition_k4_conflict25_20261007/work_dist_conflict25_20261007_p100_s2_unsplit/delta --stale-dir results/skew_subpartition_k4_conflict25_20261007/work_dist_conflict25_20261007_p100_s2_unsplit/stale
[partition] k=4, 各分区行数=[28677, 7169, 0, 0]
[sh] /home/ztr/miniconda3/bin/python3 normalize_mapping.py --mapping delta_mapping_base.ttl --data-dir /home/ztr/KG/dist_work/conflict25_20261007_p100_s2_unsplit/partition_0 --output /home/ztr/KG/dist_work/conflict25_20261007_p100_s2_unsplit/partition_0/mapping.ttl
[sh] /home/ztr/miniconda3/bin/python3 normalize_mapping.py --mapping delta_mapping_base.ttl --data-dir /home/ztr/KG/dist_work/conflict25_20261007_p100_s2_unsplit/partition_1 --output /home/ztr/KG/dist_work/conflict25_20261007_p100_s2_unsplit/partition_1/mapping.ttl
[sh] /home/ztr/miniconda3/bin/python3 normalize_mapping.py --mapping delta_mapping_base.ttl --data-dir /home/ztr/KG/dist_work/conflict25_20261007_p100_s2_unsplit/partition_2 --output /home/ztr/KG/dist_work/conflict25_20261007_p100_s2_unsplit/partition_2/mapping.ttl
[sh] /home/ztr/miniconda3/bin/python3 normalize_mapping.py --mapping delta_mapping_base.ttl --data-dir /home/ztr/KG/dist_work/conflict25_20261007_p100_s2_unsplit/partition_3 --output /home/ztr/KG/dist_work/conflict25_20261007_p100_s2_unsplit/partition_3/mapping.ttl
[dispatch] 已推送4个任务到tasks:queue
[result] conflict25_20261007_p100_s2_unsplit-p2 status=ok attempts=0 mapped=0ms worker=224f1d05f426 lock_wait=0ms (1/4)
[result] conflict25_20261007_p100_s2_unsplit-p3 status=ok attempts=0 mapped=0ms worker=272f43c5105c lock_wait=0ms (2/4)
[result] conflict25_20261007_p100_s2_unsplit-p1 status=ok attempts=0 mapped=657ms worker=a3945c4cc987 lock_wait=0ms (3/4)
[result] conflict25_20261007_p100_s2_unsplit-p0 status=ok attempts=1 mapped=2171ms worker=3afaa8eff30f lock_wait=0ms (4/4)
[merge] 冲突注入模式: 按行去重后保留172052条 -> results/skew_subpartition_k4_conflict25_20261007/work_dist_conflict25_20261007_p100_s2_unsplit/merged_delta.nq
[sh] /home/ztr/miniconda3/bin/python3 compute_stale_iris.py --stale-file results/skew_subpartition_k4_conflict25_20261007/work_dist_conflict25_20261007_p100_s2_unsplit/stale/stop_times.txt --template http://transport.linkeddata.es/madrid/metro/stoptimes/{trip_id}-{stop_id}-{arrival_time} --output results/skew_subpartition_k4_conflict25_20261007/work_dist_conflict25_20261007_p100_s2_unsplit/stale_iris.txt
[sh] /home/ztr/miniconda3/bin/python3 apply_delta_to_graph.py --baseline results/baseline_graph_urbanos.nq --stale-iris results/skew_subpartition_k4_conflict25_20261007/work_dist_conflict25_20261007_p100_s2_unsplit/stale_iris.txt --delta results/skew_subpartition_k4_conflict25_20261007/work_dist_conflict25_20261007_p100_s2_unsplit/merged_delta.nq --output results/skew_subpartition_k4_conflict25_20261007/current_graph_check.nq

[done] 分布式增量更新完成: results/skew_subpartition_k4_conflict25_20261007/current_graph_check.nq
[done] 端到端耗时 11.58s -> results/skew_subpartition_k4_conflict25_20261007/time_distributed_conflict25_20261007_p100_s2_unsplit.log
agency.txt: insert=0, update=0, stale(待删除旧行)=0
calendar.txt: insert=0, update=0, stale(待删除旧行)=0
calendar_dates.txt: insert=0, update=0, stale(待删除旧行)=0
[跳过] fare_attributes.txt（无对照文件或未配置主键，delta_dir中保留原样）
[跳过] fare_rules.txt（无对照文件或未配置主键，delta_dir中保留原样）
[跳过] feed_info.txt（无对照文件或未配置主键，delta_dir中保留原样）
frequencies.txt: insert=0, update=0, stale(待删除旧行)=0
routes.txt: insert=0, update=0, stale(待删除旧行)=0
shapes.txt: insert=0, update=0, stale(待删除旧行)=0
stop_times.txt: insert=9559, update=19118, stale(待删除旧行)=28677
stops.txt: insert=0, update=0, stale(待删除旧行)=0
trips.txt: insert=0, update=0, stale(待删除旧行)=0

delta_rows: 28677
[完成] delta写入 results/skew_subpartition_k4_conflict25_20261007/work_dist_conflict25_20261007_p100_s2_split/delta，stale写入 results/skew_subpartition_k4_conflict25_20261007/work_dist_conflict25_20261007_p100_s2_split/stale
[done] 写入 /home/ztr/KG/dist_work/conflict25_20261007_p100_s2_split/partition_0/subpartition_0/mapping.ttl；替换了 1 处source路径
[done] 写入 /home/ztr/KG/dist_work/conflict25_20261007_p100_s2_split/partition_0/subpartition_1/mapping.ttl；替换了 1 处source路径
[done] 写入 /home/ztr/KG/dist_work/conflict25_20261007_p100_s2_split/partition_0/subpartition_2/mapping.ttl；替换了 1 处source路径
[done] 写入 /home/ztr/KG/dist_work/conflict25_20261007_p100_s2_split/partition_0/subpartition_3/mapping.ttl；替换了 1 处source路径
[done] 写入 /home/ztr/KG/dist_work/conflict25_20261007_p100_s2_split/partition_1/mapping.ttl；替换了 1 处source路径
[done] 写入 /home/ztr/KG/dist_work/conflict25_20261007_p100_s2_split/partition_2/mapping.ttl；替换了 1 处source路径
[done] 写入 /home/ztr/KG/dist_work/conflict25_20261007_p100_s2_split/partition_3/mapping.ttl；替换了 1 处source路径
[done] 28677 条待删除IRI写入 results/skew_subpartition_k4_conflict25_20261007/work_dist_conflict25_20261007_p100_s2_split/stale_iris.txt
baseline=3774001, removed(按subject)=172105, delta_added=172052, updated=3773948
[sh] /home/ztr/miniconda3/bin/python3 compute_delta.py --before data/urbanos_before --after data/urbanos_skew_k4_p100_s2 --delta-dir results/skew_subpartition_k4_conflict25_20261007/work_dist_conflict25_20261007_p100_s2_split/delta --stale-dir results/skew_subpartition_k4_conflict25_20261007/work_dist_conflict25_20261007_p100_s2_split/stale
[partition] k=4, 各分区行数=[28677, 7169, 0, 0]
[sh] /home/ztr/miniconda3/bin/python3 normalize_mapping.py --mapping delta_mapping_base.ttl --data-dir /home/ztr/KG/dist_work/conflict25_20261007_p100_s2_split/partition_0/subpartition_0 --output /home/ztr/KG/dist_work/conflict25_20261007_p100_s2_split/partition_0/subpartition_0/mapping.ttl
[sh] /home/ztr/miniconda3/bin/python3 normalize_mapping.py --mapping delta_mapping_base.ttl --data-dir /home/ztr/KG/dist_work/conflict25_20261007_p100_s2_split/partition_0/subpartition_1 --output /home/ztr/KG/dist_work/conflict25_20261007_p100_s2_split/partition_0/subpartition_1/mapping.ttl
[sh] /home/ztr/miniconda3/bin/python3 normalize_mapping.py --mapping delta_mapping_base.ttl --data-dir /home/ztr/KG/dist_work/conflict25_20261007_p100_s2_split/partition_0/subpartition_2 --output /home/ztr/KG/dist_work/conflict25_20261007_p100_s2_split/partition_0/subpartition_2/mapping.ttl
[sh] /home/ztr/miniconda3/bin/python3 normalize_mapping.py --mapping delta_mapping_base.ttl --data-dir /home/ztr/KG/dist_work/conflict25_20261007_p100_s2_split/partition_0/subpartition_3 --output /home/ztr/KG/dist_work/conflict25_20261007_p100_s2_split/partition_0/subpartition_3/mapping.ttl
[sh] /home/ztr/miniconda3/bin/python3 normalize_mapping.py --mapping delta_mapping_base.ttl --data-dir /home/ztr/KG/dist_work/conflict25_20261007_p100_s2_split/partition_1 --output /home/ztr/KG/dist_work/conflict25_20261007_p100_s2_split/partition_1/mapping.ttl
[sh] /home/ztr/miniconda3/bin/python3 normalize_mapping.py --mapping delta_mapping_base.ttl --data-dir /home/ztr/KG/dist_work/conflict25_20261007_p100_s2_split/partition_2 --output /home/ztr/KG/dist_work/conflict25_20261007_p100_s2_split/partition_2/mapping.ttl
[sh] /home/ztr/miniconda3/bin/python3 normalize_mapping.py --mapping delta_mapping_base.ttl --data-dir /home/ztr/KG/dist_work/conflict25_20261007_p100_s2_split/partition_3 --output /home/ztr/KG/dist_work/conflict25_20261007_p100_s2_split/partition_3/mapping.ttl
[dispatch] 已推送7个任务到tasks:queue
[result] conflict25_20261007_p100_s2_split-p3 status=ok attempts=0 mapped=0ms worker=224f1d05f426 lock_wait=0ms (1/7)
[result] conflict25_20261007_p100_s2_split-p2 status=ok attempts=0 mapped=0ms worker=3afaa8eff30f lock_wait=0ms (2/7)
[result] conflict25_20261007_p100_s2_split-p0-s0 status=ok attempts=0 mapped=747ms worker=272f43c5105c lock_wait=0ms (3/7)
[result] conflict25_20261007_p100_s2_split-p0-s2 status=ok attempts=0 mapped=539ms worker=224f1d05f426 lock_wait=0ms (4/7)
[result] conflict25_20261007_p100_s2_split-p0-s1 status=ok attempts=0 mapped=588ms worker=3afaa8eff30f lock_wait=0ms (5/7)
[result] conflict25_20261007_p100_s2_split-p1 status=ok attempts=1 mapped=593ms worker=a3945c4cc987 lock_wait=0ms (6/7)
[result] conflict25_20261007_p100_s2_split-p0-s3 status=ok attempts=1 mapped=489ms worker=272f43c5105c lock_wait=0ms (7/7)
[merge] 冲突注入模式: 按行去重后保留172052条 -> results/skew_subpartition_k4_conflict25_20261007/work_dist_conflict25_20261007_p100_s2_split/merged_delta.nq
[sh] /home/ztr/miniconda3/bin/python3 compute_stale_iris.py --stale-file results/skew_subpartition_k4_conflict25_20261007/work_dist_conflict25_20261007_p100_s2_split/stale/stop_times.txt --template http://transport.linkeddata.es/madrid/metro/stoptimes/{trip_id}-{stop_id}-{arrival_time} --output results/skew_subpartition_k4_conflict25_20261007/work_dist_conflict25_20261007_p100_s2_split/stale_iris.txt
[sh] /home/ztr/miniconda3/bin/python3 apply_delta_to_graph.py --baseline results/baseline_graph_urbanos.nq --stale-iris results/skew_subpartition_k4_conflict25_20261007/work_dist_conflict25_20261007_p100_s2_split/stale_iris.txt --delta results/skew_subpartition_k4_conflict25_20261007/work_dist_conflict25_20261007_p100_s2_split/merged_delta.nq --output results/skew_subpartition_k4_conflict25_20261007/current_graph_check.nq

[done] 分布式增量更新完成: results/skew_subpartition_k4_conflict25_20261007/current_graph_check.nq
[done] 端到端耗时 10.25s -> results/skew_subpartition_k4_conflict25_20261007/time_distributed_conflict25_20261007_p100_s2_split.log
[subpartition] verified delta p=100 seed=2
agency.txt: insert=0, update=0, stale(待删除旧行)=0
calendar.txt: insert=0, update=0, stale(待删除旧行)=0
calendar_dates.txt: insert=0, update=0, stale(待删除旧行)=0
[跳过] fare_attributes.txt（无对照文件或未配置主键，delta_dir中保留原样）
[跳过] fare_rules.txt（无对照文件或未配置主键，delta_dir中保留原样）
[跳过] feed_info.txt（无对照文件或未配置主键，delta_dir中保留原样）
frequencies.txt: insert=0, update=0, stale(待删除旧行)=0
routes.txt: insert=0, update=0, stale(待删除旧行)=0
shapes.txt: insert=0, update=0, stale(待删除旧行)=0
stop_times.txt: insert=9559, update=19118, stale(待删除旧行)=28677
stops.txt: insert=0, update=0, stale(待删除旧行)=0
trips.txt: insert=0, update=0, stale(待删除旧行)=0

delta_rows: 28677
[完成] delta写入 results/skew_subpartition_k4_conflict25_20261007/work_dist_conflict25_20261007_p000_s2_unsplit/delta，stale写入 results/skew_subpartition_k4_conflict25_20261007/work_dist_conflict25_20261007_p000_s2_unsplit/stale
[done] 写入 /home/ztr/KG/dist_work/conflict25_20261007_p000_s2_unsplit/partition_0/mapping.ttl；替换了 1 处source路径
[done] 写入 /home/ztr/KG/dist_work/conflict25_20261007_p000_s2_unsplit/partition_1/mapping.ttl；替换了 1 处source路径
[done] 写入 /home/ztr/KG/dist_work/conflict25_20261007_p000_s2_unsplit/partition_2/mapping.ttl；替换了 1 处source路径
[done] 写入 /home/ztr/KG/dist_work/conflict25_20261007_p000_s2_unsplit/partition_3/mapping.ttl；替换了 1 处source路径
[done] 28677 条待删除IRI写入 results/skew_subpartition_k4_conflict25_20261007/work_dist_conflict25_20261007_p000_s2_unsplit/stale_iris.txt
baseline=3774001, removed(按subject)=172141, delta_added=172062, updated=3773922
[sh] /home/ztr/miniconda3/bin/python3 compute_delta.py --before data/urbanos_before --after data/urbanos_skew_k4_p000_s2 --delta-dir results/skew_subpartition_k4_conflict25_20261007/work_dist_conflict25_20261007_p000_s2_unsplit/delta --stale-dir results/skew_subpartition_k4_conflict25_20261007/work_dist_conflict25_20261007_p000_s2_unsplit/stale
[partition] k=4, 各分区行数=[9109, 8951, 8750, 9036]
[sh] /home/ztr/miniconda3/bin/python3 normalize_mapping.py --mapping delta_mapping_base.ttl --data-dir /home/ztr/KG/dist_work/conflict25_20261007_p000_s2_unsplit/partition_0 --output /home/ztr/KG/dist_work/conflict25_20261007_p000_s2_unsplit/partition_0/mapping.ttl
[sh] /home/ztr/miniconda3/bin/python3 normalize_mapping.py --mapping delta_mapping_base.ttl --data-dir /home/ztr/KG/dist_work/conflict25_20261007_p000_s2_unsplit/partition_1 --output /home/ztr/KG/dist_work/conflict25_20261007_p000_s2_unsplit/partition_1/mapping.ttl
[sh] /home/ztr/miniconda3/bin/python3 normalize_mapping.py --mapping delta_mapping_base.ttl --data-dir /home/ztr/KG/dist_work/conflict25_20261007_p000_s2_unsplit/partition_2 --output /home/ztr/KG/dist_work/conflict25_20261007_p000_s2_unsplit/partition_2/mapping.ttl
[sh] /home/ztr/miniconda3/bin/python3 normalize_mapping.py --mapping delta_mapping_base.ttl --data-dir /home/ztr/KG/dist_work/conflict25_20261007_p000_s2_unsplit/partition_3 --output /home/ztr/KG/dist_work/conflict25_20261007_p000_s2_unsplit/partition_3/mapping.ttl
[dispatch] 已推送4个任务到tasks:queue
[result] conflict25_20261007_p000_s2_unsplit-p1 status=ok attempts=0 mapped=720ms worker=224f1d05f426 lock_wait=0ms (1/4)
[result] conflict25_20261007_p000_s2_unsplit-p3 status=ok attempts=0 mapped=709ms worker=3afaa8eff30f lock_wait=0ms (2/4)
[result] conflict25_20261007_p000_s2_unsplit-p2 status=ok attempts=1 mapped=609ms worker=272f43c5105c lock_wait=0ms (3/4)
[result] conflict25_20261007_p000_s2_unsplit-p0 status=ok attempts=1 mapped=716ms worker=a3945c4cc987 lock_wait=0ms (4/4)
[merge] 冲突注入模式: 按行去重后保留172062条 -> results/skew_subpartition_k4_conflict25_20261007/work_dist_conflict25_20261007_p000_s2_unsplit/merged_delta.nq
[sh] /home/ztr/miniconda3/bin/python3 compute_stale_iris.py --stale-file results/skew_subpartition_k4_conflict25_20261007/work_dist_conflict25_20261007_p000_s2_unsplit/stale/stop_times.txt --template http://transport.linkeddata.es/madrid/metro/stoptimes/{trip_id}-{stop_id}-{arrival_time} --output results/skew_subpartition_k4_conflict25_20261007/work_dist_conflict25_20261007_p000_s2_unsplit/stale_iris.txt
[sh] /home/ztr/miniconda3/bin/python3 apply_delta_to_graph.py --baseline results/baseline_graph_urbanos.nq --stale-iris results/skew_subpartition_k4_conflict25_20261007/work_dist_conflict25_20261007_p000_s2_unsplit/stale_iris.txt --delta results/skew_subpartition_k4_conflict25_20261007/work_dist_conflict25_20261007_p000_s2_unsplit/merged_delta.nq --output results/skew_subpartition_k4_conflict25_20261007/current_graph_check.nq

[done] 分布式增量更新完成: results/skew_subpartition_k4_conflict25_20261007/current_graph_check.nq
[done] 端到端耗时 10.51s -> results/skew_subpartition_k4_conflict25_20261007/time_distributed_conflict25_20261007_p000_s2_unsplit.log
agency.txt: insert=0, update=0, stale(待删除旧行)=0
calendar.txt: insert=0, update=0, stale(待删除旧行)=0
calendar_dates.txt: insert=0, update=0, stale(待删除旧行)=0
[跳过] fare_attributes.txt（无对照文件或未配置主键，delta_dir中保留原样）
[跳过] fare_rules.txt（无对照文件或未配置主键，delta_dir中保留原样）
[跳过] feed_info.txt（无对照文件或未配置主键，delta_dir中保留原样）
frequencies.txt: insert=0, update=0, stale(待删除旧行)=0
routes.txt: insert=0, update=0, stale(待删除旧行)=0
shapes.txt: insert=0, update=0, stale(待删除旧行)=0
stop_times.txt: insert=9559, update=19118, stale(待删除旧行)=28677
stops.txt: insert=0, update=0, stale(待删除旧行)=0
trips.txt: insert=0, update=0, stale(待删除旧行)=0

delta_rows: 28677
[完成] delta写入 results/skew_subpartition_k4_conflict25_20261007/work_dist_conflict25_20261007_p000_s2_split/delta，stale写入 results/skew_subpartition_k4_conflict25_20261007/work_dist_conflict25_20261007_p000_s2_split/stale
[done] 写入 /home/ztr/KG/dist_work/conflict25_20261007_p000_s2_split/partition_0/mapping.ttl；替换了 1 处source路径
[done] 写入 /home/ztr/KG/dist_work/conflict25_20261007_p000_s2_split/partition_1/mapping.ttl；替换了 1 处source路径
[done] 写入 /home/ztr/KG/dist_work/conflict25_20261007_p000_s2_split/partition_2/mapping.ttl；替换了 1 处source路径
[done] 写入 /home/ztr/KG/dist_work/conflict25_20261007_p000_s2_split/partition_3/mapping.ttl；替换了 1 处source路径
[done] 28677 条待删除IRI写入 results/skew_subpartition_k4_conflict25_20261007/work_dist_conflict25_20261007_p000_s2_split/stale_iris.txt
baseline=3774001, removed(按subject)=172141, delta_added=172062, updated=3773922
[sh] /home/ztr/miniconda3/bin/python3 compute_delta.py --before data/urbanos_before --after data/urbanos_skew_k4_p000_s2 --delta-dir results/skew_subpartition_k4_conflict25_20261007/work_dist_conflict25_20261007_p000_s2_split/delta --stale-dir results/skew_subpartition_k4_conflict25_20261007/work_dist_conflict25_20261007_p000_s2_split/stale
[partition] k=4, 各分区行数=[9109, 8951, 8750, 9036]
[sh] /home/ztr/miniconda3/bin/python3 normalize_mapping.py --mapping delta_mapping_base.ttl --data-dir /home/ztr/KG/dist_work/conflict25_20261007_p000_s2_split/partition_0 --output /home/ztr/KG/dist_work/conflict25_20261007_p000_s2_split/partition_0/mapping.ttl
[sh] /home/ztr/miniconda3/bin/python3 normalize_mapping.py --mapping delta_mapping_base.ttl --data-dir /home/ztr/KG/dist_work/conflict25_20261007_p000_s2_split/partition_1 --output /home/ztr/KG/dist_work/conflict25_20261007_p000_s2_split/partition_1/mapping.ttl
[sh] /home/ztr/miniconda3/bin/python3 normalize_mapping.py --mapping delta_mapping_base.ttl --data-dir /home/ztr/KG/dist_work/conflict25_20261007_p000_s2_split/partition_2 --output /home/ztr/KG/dist_work/conflict25_20261007_p000_s2_split/partition_2/mapping.ttl
[sh] /home/ztr/miniconda3/bin/python3 normalize_mapping.py --mapping delta_mapping_base.ttl --data-dir /home/ztr/KG/dist_work/conflict25_20261007_p000_s2_split/partition_3 --output /home/ztr/KG/dist_work/conflict25_20261007_p000_s2_split/partition_3/mapping.ttl
[dispatch] 已推送4个任务到tasks:queue
[result] conflict25_20261007_p000_s2_split-p3 status=ok attempts=0 mapped=654ms worker=3afaa8eff30f lock_wait=0ms (1/4)
[result] conflict25_20261007_p000_s2_split-p1 status=ok attempts=0 mapped=693ms worker=224f1d05f426 lock_wait=0ms (2/4)
[result] conflict25_20261007_p000_s2_split-p0 status=ok attempts=1 mapped=637ms worker=272f43c5105c lock_wait=0ms (3/4)
[result] conflict25_20261007_p000_s2_split-p2 status=ok attempts=1 mapped=626ms worker=a3945c4cc987 lock_wait=0ms (4/4)
[merge] 冲突注入模式: 按行去重后保留172062条 -> results/skew_subpartition_k4_conflict25_20261007/work_dist_conflict25_20261007_p000_s2_split/merged_delta.nq
[sh] /home/ztr/miniconda3/bin/python3 compute_stale_iris.py --stale-file results/skew_subpartition_k4_conflict25_20261007/work_dist_conflict25_20261007_p000_s2_split/stale/stop_times.txt --template http://transport.linkeddata.es/madrid/metro/stoptimes/{trip_id}-{stop_id}-{arrival_time} --output results/skew_subpartition_k4_conflict25_20261007/work_dist_conflict25_20261007_p000_s2_split/stale_iris.txt
[sh] /home/ztr/miniconda3/bin/python3 apply_delta_to_graph.py --baseline results/baseline_graph_urbanos.nq --stale-iris results/skew_subpartition_k4_conflict25_20261007/work_dist_conflict25_20261007_p000_s2_split/stale_iris.txt --delta results/skew_subpartition_k4_conflict25_20261007/work_dist_conflict25_20261007_p000_s2_split/merged_delta.nq --output results/skew_subpartition_k4_conflict25_20261007/current_graph_check.nq

[done] 分布式增量更新完成: results/skew_subpartition_k4_conflict25_20261007/current_graph_check.nq
[done] 端到端耗时 10.48s -> results/skew_subpartition_k4_conflict25_20261007/time_distributed_conflict25_20261007_p000_s2_split.log
[subpartition] verified delta p=000 seed=2
agency.txt: insert=0, update=0, stale(待删除旧行)=0
calendar.txt: insert=0, update=0, stale(待删除旧行)=0
calendar_dates.txt: insert=0, update=0, stale(待删除旧行)=0
[跳过] fare_attributes.txt（无对照文件或未配置主键，delta_dir中保留原样）
[跳过] fare_rules.txt（无对照文件或未配置主键，delta_dir中保留原样）
[跳过] feed_info.txt（无对照文件或未配置主键，delta_dir中保留原样）
frequencies.txt: insert=0, update=0, stale(待删除旧行)=0
routes.txt: insert=0, update=0, stale(待删除旧行)=0
shapes.txt: insert=0, update=0, stale(待删除旧行)=0
stop_times.txt: insert=9559, update=19118, stale(待删除旧行)=28677
stops.txt: insert=0, update=0, stale(待删除旧行)=0
trips.txt: insert=0, update=0, stale(待删除旧行)=0

delta_rows: 28677
[完成] delta写入 results/skew_subpartition_k4_conflict25_20261007/work_dist_conflict25_20261007_p050_s3_split/delta，stale写入 results/skew_subpartition_k4_conflict25_20261007/work_dist_conflict25_20261007_p050_s3_split/stale
[done] 写入 /home/ztr/KG/dist_work/conflict25_20261007_p050_s3_split/partition_0/subpartition_0/mapping.ttl；替换了 1 处source路径
[done] 写入 /home/ztr/KG/dist_work/conflict25_20261007_p050_s3_split/partition_0/subpartition_1/mapping.ttl；替换了 1 处source路径
[done] 写入 /home/ztr/KG/dist_work/conflict25_20261007_p050_s3_split/partition_0/subpartition_2/mapping.ttl；替换了 1 处source路径
[done] 写入 /home/ztr/KG/dist_work/conflict25_20261007_p050_s3_split/partition_0/subpartition_3/mapping.ttl；替换了 1 处source路径
[done] 写入 /home/ztr/KG/dist_work/conflict25_20261007_p050_s3_split/partition_1/mapping.ttl；替换了 1 处source路径
[done] 写入 /home/ztr/KG/dist_work/conflict25_20261007_p050_s3_split/partition_2/mapping.ttl；替换了 1 处source路径
[done] 写入 /home/ztr/KG/dist_work/conflict25_20261007_p050_s3_split/partition_3/mapping.ttl；替换了 1 处source路径
[done] 28677 条待删除IRI写入 results/skew_subpartition_k4_conflict25_20261007/work_dist_conflict25_20261007_p050_s3_split/stale_iris.txt
baseline=3774001, removed(按subject)=172135, delta_added=172062, updated=3773928
[sh] /home/ztr/miniconda3/bin/python3 compute_delta.py --before data/urbanos_before --after data/urbanos_skew_k4_p050_s3 --delta-dir results/skew_subpartition_k4_conflict25_20261007/work_dist_conflict25_20261007_p050_s3_split/delta --stale-dir results/skew_subpartition_k4_conflict25_20261007/work_dist_conflict25_20261007_p050_s3_split/stale
[partition] k=4, 各分区行数=[18650, 8126, 4483, 4587]
[sh] /home/ztr/miniconda3/bin/python3 normalize_mapping.py --mapping delta_mapping_base.ttl --data-dir /home/ztr/KG/dist_work/conflict25_20261007_p050_s3_split/partition_0/subpartition_0 --output /home/ztr/KG/dist_work/conflict25_20261007_p050_s3_split/partition_0/subpartition_0/mapping.ttl
[sh] /home/ztr/miniconda3/bin/python3 normalize_mapping.py --mapping delta_mapping_base.ttl --data-dir /home/ztr/KG/dist_work/conflict25_20261007_p050_s3_split/partition_0/subpartition_1 --output /home/ztr/KG/dist_work/conflict25_20261007_p050_s3_split/partition_0/subpartition_1/mapping.ttl
[sh] /home/ztr/miniconda3/bin/python3 normalize_mapping.py --mapping delta_mapping_base.ttl --data-dir /home/ztr/KG/dist_work/conflict25_20261007_p050_s3_split/partition_0/subpartition_2 --output /home/ztr/KG/dist_work/conflict25_20261007_p050_s3_split/partition_0/subpartition_2/mapping.ttl
[sh] /home/ztr/miniconda3/bin/python3 normalize_mapping.py --mapping delta_mapping_base.ttl --data-dir /home/ztr/KG/dist_work/conflict25_20261007_p050_s3_split/partition_0/subpartition_3 --output /home/ztr/KG/dist_work/conflict25_20261007_p050_s3_split/partition_0/subpartition_3/mapping.ttl
[sh] /home/ztr/miniconda3/bin/python3 normalize_mapping.py --mapping delta_mapping_base.ttl --data-dir /home/ztr/KG/dist_work/conflict25_20261007_p050_s3_split/partition_1 --output /home/ztr/KG/dist_work/conflict25_20261007_p050_s3_split/partition_1/mapping.ttl
[sh] /home/ztr/miniconda3/bin/python3 normalize_mapping.py --mapping delta_mapping_base.ttl --data-dir /home/ztr/KG/dist_work/conflict25_20261007_p050_s3_split/partition_2 --output /home/ztr/KG/dist_work/conflict25_20261007_p050_s3_split/partition_2/mapping.ttl
[sh] /home/ztr/miniconda3/bin/python3 normalize_mapping.py --mapping delta_mapping_base.ttl --data-dir /home/ztr/KG/dist_work/conflict25_20261007_p050_s3_split/partition_3 --output /home/ztr/KG/dist_work/conflict25_20261007_p050_s3_split/partition_3/mapping.ttl
[dispatch] 已推送7个任务到tasks:queue
[result] conflict25_20261007_p050_s3_split-p1 status=ok attempts=0 mapped=570ms worker=224f1d05f426 lock_wait=0ms (1/7)
[result] conflict25_20261007_p050_s3_split-p3 status=ok attempts=0 mapped=332ms worker=3afaa8eff30f lock_wait=0ms (2/7)
[result] conflict25_20261007_p050_s3_split-p0-s2 status=ok attempts=0 mapped=297ms worker=3afaa8eff30f lock_wait=0ms (3/7)
[result] conflict25_20261007_p050_s3_split-p0-s1 status=ok attempts=0 mapped=318ms worker=224f1d05f426 lock_wait=0ms (4/7)
[result] conflict25_20261007_p050_s3_split-p0-s0 status=ok attempts=1 mapped=364ms worker=272f43c5105c lock_wait=0ms (5/7)
[result] conflict25_20261007_p050_s3_split-p2 status=ok attempts=1 mapped=519ms worker=a3945c4cc987 lock_wait=0ms (6/7)
[result] conflict25_20261007_p050_s3_split-p0-s3 status=ok attempts=0 mapped=278ms worker=3afaa8eff30f lock_wait=0ms (7/7)
[merge] 冲突注入模式: 按行去重后保留172062条 -> results/skew_subpartition_k4_conflict25_20261007/work_dist_conflict25_20261007_p050_s3_split/merged_delta.nq
[sh] /home/ztr/miniconda3/bin/python3 compute_stale_iris.py --stale-file results/skew_subpartition_k4_conflict25_20261007/work_dist_conflict25_20261007_p050_s3_split/stale/stop_times.txt --template http://transport.linkeddata.es/madrid/metro/stoptimes/{trip_id}-{stop_id}-{arrival_time} --output results/skew_subpartition_k4_conflict25_20261007/work_dist_conflict25_20261007_p050_s3_split/stale_iris.txt
[sh] /home/ztr/miniconda3/bin/python3 apply_delta_to_graph.py --baseline results/baseline_graph_urbanos.nq --stale-iris results/skew_subpartition_k4_conflict25_20261007/work_dist_conflict25_20261007_p050_s3_split/stale_iris.txt --delta results/skew_subpartition_k4_conflict25_20261007/work_dist_conflict25_20261007_p050_s3_split/merged_delta.nq --output results/skew_subpartition_k4_conflict25_20261007/current_graph_check.nq

[done] 分布式增量更新完成: results/skew_subpartition_k4_conflict25_20261007/current_graph_check.nq
[done] 端到端耗时 9.48s -> results/skew_subpartition_k4_conflict25_20261007/time_distributed_conflict25_20261007_p050_s3_split.log
agency.txt: insert=0, update=0, stale(待删除旧行)=0
calendar.txt: insert=0, update=0, stale(待删除旧行)=0
calendar_dates.txt: insert=0, update=0, stale(待删除旧行)=0
[跳过] fare_attributes.txt（无对照文件或未配置主键，delta_dir中保留原样）
[跳过] fare_rules.txt（无对照文件或未配置主键，delta_dir中保留原样）
[跳过] feed_info.txt（无对照文件或未配置主键，delta_dir中保留原样）
frequencies.txt: insert=0, update=0, stale(待删除旧行)=0
routes.txt: insert=0, update=0, stale(待删除旧行)=0
shapes.txt: insert=0, update=0, stale(待删除旧行)=0
stop_times.txt: insert=9559, update=19118, stale(待删除旧行)=28677
stops.txt: insert=0, update=0, stale(待删除旧行)=0
trips.txt: insert=0, update=0, stale(待删除旧行)=0

delta_rows: 28677
[完成] delta写入 results/skew_subpartition_k4_conflict25_20261007/work_dist_conflict25_20261007_p050_s3_unsplit/delta，stale写入 results/skew_subpartition_k4_conflict25_20261007/work_dist_conflict25_20261007_p050_s3_unsplit/stale
[done] 写入 /home/ztr/KG/dist_work/conflict25_20261007_p050_s3_unsplit/partition_0/mapping.ttl；替换了 1 处source路径
[done] 写入 /home/ztr/KG/dist_work/conflict25_20261007_p050_s3_unsplit/partition_1/mapping.ttl；替换了 1 处source路径
[done] 写入 /home/ztr/KG/dist_work/conflict25_20261007_p050_s3_unsplit/partition_2/mapping.ttl；替换了 1 处source路径
[done] 写入 /home/ztr/KG/dist_work/conflict25_20261007_p050_s3_unsplit/partition_3/mapping.ttl；替换了 1 处source路径
[done] 28677 条待删除IRI写入 results/skew_subpartition_k4_conflict25_20261007/work_dist_conflict25_20261007_p050_s3_unsplit/stale_iris.txt
baseline=3774001, removed(按subject)=172135, delta_added=172062, updated=3773928
[sh] /home/ztr/miniconda3/bin/python3 compute_delta.py --before data/urbanos_before --after data/urbanos_skew_k4_p050_s3 --delta-dir results/skew_subpartition_k4_conflict25_20261007/work_dist_conflict25_20261007_p050_s3_unsplit/delta --stale-dir results/skew_subpartition_k4_conflict25_20261007/work_dist_conflict25_20261007_p050_s3_unsplit/stale
[partition] k=4, 各分区行数=[18650, 8126, 4483, 4587]
[sh] /home/ztr/miniconda3/bin/python3 normalize_mapping.py --mapping delta_mapping_base.ttl --data-dir /home/ztr/KG/dist_work/conflict25_20261007_p050_s3_unsplit/partition_0 --output /home/ztr/KG/dist_work/conflict25_20261007_p050_s3_unsplit/partition_0/mapping.ttl
[sh] /home/ztr/miniconda3/bin/python3 normalize_mapping.py --mapping delta_mapping_base.ttl --data-dir /home/ztr/KG/dist_work/conflict25_20261007_p050_s3_unsplit/partition_1 --output /home/ztr/KG/dist_work/conflict25_20261007_p050_s3_unsplit/partition_1/mapping.ttl
[sh] /home/ztr/miniconda3/bin/python3 normalize_mapping.py --mapping delta_mapping_base.ttl --data-dir /home/ztr/KG/dist_work/conflict25_20261007_p050_s3_unsplit/partition_2 --output /home/ztr/KG/dist_work/conflict25_20261007_p050_s3_unsplit/partition_2/mapping.ttl
[sh] /home/ztr/miniconda3/bin/python3 normalize_mapping.py --mapping delta_mapping_base.ttl --data-dir /home/ztr/KG/dist_work/conflict25_20261007_p050_s3_unsplit/partition_3 --output /home/ztr/KG/dist_work/conflict25_20261007_p050_s3_unsplit/partition_3/mapping.ttl
[dispatch] 已推送4个任务到tasks:queue
[result] conflict25_20261007_p050_s3_unsplit-p2 status=ok attempts=0 mapped=426ms worker=272f43c5105c lock_wait=0ms (1/4)
[result] conflict25_20261007_p050_s3_unsplit-p0 status=ok attempts=0 mapped=1325ms worker=224f1d05f426 lock_wait=0ms (2/4)
[result] conflict25_20261007_p050_s3_unsplit-p1 status=ok attempts=1 mapped=620ms worker=a3945c4cc987 lock_wait=0ms (3/4)
[result] conflict25_20261007_p050_s3_unsplit-p3 status=ok attempts=1 mapped=400ms worker=3afaa8eff30f lock_wait=0ms (4/4)
[merge] 冲突注入模式: 按行去重后保留172062条 -> results/skew_subpartition_k4_conflict25_20261007/work_dist_conflict25_20261007_p050_s3_unsplit/merged_delta.nq
[sh] /home/ztr/miniconda3/bin/python3 compute_stale_iris.py --stale-file results/skew_subpartition_k4_conflict25_20261007/work_dist_conflict25_20261007_p050_s3_unsplit/stale/stop_times.txt --template http://transport.linkeddata.es/madrid/metro/stoptimes/{trip_id}-{stop_id}-{arrival_time} --output results/skew_subpartition_k4_conflict25_20261007/work_dist_conflict25_20261007_p050_s3_unsplit/stale_iris.txt
[sh] /home/ztr/miniconda3/bin/python3 apply_delta_to_graph.py --baseline results/baseline_graph_urbanos.nq --stale-iris results/skew_subpartition_k4_conflict25_20261007/work_dist_conflict25_20261007_p050_s3_unsplit/stale_iris.txt --delta results/skew_subpartition_k4_conflict25_20261007/work_dist_conflict25_20261007_p050_s3_unsplit/merged_delta.nq --output results/skew_subpartition_k4_conflict25_20261007/current_graph_check.nq

[done] 分布式增量更新完成: results/skew_subpartition_k4_conflict25_20261007/current_graph_check.nq
[done] 端到端耗时 11.71s -> results/skew_subpartition_k4_conflict25_20261007/time_distributed_conflict25_20261007_p050_s3_unsplit.log
[subpartition] verified delta p=050 seed=3
agency.txt: insert=0, update=0, stale(待删除旧行)=0
calendar.txt: insert=0, update=0, stale(待删除旧行)=0
calendar_dates.txt: insert=0, update=0, stale(待删除旧行)=0
[跳过] fare_attributes.txt（无对照文件或未配置主键，delta_dir中保留原样）
[跳过] fare_rules.txt（无对照文件或未配置主键，delta_dir中保留原样）
[跳过] feed_info.txt（无对照文件或未配置主键，delta_dir中保留原样）
frequencies.txt: insert=0, update=0, stale(待删除旧行)=0
routes.txt: insert=0, update=0, stale(待删除旧行)=0
shapes.txt: insert=0, update=0, stale(待删除旧行)=0
stop_times.txt: insert=9559, update=19118, stale(待删除旧行)=28677
stops.txt: insert=0, update=0, stale(待删除旧行)=0
trips.txt: insert=0, update=0, stale(待删除旧行)=0

delta_rows: 28677
[完成] delta写入 results/skew_subpartition_k4_conflict25_20261007/work_dist_conflict25_20261007_p075_s3_unsplit/delta，stale写入 results/skew_subpartition_k4_conflict25_20261007/work_dist_conflict25_20261007_p075_s3_unsplit/stale
[done] 写入 /home/ztr/KG/dist_work/conflict25_20261007_p075_s3_unsplit/partition_0/mapping.ttl；替换了 1 处source路径
[done] 写入 /home/ztr/KG/dist_work/conflict25_20261007_p075_s3_unsplit/partition_1/mapping.ttl；替换了 1 处source路径
[done] 写入 /home/ztr/KG/dist_work/conflict25_20261007_p075_s3_unsplit/partition_2/mapping.ttl；替换了 1 处source路径
[done] 写入 /home/ztr/KG/dist_work/conflict25_20261007_p075_s3_unsplit/partition_3/mapping.ttl；替换了 1 处source路径
[done] 28677 条待删除IRI写入 results/skew_subpartition_k4_conflict25_20261007/work_dist_conflict25_20261007_p075_s3_unsplit/stale_iris.txt
baseline=3774001, removed(按subject)=172107, delta_added=172042, updated=3773936
[sh] /home/ztr/miniconda3/bin/python3 compute_delta.py --before data/urbanos_before --after data/urbanos_skew_k4_p075_s3 --delta-dir results/skew_subpartition_k4_conflict25_20261007/work_dist_conflict25_20261007_p075_s3_unsplit/delta --stale-dir results/skew_subpartition_k4_conflict25_20261007/work_dist_conflict25_20261007_p075_s3_unsplit/stale
[partition] k=4, 各分区行数=[23655, 7707, 2160, 2324]
[sh] /home/ztr/miniconda3/bin/python3 normalize_mapping.py --mapping delta_mapping_base.ttl --data-dir /home/ztr/KG/dist_work/conflict25_20261007_p075_s3_unsplit/partition_0 --output /home/ztr/KG/dist_work/conflict25_20261007_p075_s3_unsplit/partition_0/mapping.ttl
[sh] /home/ztr/miniconda3/bin/python3 normalize_mapping.py --mapping delta_mapping_base.ttl --data-dir /home/ztr/KG/dist_work/conflict25_20261007_p075_s3_unsplit/partition_1 --output /home/ztr/KG/dist_work/conflict25_20261007_p075_s3_unsplit/partition_1/mapping.ttl
[sh] /home/ztr/miniconda3/bin/python3 normalize_mapping.py --mapping delta_mapping_base.ttl --data-dir /home/ztr/KG/dist_work/conflict25_20261007_p075_s3_unsplit/partition_2 --output /home/ztr/KG/dist_work/conflict25_20261007_p075_s3_unsplit/partition_2/mapping.ttl
[sh] /home/ztr/miniconda3/bin/python3 normalize_mapping.py --mapping delta_mapping_base.ttl --data-dir /home/ztr/KG/dist_work/conflict25_20261007_p075_s3_unsplit/partition_3 --output /home/ztr/KG/dist_work/conflict25_20261007_p075_s3_unsplit/partition_3/mapping.ttl
[dispatch] 已推送4个任务到tasks:queue
[result] conflict25_20261007_p075_s3_unsplit-p2 status=ok attempts=0 mapped=170ms worker=3afaa8eff30f lock_wait=0ms (1/4)
[result] conflict25_20261007_p075_s3_unsplit-p0 status=ok attempts=0 mapped=1732ms worker=a3945c4cc987 lock_wait=0ms (2/4)
[result] conflict25_20261007_p075_s3_unsplit-p3 status=ok attempts=1 mapped=176ms worker=224f1d05f426 lock_wait=0ms (3/4)
[result] conflict25_20261007_p075_s3_unsplit-p1 status=ok attempts=1 mapped=524ms worker=272f43c5105c lock_wait=0ms (4/4)
[merge] 冲突注入模式: 按行去重后保留172042条 -> results/skew_subpartition_k4_conflict25_20261007/work_dist_conflict25_20261007_p075_s3_unsplit/merged_delta.nq
[sh] /home/ztr/miniconda3/bin/python3 compute_stale_iris.py --stale-file results/skew_subpartition_k4_conflict25_20261007/work_dist_conflict25_20261007_p075_s3_unsplit/stale/stop_times.txt --template http://transport.linkeddata.es/madrid/metro/stoptimes/{trip_id}-{stop_id}-{arrival_time} --output results/skew_subpartition_k4_conflict25_20261007/work_dist_conflict25_20261007_p075_s3_unsplit/stale_iris.txt
[sh] /home/ztr/miniconda3/bin/python3 apply_delta_to_graph.py --baseline results/baseline_graph_urbanos.nq --stale-iris results/skew_subpartition_k4_conflict25_20261007/work_dist_conflict25_20261007_p075_s3_unsplit/stale_iris.txt --delta results/skew_subpartition_k4_conflict25_20261007/work_dist_conflict25_20261007_p075_s3_unsplit/merged_delta.nq --output results/skew_subpartition_k4_conflict25_20261007/current_graph_check.nq

[done] 分布式增量更新完成: results/skew_subpartition_k4_conflict25_20261007/current_graph_check.nq
[done] 端到端耗时 11.17s -> results/skew_subpartition_k4_conflict25_20261007/time_distributed_conflict25_20261007_p075_s3_unsplit.log
agency.txt: insert=0, update=0, stale(待删除旧行)=0
calendar.txt: insert=0, update=0, stale(待删除旧行)=0
calendar_dates.txt: insert=0, update=0, stale(待删除旧行)=0
[跳过] fare_attributes.txt（无对照文件或未配置主键，delta_dir中保留原样）
[跳过] fare_rules.txt（无对照文件或未配置主键，delta_dir中保留原样）
[跳过] feed_info.txt（无对照文件或未配置主键，delta_dir中保留原样）
frequencies.txt: insert=0, update=0, stale(待删除旧行)=0
routes.txt: insert=0, update=0, stale(待删除旧行)=0
shapes.txt: insert=0, update=0, stale(待删除旧行)=0
stop_times.txt: insert=9559, update=19118, stale(待删除旧行)=28677
stops.txt: insert=0, update=0, stale(待删除旧行)=0
trips.txt: insert=0, update=0, stale(待删除旧行)=0

delta_rows: 28677
[完成] delta写入 results/skew_subpartition_k4_conflict25_20261007/work_dist_conflict25_20261007_p075_s3_split/delta，stale写入 results/skew_subpartition_k4_conflict25_20261007/work_dist_conflict25_20261007_p075_s3_split/stale
[done] 写入 /home/ztr/KG/dist_work/conflict25_20261007_p075_s3_split/partition_0/subpartition_0/mapping.ttl；替换了 1 处source路径
[done] 写入 /home/ztr/KG/dist_work/conflict25_20261007_p075_s3_split/partition_0/subpartition_1/mapping.ttl；替换了 1 处source路径
[done] 写入 /home/ztr/KG/dist_work/conflict25_20261007_p075_s3_split/partition_0/subpartition_2/mapping.ttl；替换了 1 处source路径
[done] 写入 /home/ztr/KG/dist_work/conflict25_20261007_p075_s3_split/partition_0/subpartition_3/mapping.ttl；替换了 1 处source路径
[done] 写入 /home/ztr/KG/dist_work/conflict25_20261007_p075_s3_split/partition_1/mapping.ttl；替换了 1 处source路径
[done] 写入 /home/ztr/KG/dist_work/conflict25_20261007_p075_s3_split/partition_2/mapping.ttl；替换了 1 处source路径
[done] 写入 /home/ztr/KG/dist_work/conflict25_20261007_p075_s3_split/partition_3/mapping.ttl；替换了 1 处source路径
[done] 28677 条待删除IRI写入 results/skew_subpartition_k4_conflict25_20261007/work_dist_conflict25_20261007_p075_s3_split/stale_iris.txt
baseline=3774001, removed(按subject)=172107, delta_added=172042, updated=3773936
[sh] /home/ztr/miniconda3/bin/python3 compute_delta.py --before data/urbanos_before --after data/urbanos_skew_k4_p075_s3 --delta-dir results/skew_subpartition_k4_conflict25_20261007/work_dist_conflict25_20261007_p075_s3_split/delta --stale-dir results/skew_subpartition_k4_conflict25_20261007/work_dist_conflict25_20261007_p075_s3_split/stale
[partition] k=4, 各分区行数=[23655, 7707, 2160, 2324]
[sh] /home/ztr/miniconda3/bin/python3 normalize_mapping.py --mapping delta_mapping_base.ttl --data-dir /home/ztr/KG/dist_work/conflict25_20261007_p075_s3_split/partition_0/subpartition_0 --output /home/ztr/KG/dist_work/conflict25_20261007_p075_s3_split/partition_0/subpartition_0/mapping.ttl
[sh] /home/ztr/miniconda3/bin/python3 normalize_mapping.py --mapping delta_mapping_base.ttl --data-dir /home/ztr/KG/dist_work/conflict25_20261007_p075_s3_split/partition_0/subpartition_1 --output /home/ztr/KG/dist_work/conflict25_20261007_p075_s3_split/partition_0/subpartition_1/mapping.ttl
[sh] /home/ztr/miniconda3/bin/python3 normalize_mapping.py --mapping delta_mapping_base.ttl --data-dir /home/ztr/KG/dist_work/conflict25_20261007_p075_s3_split/partition_0/subpartition_2 --output /home/ztr/KG/dist_work/conflict25_20261007_p075_s3_split/partition_0/subpartition_2/mapping.ttl
[sh] /home/ztr/miniconda3/bin/python3 normalize_mapping.py --mapping delta_mapping_base.ttl --data-dir /home/ztr/KG/dist_work/conflict25_20261007_p075_s3_split/partition_0/subpartition_3 --output /home/ztr/KG/dist_work/conflict25_20261007_p075_s3_split/partition_0/subpartition_3/mapping.ttl
[sh] /home/ztr/miniconda3/bin/python3 normalize_mapping.py --mapping delta_mapping_base.ttl --data-dir /home/ztr/KG/dist_work/conflict25_20261007_p075_s3_split/partition_1 --output /home/ztr/KG/dist_work/conflict25_20261007_p075_s3_split/partition_1/mapping.ttl
[sh] /home/ztr/miniconda3/bin/python3 normalize_mapping.py --mapping delta_mapping_base.ttl --data-dir /home/ztr/KG/dist_work/conflict25_20261007_p075_s3_split/partition_2 --output /home/ztr/KG/dist_work/conflict25_20261007_p075_s3_split/partition_2/mapping.ttl
[sh] /home/ztr/miniconda3/bin/python3 normalize_mapping.py --mapping delta_mapping_base.ttl --data-dir /home/ztr/KG/dist_work/conflict25_20261007_p075_s3_split/partition_3 --output /home/ztr/KG/dist_work/conflict25_20261007_p075_s3_split/partition_3/mapping.ttl
[dispatch] 已推送7个任务到tasks:queue
[result] conflict25_20261007_p075_s3_split-p1 status=ok attempts=0 mapped=615ms worker=3afaa8eff30f lock_wait=0ms (1/7)
[result] conflict25_20261007_p075_s3_split-p3 status=ok attempts=0 mapped=182ms worker=a3945c4cc987 lock_wait=0ms (2/7)
[result] conflict25_20261007_p075_s3_split-p0-s2 status=ok attempts=0 mapped=417ms worker=a3945c4cc987 lock_wait=0ms (3/7)
[result] conflict25_20261007_p075_s3_split-p2 status=ok attempts=1 mapped=163ms worker=272f43c5105c lock_wait=0ms (4/7)
[result] conflict25_20261007_p075_s3_split-p0-s0 status=ok attempts=1 mapped=526ms worker=224f1d05f426 lock_wait=0ms (5/7)
[result] conflict25_20261007_p075_s3_split-p0-s1 status=ok attempts=0 mapped=524ms worker=3afaa8eff30f lock_wait=0ms (6/7)
[result] conflict25_20261007_p075_s3_split-p0-s3 status=ok attempts=0 mapped=433ms worker=272f43c5105c lock_wait=0ms (7/7)
[merge] 冲突注入模式: 按行去重后保留172042条 -> results/skew_subpartition_k4_conflict25_20261007/work_dist_conflict25_20261007_p075_s3_split/merged_delta.nq
[sh] /home/ztr/miniconda3/bin/python3 compute_stale_iris.py --stale-file results/skew_subpartition_k4_conflict25_20261007/work_dist_conflict25_20261007_p075_s3_split/stale/stop_times.txt --template http://transport.linkeddata.es/madrid/metro/stoptimes/{trip_id}-{stop_id}-{arrival_time} --output results/skew_subpartition_k4_conflict25_20261007/work_dist_conflict25_20261007_p075_s3_split/stale_iris.txt
[sh] /home/ztr/miniconda3/bin/python3 apply_delta_to_graph.py --baseline results/baseline_graph_urbanos.nq --stale-iris results/skew_subpartition_k4_conflict25_20261007/work_dist_conflict25_20261007_p075_s3_split/stale_iris.txt --delta results/skew_subpartition_k4_conflict25_20261007/work_dist_conflict25_20261007_p075_s3_split/merged_delta.nq --output results/skew_subpartition_k4_conflict25_20261007/current_graph_check.nq

[done] 分布式增量更新完成: results/skew_subpartition_k4_conflict25_20261007/current_graph_check.nq
[done] 端到端耗时 9.80s -> results/skew_subpartition_k4_conflict25_20261007/time_distributed_conflict25_20261007_p075_s3_split.log
[subpartition] verified delta p=075 seed=3
agency.txt: insert=0, update=0, stale(待删除旧行)=0
calendar.txt: insert=0, update=0, stale(待删除旧行)=0
calendar_dates.txt: insert=0, update=0, stale(待删除旧行)=0
[跳过] fare_attributes.txt（无对照文件或未配置主键，delta_dir中保留原样）
[跳过] fare_rules.txt（无对照文件或未配置主键，delta_dir中保留原样）
[跳过] feed_info.txt（无对照文件或未配置主键，delta_dir中保留原样）
frequencies.txt: insert=0, update=0, stale(待删除旧行)=0
routes.txt: insert=0, update=0, stale(待删除旧行)=0
shapes.txt: insert=0, update=0, stale(待删除旧行)=0
stop_times.txt: insert=9559, update=19118, stale(待删除旧行)=28677
stops.txt: insert=0, update=0, stale(待删除旧行)=0
trips.txt: insert=0, update=0, stale(待删除旧行)=0

delta_rows: 28677
[完成] delta写入 results/skew_subpartition_k4_conflict25_20261007/work_dist_conflict25_20261007_p100_s3_split/delta，stale写入 results/skew_subpartition_k4_conflict25_20261007/work_dist_conflict25_20261007_p100_s3_split/stale
[done] 写入 /home/ztr/KG/dist_work/conflict25_20261007_p100_s3_split/partition_0/subpartition_0/mapping.ttl；替换了 1 处source路径
[done] 写入 /home/ztr/KG/dist_work/conflict25_20261007_p100_s3_split/partition_0/subpartition_1/mapping.ttl；替换了 1 处source路径
[done] 写入 /home/ztr/KG/dist_work/conflict25_20261007_p100_s3_split/partition_0/subpartition_2/mapping.ttl；替换了 1 处source路径
[done] 写入 /home/ztr/KG/dist_work/conflict25_20261007_p100_s3_split/partition_0/subpartition_3/mapping.ttl；替换了 1 处source路径
[done] 写入 /home/ztr/KG/dist_work/conflict25_20261007_p100_s3_split/partition_1/mapping.ttl；替换了 1 处source路径
[done] 写入 /home/ztr/KG/dist_work/conflict25_20261007_p100_s3_split/partition_2/mapping.ttl；替换了 1 处source路径
[done] 写入 /home/ztr/KG/dist_work/conflict25_20261007_p100_s3_split/partition_3/mapping.ttl；替换了 1 处source路径
[done] 28677 条待删除IRI写入 results/skew_subpartition_k4_conflict25_20261007/work_dist_conflict25_20261007_p100_s3_split/stale_iris.txt
baseline=3774001, removed(按subject)=172122, delta_added=172047, updated=3773926
[sh] /home/ztr/miniconda3/bin/python3 compute_delta.py --before data/urbanos_before --after data/urbanos_skew_k4_p100_s3 --delta-dir results/skew_subpartition_k4_conflict25_20261007/work_dist_conflict25_20261007_p100_s3_split/delta --stale-dir results/skew_subpartition_k4_conflict25_20261007/work_dist_conflict25_20261007_p100_s3_split/stale
[partition] k=4, 各分区行数=[28677, 7169, 0, 0]
[sh] /home/ztr/miniconda3/bin/python3 normalize_mapping.py --mapping delta_mapping_base.ttl --data-dir /home/ztr/KG/dist_work/conflict25_20261007_p100_s3_split/partition_0/subpartition_0 --output /home/ztr/KG/dist_work/conflict25_20261007_p100_s3_split/partition_0/subpartition_0/mapping.ttl
[sh] /home/ztr/miniconda3/bin/python3 normalize_mapping.py --mapping delta_mapping_base.ttl --data-dir /home/ztr/KG/dist_work/conflict25_20261007_p100_s3_split/partition_0/subpartition_1 --output /home/ztr/KG/dist_work/conflict25_20261007_p100_s3_split/partition_0/subpartition_1/mapping.ttl
[sh] /home/ztr/miniconda3/bin/python3 normalize_mapping.py --mapping delta_mapping_base.ttl --data-dir /home/ztr/KG/dist_work/conflict25_20261007_p100_s3_split/partition_0/subpartition_2 --output /home/ztr/KG/dist_work/conflict25_20261007_p100_s3_split/partition_0/subpartition_2/mapping.ttl
[sh] /home/ztr/miniconda3/bin/python3 normalize_mapping.py --mapping delta_mapping_base.ttl --data-dir /home/ztr/KG/dist_work/conflict25_20261007_p100_s3_split/partition_0/subpartition_3 --output /home/ztr/KG/dist_work/conflict25_20261007_p100_s3_split/partition_0/subpartition_3/mapping.ttl
[sh] /home/ztr/miniconda3/bin/python3 normalize_mapping.py --mapping delta_mapping_base.ttl --data-dir /home/ztr/KG/dist_work/conflict25_20261007_p100_s3_split/partition_1 --output /home/ztr/KG/dist_work/conflict25_20261007_p100_s3_split/partition_1/mapping.ttl
[sh] /home/ztr/miniconda3/bin/python3 normalize_mapping.py --mapping delta_mapping_base.ttl --data-dir /home/ztr/KG/dist_work/conflict25_20261007_p100_s3_split/partition_2 --output /home/ztr/KG/dist_work/conflict25_20261007_p100_s3_split/partition_2/mapping.ttl
[sh] /home/ztr/miniconda3/bin/python3 normalize_mapping.py --mapping delta_mapping_base.ttl --data-dir /home/ztr/KG/dist_work/conflict25_20261007_p100_s3_split/partition_3 --output /home/ztr/KG/dist_work/conflict25_20261007_p100_s3_split/partition_3/mapping.ttl
[dispatch] 已推送7个任务到tasks:queue
[result] conflict25_20261007_p100_s3_split-p3 status=ok attempts=0 mapped=0ms worker=272f43c5105c lock_wait=0ms (1/7)
[result] conflict25_20261007_p100_s3_split-p2 status=ok attempts=0 mapped=0ms worker=3afaa8eff30f lock_wait=0ms (2/7)
[result] conflict25_20261007_p100_s3_split-p0-s0 status=ok attempts=0 mapped=525ms worker=224f1d05f426 lock_wait=0ms (3/7)
[result] conflict25_20261007_p100_s3_split-p0-s2 status=ok attempts=0 mapped=446ms worker=272f43c5105c lock_wait=0ms (4/7)
[result] conflict25_20261007_p100_s3_split-p0-s1 status=ok attempts=0 mapped=521ms worker=3afaa8eff30f lock_wait=0ms (5/7)
[result] conflict25_20261007_p100_s3_split-p1 status=ok attempts=1 mapped=522ms worker=a3945c4cc987 lock_wait=0ms (6/7)
[result] conflict25_20261007_p100_s3_split-p0-s3 status=ok attempts=1 mapped=487ms worker=224f1d05f426 lock_wait=0ms (7/7)
[merge] 冲突注入模式: 按行去重后保留172047条 -> results/skew_subpartition_k4_conflict25_20261007/work_dist_conflict25_20261007_p100_s3_split/merged_delta.nq
[sh] /home/ztr/miniconda3/bin/python3 compute_stale_iris.py --stale-file results/skew_subpartition_k4_conflict25_20261007/work_dist_conflict25_20261007_p100_s3_split/stale/stop_times.txt --template http://transport.linkeddata.es/madrid/metro/stoptimes/{trip_id}-{stop_id}-{arrival_time} --output results/skew_subpartition_k4_conflict25_20261007/work_dist_conflict25_20261007_p100_s3_split/stale_iris.txt
[sh] /home/ztr/miniconda3/bin/python3 apply_delta_to_graph.py --baseline results/baseline_graph_urbanos.nq --stale-iris results/skew_subpartition_k4_conflict25_20261007/work_dist_conflict25_20261007_p100_s3_split/stale_iris.txt --delta results/skew_subpartition_k4_conflict25_20261007/work_dist_conflict25_20261007_p100_s3_split/merged_delta.nq --output results/skew_subpartition_k4_conflict25_20261007/current_graph_check.nq

[done] 分布式增量更新完成: results/skew_subpartition_k4_conflict25_20261007/current_graph_check.nq
[done] 端到端耗时 9.84s -> results/skew_subpartition_k4_conflict25_20261007/time_distributed_conflict25_20261007_p100_s3_split.log
agency.txt: insert=0, update=0, stale(待删除旧行)=0
calendar.txt: insert=0, update=0, stale(待删除旧行)=0
calendar_dates.txt: insert=0, update=0, stale(待删除旧行)=0
[跳过] fare_attributes.txt（无对照文件或未配置主键，delta_dir中保留原样）
[跳过] fare_rules.txt（无对照文件或未配置主键，delta_dir中保留原样）
[跳过] feed_info.txt（无对照文件或未配置主键，delta_dir中保留原样）
frequencies.txt: insert=0, update=0, stale(待删除旧行)=0
routes.txt: insert=0, update=0, stale(待删除旧行)=0
shapes.txt: insert=0, update=0, stale(待删除旧行)=0
stop_times.txt: insert=9559, update=19118, stale(待删除旧行)=28677
stops.txt: insert=0, update=0, stale(待删除旧行)=0
trips.txt: insert=0, update=0, stale(待删除旧行)=0

delta_rows: 28677
[完成] delta写入 results/skew_subpartition_k4_conflict25_20261007/work_dist_conflict25_20261007_p100_s3_unsplit/delta，stale写入 results/skew_subpartition_k4_conflict25_20261007/work_dist_conflict25_20261007_p100_s3_unsplit/stale
[done] 写入 /home/ztr/KG/dist_work/conflict25_20261007_p100_s3_unsplit/partition_0/mapping.ttl；替换了 1 处source路径
[done] 写入 /home/ztr/KG/dist_work/conflict25_20261007_p100_s3_unsplit/partition_1/mapping.ttl；替换了 1 处source路径
[done] 写入 /home/ztr/KG/dist_work/conflict25_20261007_p100_s3_unsplit/partition_2/mapping.ttl；替换了 1 处source路径
[done] 写入 /home/ztr/KG/dist_work/conflict25_20261007_p100_s3_unsplit/partition_3/mapping.ttl；替换了 1 处source路径
[done] 28677 条待删除IRI写入 results/skew_subpartition_k4_conflict25_20261007/work_dist_conflict25_20261007_p100_s3_unsplit/stale_iris.txt
baseline=3774001, removed(按subject)=172122, delta_added=172047, updated=3773926
[sh] /home/ztr/miniconda3/bin/python3 compute_delta.py --before data/urbanos_before --after data/urbanos_skew_k4_p100_s3 --delta-dir results/skew_subpartition_k4_conflict25_20261007/work_dist_conflict25_20261007_p100_s3_unsplit/delta --stale-dir results/skew_subpartition_k4_conflict25_20261007/work_dist_conflict25_20261007_p100_s3_unsplit/stale
[partition] k=4, 各分区行数=[28677, 7169, 0, 0]
[sh] /home/ztr/miniconda3/bin/python3 normalize_mapping.py --mapping delta_mapping_base.ttl --data-dir /home/ztr/KG/dist_work/conflict25_20261007_p100_s3_unsplit/partition_0 --output /home/ztr/KG/dist_work/conflict25_20261007_p100_s3_unsplit/partition_0/mapping.ttl
[sh] /home/ztr/miniconda3/bin/python3 normalize_mapping.py --mapping delta_mapping_base.ttl --data-dir /home/ztr/KG/dist_work/conflict25_20261007_p100_s3_unsplit/partition_1 --output /home/ztr/KG/dist_work/conflict25_20261007_p100_s3_unsplit/partition_1/mapping.ttl
[sh] /home/ztr/miniconda3/bin/python3 normalize_mapping.py --mapping delta_mapping_base.ttl --data-dir /home/ztr/KG/dist_work/conflict25_20261007_p100_s3_unsplit/partition_2 --output /home/ztr/KG/dist_work/conflict25_20261007_p100_s3_unsplit/partition_2/mapping.ttl
[sh] /home/ztr/miniconda3/bin/python3 normalize_mapping.py --mapping delta_mapping_base.ttl --data-dir /home/ztr/KG/dist_work/conflict25_20261007_p100_s3_unsplit/partition_3 --output /home/ztr/KG/dist_work/conflict25_20261007_p100_s3_unsplit/partition_3/mapping.ttl
[dispatch] 已推送4个任务到tasks:queue
[result] conflict25_20261007_p100_s3_unsplit-p2 status=ok attempts=0 mapped=0ms worker=224f1d05f426 lock_wait=0ms (1/4)
[result] conflict25_20261007_p100_s3_unsplit-p3 status=ok attempts=0 mapped=0ms worker=3afaa8eff30f lock_wait=0ms (2/4)
[result] conflict25_20261007_p100_s3_unsplit-p1 status=ok attempts=0 mapped=475ms worker=272f43c5105c lock_wait=0ms (3/4)
[result] conflict25_20261007_p100_s3_unsplit-p0 status=ok attempts=1 mapped=1909ms worker=a3945c4cc987 lock_wait=0ms (4/4)
[merge] 冲突注入模式: 按行去重后保留172047条 -> results/skew_subpartition_k4_conflict25_20261007/work_dist_conflict25_20261007_p100_s3_unsplit/merged_delta.nq
[sh] /home/ztr/miniconda3/bin/python3 compute_stale_iris.py --stale-file results/skew_subpartition_k4_conflict25_20261007/work_dist_conflict25_20261007_p100_s3_unsplit/stale/stop_times.txt --template http://transport.linkeddata.es/madrid/metro/stoptimes/{trip_id}-{stop_id}-{arrival_time} --output results/skew_subpartition_k4_conflict25_20261007/work_dist_conflict25_20261007_p100_s3_unsplit/stale_iris.txt
[sh] /home/ztr/miniconda3/bin/python3 apply_delta_to_graph.py --baseline results/baseline_graph_urbanos.nq --stale-iris results/skew_subpartition_k4_conflict25_20261007/work_dist_conflict25_20261007_p100_s3_unsplit/stale_iris.txt --delta results/skew_subpartition_k4_conflict25_20261007/work_dist_conflict25_20261007_p100_s3_unsplit/merged_delta.nq --output results/skew_subpartition_k4_conflict25_20261007/current_graph_check.nq

[done] 分布式增量更新完成: results/skew_subpartition_k4_conflict25_20261007/current_graph_check.nq
[done] 端到端耗时 11.10s -> results/skew_subpartition_k4_conflict25_20261007/time_distributed_conflict25_20261007_p100_s3_unsplit.log
[subpartition] verified delta p=100 seed=3
agency.txt: insert=0, update=0, stale(待删除旧行)=0
calendar.txt: insert=0, update=0, stale(待删除旧行)=0
calendar_dates.txt: insert=0, update=0, stale(待删除旧行)=0
[跳过] fare_attributes.txt（无对照文件或未配置主键，delta_dir中保留原样）
[跳过] fare_rules.txt（无对照文件或未配置主键，delta_dir中保留原样）
[跳过] feed_info.txt（无对照文件或未配置主键，delta_dir中保留原样）
frequencies.txt: insert=0, update=0, stale(待删除旧行)=0
routes.txt: insert=0, update=0, stale(待删除旧行)=0
shapes.txt: insert=0, update=0, stale(待删除旧行)=0
stop_times.txt: insert=9559, update=19118, stale(待删除旧行)=28677
stops.txt: insert=0, update=0, stale(待删除旧行)=0
trips.txt: insert=0, update=0, stale(待删除旧行)=0

delta_rows: 28677
[完成] delta写入 results/skew_subpartition_k4_conflict25_20261007/work_dist_conflict25_20261007_p000_s3_split/delta，stale写入 results/skew_subpartition_k4_conflict25_20261007/work_dist_conflict25_20261007_p000_s3_split/stale
[done] 写入 /home/ztr/KG/dist_work/conflict25_20261007_p000_s3_split/partition_0/mapping.ttl；替换了 1 处source路径
[done] 写入 /home/ztr/KG/dist_work/conflict25_20261007_p000_s3_split/partition_1/mapping.ttl；替换了 1 处source路径
[done] 写入 /home/ztr/KG/dist_work/conflict25_20261007_p000_s3_split/partition_2/mapping.ttl；替换了 1 处source路径
[done] 写入 /home/ztr/KG/dist_work/conflict25_20261007_p000_s3_split/partition_3/mapping.ttl；替换了 1 处source路径
[done] 28677 条待删除IRI写入 results/skew_subpartition_k4_conflict25_20261007/work_dist_conflict25_20261007_p000_s3_split/stale_iris.txt
baseline=3774001, removed(按subject)=172135, delta_added=172062, updated=3773928
[sh] /home/ztr/miniconda3/bin/python3 compute_delta.py --before data/urbanos_before --after data/urbanos_skew_k4_p000_s3 --delta-dir results/skew_subpartition_k4_conflict25_20261007/work_dist_conflict25_20261007_p000_s3_split/delta --stale-dir results/skew_subpartition_k4_conflict25_20261007/work_dist_conflict25_20261007_p000_s3_split/stale
[partition] k=4, 各分区行数=[9113, 9031, 8748, 8954]
[sh] /home/ztr/miniconda3/bin/python3 normalize_mapping.py --mapping delta_mapping_base.ttl --data-dir /home/ztr/KG/dist_work/conflict25_20261007_p000_s3_split/partition_0 --output /home/ztr/KG/dist_work/conflict25_20261007_p000_s3_split/partition_0/mapping.ttl
[sh] /home/ztr/miniconda3/bin/python3 normalize_mapping.py --mapping delta_mapping_base.ttl --data-dir /home/ztr/KG/dist_work/conflict25_20261007_p000_s3_split/partition_1 --output /home/ztr/KG/dist_work/conflict25_20261007_p000_s3_split/partition_1/mapping.ttl
[sh] /home/ztr/miniconda3/bin/python3 normalize_mapping.py --mapping delta_mapping_base.ttl --data-dir /home/ztr/KG/dist_work/conflict25_20261007_p000_s3_split/partition_2 --output /home/ztr/KG/dist_work/conflict25_20261007_p000_s3_split/partition_2/mapping.ttl
[sh] /home/ztr/miniconda3/bin/python3 normalize_mapping.py --mapping delta_mapping_base.ttl --data-dir /home/ztr/KG/dist_work/conflict25_20261007_p000_s3_split/partition_3 --output /home/ztr/KG/dist_work/conflict25_20261007_p000_s3_split/partition_3/mapping.ttl
[dispatch] 已推送4个任务到tasks:queue
[result] conflict25_20261007_p000_s3_split-p0 status=ok attempts=0 mapped=646ms worker=3afaa8eff30f lock_wait=0ms (1/4)
[result] conflict25_20261007_p000_s3_split-p2 status=ok attempts=0 mapped=597ms worker=a3945c4cc987 lock_wait=0ms (2/4)
[result] conflict25_20261007_p000_s3_split-p1 status=ok attempts=1 mapped=629ms worker=272f43c5105c lock_wait=0ms (3/4)
[result] conflict25_20261007_p000_s3_split-p3 status=ok attempts=1 mapped=624ms worker=224f1d05f426 lock_wait=0ms (4/4)
[merge] 冲突注入模式: 按行去重后保留172062条 -> results/skew_subpartition_k4_conflict25_20261007/work_dist_conflict25_20261007_p000_s3_split/merged_delta.nq
[sh] /home/ztr/miniconda3/bin/python3 compute_stale_iris.py --stale-file results/skew_subpartition_k4_conflict25_20261007/work_dist_conflict25_20261007_p000_s3_split/stale/stop_times.txt --template http://transport.linkeddata.es/madrid/metro/stoptimes/{trip_id}-{stop_id}-{arrival_time} --output results/skew_subpartition_k4_conflict25_20261007/work_dist_conflict25_20261007_p000_s3_split/stale_iris.txt
[sh] /home/ztr/miniconda3/bin/python3 apply_delta_to_graph.py --baseline results/baseline_graph_urbanos.nq --stale-iris results/skew_subpartition_k4_conflict25_20261007/work_dist_conflict25_20261007_p000_s3_split/stale_iris.txt --delta results/skew_subpartition_k4_conflict25_20261007/work_dist_conflict25_20261007_p000_s3_split/merged_delta.nq --output results/skew_subpartition_k4_conflict25_20261007/current_graph_check.nq

[done] 分布式增量更新完成: results/skew_subpartition_k4_conflict25_20261007/current_graph_check.nq
[done] 端到端耗时 8.76s -> results/skew_subpartition_k4_conflict25_20261007/time_distributed_conflict25_20261007_p000_s3_split.log
agency.txt: insert=0, update=0, stale(待删除旧行)=0
calendar.txt: insert=0, update=0, stale(待删除旧行)=0
calendar_dates.txt: insert=0, update=0, stale(待删除旧行)=0
[跳过] fare_attributes.txt（无对照文件或未配置主键，delta_dir中保留原样）
[跳过] fare_rules.txt（无对照文件或未配置主键，delta_dir中保留原样）
[跳过] feed_info.txt（无对照文件或未配置主键，delta_dir中保留原样）
frequencies.txt: insert=0, update=0, stale(待删除旧行)=0
routes.txt: insert=0, update=0, stale(待删除旧行)=0
shapes.txt: insert=0, update=0, stale(待删除旧行)=0
stop_times.txt: insert=9559, update=19118, stale(待删除旧行)=28677
stops.txt: insert=0, update=0, stale(待删除旧行)=0
trips.txt: insert=0, update=0, stale(待删除旧行)=0

delta_rows: 28677
[完成] delta写入 results/skew_subpartition_k4_conflict25_20261007/work_dist_conflict25_20261007_p000_s3_unsplit/delta，stale写入 results/skew_subpartition_k4_conflict25_20261007/work_dist_conflict25_20261007_p000_s3_unsplit/stale
[done] 写入 /home/ztr/KG/dist_work/conflict25_20261007_p000_s3_unsplit/partition_0/mapping.ttl；替换了 1 处source路径
[done] 写入 /home/ztr/KG/dist_work/conflict25_20261007_p000_s3_unsplit/partition_1/mapping.ttl；替换了 1 处source路径
[done] 写入 /home/ztr/KG/dist_work/conflict25_20261007_p000_s3_unsplit/partition_2/mapping.ttl；替换了 1 处source路径
[done] 写入 /home/ztr/KG/dist_work/conflict25_20261007_p000_s3_unsplit/partition_3/mapping.ttl；替换了 1 处source路径
[done] 28677 条待删除IRI写入 results/skew_subpartition_k4_conflict25_20261007/work_dist_conflict25_20261007_p000_s3_unsplit/stale_iris.txt
baseline=3774001, removed(按subject)=172135, delta_added=172062, updated=3773928
[sh] /home/ztr/miniconda3/bin/python3 compute_delta.py --before data/urbanos_before --after data/urbanos_skew_k4_p000_s3 --delta-dir results/skew_subpartition_k4_conflict25_20261007/work_dist_conflict25_20261007_p000_s3_unsplit/delta --stale-dir results/skew_subpartition_k4_conflict25_20261007/work_dist_conflict25_20261007_p000_s3_unsplit/stale
[partition] k=4, 各分区行数=[9113, 9031, 8748, 8954]
[sh] /home/ztr/miniconda3/bin/python3 normalize_mapping.py --mapping delta_mapping_base.ttl --data-dir /home/ztr/KG/dist_work/conflict25_20261007_p000_s3_unsplit/partition_0 --output /home/ztr/KG/dist_work/conflict25_20261007_p000_s3_unsplit/partition_0/mapping.ttl
[sh] /home/ztr/miniconda3/bin/python3 normalize_mapping.py --mapping delta_mapping_base.ttl --data-dir /home/ztr/KG/dist_work/conflict25_20261007_p000_s3_unsplit/partition_1 --output /home/ztr/KG/dist_work/conflict25_20261007_p000_s3_unsplit/partition_1/mapping.ttl
[sh] /home/ztr/miniconda3/bin/python3 normalize_mapping.py --mapping delta_mapping_base.ttl --data-dir /home/ztr/KG/dist_work/conflict25_20261007_p000_s3_unsplit/partition_2 --output /home/ztr/KG/dist_work/conflict25_20261007_p000_s3_unsplit/partition_2/mapping.ttl
[sh] /home/ztr/miniconda3/bin/python3 normalize_mapping.py --mapping delta_mapping_base.ttl --data-dir /home/ztr/KG/dist_work/conflict25_20261007_p000_s3_unsplit/partition_3 --output /home/ztr/KG/dist_work/conflict25_20261007_p000_s3_unsplit/partition_3/mapping.ttl
[dispatch] 已推送4个任务到tasks:queue
[result] conflict25_20261007_p000_s3_unsplit-p3 status=ok attempts=0 mapped=630ms worker=a3945c4cc987 lock_wait=0ms (1/4)
[result] conflict25_20261007_p000_s3_unsplit-p1 status=ok attempts=0 mapped=625ms worker=3afaa8eff30f lock_wait=0ms (2/4)
[result] conflict25_20261007_p000_s3_unsplit-p0 status=ok attempts=1 mapped=630ms worker=272f43c5105c lock_wait=0ms (3/4)
[result] conflict25_20261007_p000_s3_unsplit-p2 status=ok attempts=1 mapped=620ms worker=224f1d05f426 lock_wait=0ms (4/4)
[merge] 冲突注入模式: 按行去重后保留172062条 -> results/skew_subpartition_k4_conflict25_20261007/work_dist_conflict25_20261007_p000_s3_unsplit/merged_delta.nq
[sh] /home/ztr/miniconda3/bin/python3 compute_stale_iris.py --stale-file results/skew_subpartition_k4_conflict25_20261007/work_dist_conflict25_20261007_p000_s3_unsplit/stale/stop_times.txt --template http://transport.linkeddata.es/madrid/metro/stoptimes/{trip_id}-{stop_id}-{arrival_time} --output results/skew_subpartition_k4_conflict25_20261007/work_dist_conflict25_20261007_p000_s3_unsplit/stale_iris.txt
[sh] /home/ztr/miniconda3/bin/python3 apply_delta_to_graph.py --baseline results/baseline_graph_urbanos.nq --stale-iris results/skew_subpartition_k4_conflict25_20261007/work_dist_conflict25_20261007_p000_s3_unsplit/stale_iris.txt --delta results/skew_subpartition_k4_conflict25_20261007/work_dist_conflict25_20261007_p000_s3_unsplit/merged_delta.nq --output results/skew_subpartition_k4_conflict25_20261007/current_graph_check.nq

[done] 分布式增量更新完成: results/skew_subpartition_k4_conflict25_20261007/current_graph_check.nq
[done] 端到端耗时 9.22s -> results/skew_subpartition_k4_conflict25_20261007/time_distributed_conflict25_20261007_p000_s3_unsplit.log
[subpartition] verified delta p=000 seed=3
agency.txt: insert=0, update=0, stale(待删除旧行)=0
calendar.txt: insert=0, update=0, stale(待删除旧行)=0
calendar_dates.txt: insert=0, update=0, stale(待删除旧行)=0
[跳过] fare_attributes.txt（无对照文件或未配置主键，delta_dir中保留原样）
[跳过] fare_rules.txt（无对照文件或未配置主键，delta_dir中保留原样）
[跳过] feed_info.txt（无对照文件或未配置主键，delta_dir中保留原样）
frequencies.txt: insert=0, update=0, stale(待删除旧行)=0
routes.txt: insert=0, update=0, stale(待删除旧行)=0
shapes.txt: insert=0, update=0, stale(待删除旧行)=0
stop_times.txt: insert=9559, update=19118, stale(待删除旧行)=28677
stops.txt: insert=0, update=0, stale(待删除旧行)=0
trips.txt: insert=0, update=0, stale(待删除旧行)=0

delta_rows: 28677
[完成] delta写入 results/skew_subpartition_k4_conflict25_20261007/work_dist_conflict25_20261007_p025_s3_unsplit/delta，stale写入 results/skew_subpartition_k4_conflict25_20261007/work_dist_conflict25_20261007_p025_s3_unsplit/stale
[done] 写入 /home/ztr/KG/dist_work/conflict25_20261007_p025_s3_unsplit/partition_0/mapping.ttl；替换了 1 处source路径
[done] 写入 /home/ztr/KG/dist_work/conflict25_20261007_p025_s3_unsplit/partition_1/mapping.ttl；替换了 1 处source路径
[done] 写入 /home/ztr/KG/dist_work/conflict25_20261007_p025_s3_unsplit/partition_2/mapping.ttl；替换了 1 处source路径
[done] 写入 /home/ztr/KG/dist_work/conflict25_20261007_p025_s3_unsplit/partition_3/mapping.ttl；替换了 1 处source路径
[done] 28677 条待删除IRI写入 results/skew_subpartition_k4_conflict25_20261007/work_dist_conflict25_20261007_p025_s3_unsplit/stale_iris.txt
baseline=3774001, removed(按subject)=172112, delta_added=172042, updated=3773931
[sh] /home/ztr/miniconda3/bin/python3 compute_delta.py --before data/urbanos_before --after data/urbanos_skew_k4_p025_s3 --delta-dir results/skew_subpartition_k4_conflict25_20261007/work_dist_conflict25_20261007_p025_s3_unsplit/delta --stale-dir results/skew_subpartition_k4_conflict25_20261007/work_dist_conflict25_20261007_p025_s3_unsplit/stale
[partition] k=4, 各分区行数=[13839, 8636, 6582, 6789]
[sh] /home/ztr/miniconda3/bin/python3 normalize_mapping.py --mapping delta_mapping_base.ttl --data-dir /home/ztr/KG/dist_work/conflict25_20261007_p025_s3_unsplit/partition_0 --output /home/ztr/KG/dist_work/conflict25_20261007_p025_s3_unsplit/partition_0/mapping.ttl
[sh] /home/ztr/miniconda3/bin/python3 normalize_mapping.py --mapping delta_mapping_base.ttl --data-dir /home/ztr/KG/dist_work/conflict25_20261007_p025_s3_unsplit/partition_1 --output /home/ztr/KG/dist_work/conflict25_20261007_p025_s3_unsplit/partition_1/mapping.ttl
[sh] /home/ztr/miniconda3/bin/python3 normalize_mapping.py --mapping delta_mapping_base.ttl --data-dir /home/ztr/KG/dist_work/conflict25_20261007_p025_s3_unsplit/partition_2 --output /home/ztr/KG/dist_work/conflict25_20261007_p025_s3_unsplit/partition_2/mapping.ttl
[sh] /home/ztr/miniconda3/bin/python3 normalize_mapping.py --mapping delta_mapping_base.ttl --data-dir /home/ztr/KG/dist_work/conflict25_20261007_p025_s3_unsplit/partition_3 --output /home/ztr/KG/dist_work/conflict25_20261007_p025_s3_unsplit/partition_3/mapping.ttl
[dispatch] 已推送4个任务到tasks:queue
[result] conflict25_20261007_p025_s3_unsplit-p0 status=ok attempts=0 mapped=975ms worker=272f43c5105c lock_wait=0ms (1/4)
[result] conflict25_20261007_p025_s3_unsplit-p2 status=ok attempts=0 mapped=479ms worker=224f1d05f426 lock_wait=0ms (2/4)
[result] conflict25_20261007_p025_s3_unsplit-p1 status=ok attempts=1 mapped=621ms worker=a3945c4cc987 lock_wait=0ms (3/4)
[result] conflict25_20261007_p025_s3_unsplit-p3 status=ok attempts=1 mapped=526ms worker=3afaa8eff30f lock_wait=0ms (4/4)
[merge] 冲突注入模式: 按行去重后保留172042条 -> results/skew_subpartition_k4_conflict25_20261007/work_dist_conflict25_20261007_p025_s3_unsplit/merged_delta.nq
[sh] /home/ztr/miniconda3/bin/python3 compute_stale_iris.py --stale-file results/skew_subpartition_k4_conflict25_20261007/work_dist_conflict25_20261007_p025_s3_unsplit/stale/stop_times.txt --template http://transport.linkeddata.es/madrid/metro/stoptimes/{trip_id}-{stop_id}-{arrival_time} --output results/skew_subpartition_k4_conflict25_20261007/work_dist_conflict25_20261007_p025_s3_unsplit/stale_iris.txt
[sh] /home/ztr/miniconda3/bin/python3 apply_delta_to_graph.py --baseline results/baseline_graph_urbanos.nq --stale-iris results/skew_subpartition_k4_conflict25_20261007/work_dist_conflict25_20261007_p025_s3_unsplit/stale_iris.txt --delta results/skew_subpartition_k4_conflict25_20261007/work_dist_conflict25_20261007_p025_s3_unsplit/merged_delta.nq --output results/skew_subpartition_k4_conflict25_20261007/current_graph_check.nq

[done] 分布式增量更新完成: results/skew_subpartition_k4_conflict25_20261007/current_graph_check.nq
[done] 端到端耗时 9.87s -> results/skew_subpartition_k4_conflict25_20261007/time_distributed_conflict25_20261007_p025_s3_unsplit.log
agency.txt: insert=0, update=0, stale(待删除旧行)=0
calendar.txt: insert=0, update=0, stale(待删除旧行)=0
calendar_dates.txt: insert=0, update=0, stale(待删除旧行)=0
[跳过] fare_attributes.txt（无对照文件或未配置主键，delta_dir中保留原样）
[跳过] fare_rules.txt（无对照文件或未配置主键，delta_dir中保留原样）
[跳过] feed_info.txt（无对照文件或未配置主键，delta_dir中保留原样）
frequencies.txt: insert=0, update=0, stale(待删除旧行)=0
routes.txt: insert=0, update=0, stale(待删除旧行)=0
shapes.txt: insert=0, update=0, stale(待删除旧行)=0
stop_times.txt: insert=9559, update=19118, stale(待删除旧行)=28677
stops.txt: insert=0, update=0, stale(待删除旧行)=0
trips.txt: insert=0, update=0, stale(待删除旧行)=0

delta_rows: 28677
[完成] delta写入 results/skew_subpartition_k4_conflict25_20261007/work_dist_conflict25_20261007_p025_s3_split/delta，stale写入 results/skew_subpartition_k4_conflict25_20261007/work_dist_conflict25_20261007_p025_s3_split/stale
[done] 写入 /home/ztr/KG/dist_work/conflict25_20261007_p025_s3_split/partition_0/mapping.ttl；替换了 1 处source路径
[done] 写入 /home/ztr/KG/dist_work/conflict25_20261007_p025_s3_split/partition_1/mapping.ttl；替换了 1 处source路径
[done] 写入 /home/ztr/KG/dist_work/conflict25_20261007_p025_s3_split/partition_2/mapping.ttl；替换了 1 处source路径
[done] 写入 /home/ztr/KG/dist_work/conflict25_20261007_p025_s3_split/partition_3/mapping.ttl；替换了 1 处source路径
[done] 28677 条待删除IRI写入 results/skew_subpartition_k4_conflict25_20261007/work_dist_conflict25_20261007_p025_s3_split/stale_iris.txt
baseline=3774001, removed(按subject)=172112, delta_added=172042, updated=3773931
[sh] /home/ztr/miniconda3/bin/python3 compute_delta.py --before data/urbanos_before --after data/urbanos_skew_k4_p025_s3 --delta-dir results/skew_subpartition_k4_conflict25_20261007/work_dist_conflict25_20261007_p025_s3_split/delta --stale-dir results/skew_subpartition_k4_conflict25_20261007/work_dist_conflict25_20261007_p025_s3_split/stale
[partition] k=4, 各分区行数=[13839, 8636, 6582, 6789]
[sh] /home/ztr/miniconda3/bin/python3 normalize_mapping.py --mapping delta_mapping_base.ttl --data-dir /home/ztr/KG/dist_work/conflict25_20261007_p025_s3_split/partition_0 --output /home/ztr/KG/dist_work/conflict25_20261007_p025_s3_split/partition_0/mapping.ttl
[sh] /home/ztr/miniconda3/bin/python3 normalize_mapping.py --mapping delta_mapping_base.ttl --data-dir /home/ztr/KG/dist_work/conflict25_20261007_p025_s3_split/partition_1 --output /home/ztr/KG/dist_work/conflict25_20261007_p025_s3_split/partition_1/mapping.ttl
[sh] /home/ztr/miniconda3/bin/python3 normalize_mapping.py --mapping delta_mapping_base.ttl --data-dir /home/ztr/KG/dist_work/conflict25_20261007_p025_s3_split/partition_2 --output /home/ztr/KG/dist_work/conflict25_20261007_p025_s3_split/partition_2/mapping.ttl
[sh] /home/ztr/miniconda3/bin/python3 normalize_mapping.py --mapping delta_mapping_base.ttl --data-dir /home/ztr/KG/dist_work/conflict25_20261007_p025_s3_split/partition_3 --output /home/ztr/KG/dist_work/conflict25_20261007_p025_s3_split/partition_3/mapping.ttl
[dispatch] 已推送4个任务到tasks:queue
[result] conflict25_20261007_p025_s3_split-p3 status=ok attempts=0 mapped=489ms worker=224f1d05f426 lock_wait=0ms (1/4)
[result] conflict25_20261007_p025_s3_split-p1 status=ok attempts=0 mapped=667ms worker=272f43c5105c lock_wait=0ms (2/4)
[result] conflict25_20261007_p025_s3_split-p0 status=ok attempts=1 mapped=1039ms worker=a3945c4cc987 lock_wait=0ms (3/4)
[result] conflict25_20261007_p025_s3_split-p2 status=ok attempts=1 mapped=602ms worker=3afaa8eff30f lock_wait=0ms (4/4)
[merge] 冲突注入模式: 按行去重后保留172042条 -> results/skew_subpartition_k4_conflict25_20261007/work_dist_conflict25_20261007_p025_s3_split/merged_delta.nq
[sh] /home/ztr/miniconda3/bin/python3 compute_stale_iris.py --stale-file results/skew_subpartition_k4_conflict25_20261007/work_dist_conflict25_20261007_p025_s3_split/stale/stop_times.txt --template http://transport.linkeddata.es/madrid/metro/stoptimes/{trip_id}-{stop_id}-{arrival_time} --output results/skew_subpartition_k4_conflict25_20261007/work_dist_conflict25_20261007_p025_s3_split/stale_iris.txt
[sh] /home/ztr/miniconda3/bin/python3 apply_delta_to_graph.py --baseline results/baseline_graph_urbanos.nq --stale-iris results/skew_subpartition_k4_conflict25_20261007/work_dist_conflict25_20261007_p025_s3_split/stale_iris.txt --delta results/skew_subpartition_k4_conflict25_20261007/work_dist_conflict25_20261007_p025_s3_split/merged_delta.nq --output results/skew_subpartition_k4_conflict25_20261007/current_graph_check.nq

[done] 分布式增量更新完成: results/skew_subpartition_k4_conflict25_20261007/current_graph_check.nq
[done] 端到端耗时 9.86s -> results/skew_subpartition_k4_conflict25_20261007/time_distributed_conflict25_20261007_p025_s3_split.log
[subpartition] verified delta p=025 seed=3
agency.txt: insert=0, update=0, stale(待删除旧行)=0
calendar.txt: insert=0, update=0, stale(待删除旧行)=0
calendar_dates.txt: insert=0, update=0, stale(待删除旧行)=0
[跳过] fare_attributes.txt（无对照文件或未配置主键，delta_dir中保留原样）
[跳过] fare_rules.txt（无对照文件或未配置主键，delta_dir中保留原样）
[跳过] feed_info.txt（无对照文件或未配置主键，delta_dir中保留原样）
frequencies.txt: insert=0, update=0, stale(待删除旧行)=0
routes.txt: insert=0, update=0, stale(待删除旧行)=0
shapes.txt: insert=0, update=0, stale(待删除旧行)=0
stop_times.txt: insert=9559, update=19118, stale(待删除旧行)=28677
stops.txt: insert=0, update=0, stale(待删除旧行)=0
trips.txt: insert=0, update=0, stale(待删除旧行)=0

delta_rows: 28677
[完成] delta写入 results/skew_subpartition_k4_conflict25_20261007/work_dist_conflict25_20261007_p075_s4_split/delta，stale写入 results/skew_subpartition_k4_conflict25_20261007/work_dist_conflict25_20261007_p075_s4_split/stale
[done] 写入 /home/ztr/KG/dist_work/conflict25_20261007_p075_s4_split/partition_0/subpartition_0/mapping.ttl；替换了 1 处source路径
[done] 写入 /home/ztr/KG/dist_work/conflict25_20261007_p075_s4_split/partition_0/subpartition_1/mapping.ttl；替换了 1 处source路径
[done] 写入 /home/ztr/KG/dist_work/conflict25_20261007_p075_s4_split/partition_0/subpartition_2/mapping.ttl；替换了 1 处source路径
[done] 写入 /home/ztr/KG/dist_work/conflict25_20261007_p075_s4_split/partition_0/subpartition_3/mapping.ttl；替换了 1 处source路径
[done] 写入 /home/ztr/KG/dist_work/conflict25_20261007_p075_s4_split/partition_1/mapping.ttl；替换了 1 处source路径
[done] 写入 /home/ztr/KG/dist_work/conflict25_20261007_p075_s4_split/partition_2/mapping.ttl；替换了 1 处source路径
[done] 写入 /home/ztr/KG/dist_work/conflict25_20261007_p075_s4_split/partition_3/mapping.ttl；替换了 1 处source路径
[done] 28677 条待删除IRI写入 results/skew_subpartition_k4_conflict25_20261007/work_dist_conflict25_20261007_p075_s4_split/stale_iris.txt
baseline=3774001, removed(按subject)=172126, delta_added=172057, updated=3773932
[sh] /home/ztr/miniconda3/bin/python3 compute_delta.py --before data/urbanos_before --after data/urbanos_skew_k4_p075_s4 --delta-dir results/skew_subpartition_k4_conflict25_20261007/work_dist_conflict25_20261007_p075_s4_split/delta --stale-dir results/skew_subpartition_k4_conflict25_20261007/work_dist_conflict25_20261007_p075_s4_split/stale
[partition] k=4, 各分区行数=[23563, 7641, 2278, 2364]
[sh] /home/ztr/miniconda3/bin/python3 normalize_mapping.py --mapping delta_mapping_base.ttl --data-dir /home/ztr/KG/dist_work/conflict25_20261007_p075_s4_split/partition_0/subpartition_0 --output /home/ztr/KG/dist_work/conflict25_20261007_p075_s4_split/partition_0/subpartition_0/mapping.ttl
[sh] /home/ztr/miniconda3/bin/python3 normalize_mapping.py --mapping delta_mapping_base.ttl --data-dir /home/ztr/KG/dist_work/conflict25_20261007_p075_s4_split/partition_0/subpartition_1 --output /home/ztr/KG/dist_work/conflict25_20261007_p075_s4_split/partition_0/subpartition_1/mapping.ttl
[sh] /home/ztr/miniconda3/bin/python3 normalize_mapping.py --mapping delta_mapping_base.ttl --data-dir /home/ztr/KG/dist_work/conflict25_20261007_p075_s4_split/partition_0/subpartition_2 --output /home/ztr/KG/dist_work/conflict25_20261007_p075_s4_split/partition_0/subpartition_2/mapping.ttl
[sh] /home/ztr/miniconda3/bin/python3 normalize_mapping.py --mapping delta_mapping_base.ttl --data-dir /home/ztr/KG/dist_work/conflict25_20261007_p075_s4_split/partition_0/subpartition_3 --output /home/ztr/KG/dist_work/conflict25_20261007_p075_s4_split/partition_0/subpartition_3/mapping.ttl
[sh] /home/ztr/miniconda3/bin/python3 normalize_mapping.py --mapping delta_mapping_base.ttl --data-dir /home/ztr/KG/dist_work/conflict25_20261007_p075_s4_split/partition_1 --output /home/ztr/KG/dist_work/conflict25_20261007_p075_s4_split/partition_1/mapping.ttl
[sh] /home/ztr/miniconda3/bin/python3 normalize_mapping.py --mapping delta_mapping_base.ttl --data-dir /home/ztr/KG/dist_work/conflict25_20261007_p075_s4_split/partition_2 --output /home/ztr/KG/dist_work/conflict25_20261007_p075_s4_split/partition_2/mapping.ttl
[sh] /home/ztr/miniconda3/bin/python3 normalize_mapping.py --mapping delta_mapping_base.ttl --data-dir /home/ztr/KG/dist_work/conflict25_20261007_p075_s4_split/partition_3 --output /home/ztr/KG/dist_work/conflict25_20261007_p075_s4_split/partition_3/mapping.ttl
[dispatch] 已推送7个任务到tasks:queue
[result] conflict25_20261007_p075_s4_split-p2 status=ok attempts=0 mapped=188ms worker=3afaa8eff30f lock_wait=0ms (1/7)
[result] conflict25_20261007_p075_s4_split-p0-s0 status=ok attempts=0 mapped=403ms worker=a3945c4cc987 lock_wait=0ms (2/7)
[result] conflict25_20261007_p075_s4_split-p0-s2 status=ok attempts=0 mapped=346ms worker=a3945c4cc987 lock_wait=0ms (3/7)
[result] conflict25_20261007_p075_s4_split-p0-s1 status=ok attempts=0 mapped=441ms worker=3afaa8eff30f lock_wait=0ms (4/7)
[result] conflict25_20261007_p075_s4_split-p3 status=ok attempts=1 mapped=170ms worker=272f43c5105c lock_wait=0ms (5/7)
[result] conflict25_20261007_p075_s4_split-p1 status=ok attempts=1 mapped=603ms worker=224f1d05f426 lock_wait=0ms (6/7)
[result] conflict25_20261007_p075_s4_split-p0-s3 status=ok attempts=1 mapped=346ms worker=a3945c4cc987 lock_wait=0ms (7/7)
[merge] 冲突注入模式: 按行去重后保留172057条 -> results/skew_subpartition_k4_conflict25_20261007/work_dist_conflict25_20261007_p075_s4_split/merged_delta.nq
[sh] /home/ztr/miniconda3/bin/python3 compute_stale_iris.py --stale-file results/skew_subpartition_k4_conflict25_20261007/work_dist_conflict25_20261007_p075_s4_split/stale/stop_times.txt --template http://transport.linkeddata.es/madrid/metro/stoptimes/{trip_id}-{stop_id}-{arrival_time} --output results/skew_subpartition_k4_conflict25_20261007/work_dist_conflict25_20261007_p075_s4_split/stale_iris.txt
[sh] /home/ztr/miniconda3/bin/python3 apply_delta_to_graph.py --baseline results/baseline_graph_urbanos.nq --stale-iris results/skew_subpartition_k4_conflict25_20261007/work_dist_conflict25_20261007_p075_s4_split/stale_iris.txt --delta results/skew_subpartition_k4_conflict25_20261007/work_dist_conflict25_20261007_p075_s4_split/merged_delta.nq --output results/skew_subpartition_k4_conflict25_20261007/current_graph_check.nq

[done] 分布式增量更新完成: results/skew_subpartition_k4_conflict25_20261007/current_graph_check.nq
[done] 端到端耗时 9.87s -> results/skew_subpartition_k4_conflict25_20261007/time_distributed_conflict25_20261007_p075_s4_split.log
agency.txt: insert=0, update=0, stale(待删除旧行)=0
calendar.txt: insert=0, update=0, stale(待删除旧行)=0
calendar_dates.txt: insert=0, update=0, stale(待删除旧行)=0
[跳过] fare_attributes.txt（无对照文件或未配置主键，delta_dir中保留原样）
[跳过] fare_rules.txt（无对照文件或未配置主键，delta_dir中保留原样）
[跳过] feed_info.txt（无对照文件或未配置主键，delta_dir中保留原样）
frequencies.txt: insert=0, update=0, stale(待删除旧行)=0
routes.txt: insert=0, update=0, stale(待删除旧行)=0
shapes.txt: insert=0, update=0, stale(待删除旧行)=0
stop_times.txt: insert=9559, update=19118, stale(待删除旧行)=28677
stops.txt: insert=0, update=0, stale(待删除旧行)=0
trips.txt: insert=0, update=0, stale(待删除旧行)=0

delta_rows: 28677
[完成] delta写入 results/skew_subpartition_k4_conflict25_20261007/work_dist_conflict25_20261007_p075_s4_unsplit/delta，stale写入 results/skew_subpartition_k4_conflict25_20261007/work_dist_conflict25_20261007_p075_s4_unsplit/stale
[done] 写入 /home/ztr/KG/dist_work/conflict25_20261007_p075_s4_unsplit/partition_0/mapping.ttl；替换了 1 处source路径
[done] 写入 /home/ztr/KG/dist_work/conflict25_20261007_p075_s4_unsplit/partition_1/mapping.ttl；替换了 1 处source路径
[done] 写入 /home/ztr/KG/dist_work/conflict25_20261007_p075_s4_unsplit/partition_2/mapping.ttl；替换了 1 处source路径
[done] 写入 /home/ztr/KG/dist_work/conflict25_20261007_p075_s4_unsplit/partition_3/mapping.ttl；替换了 1 处source路径
[done] 28677 条待删除IRI写入 results/skew_subpartition_k4_conflict25_20261007/work_dist_conflict25_20261007_p075_s4_unsplit/stale_iris.txt
baseline=3774001, removed(按subject)=172126, delta_added=172057, updated=3773932
[sh] /home/ztr/miniconda3/bin/python3 compute_delta.py --before data/urbanos_before --after data/urbanos_skew_k4_p075_s4 --delta-dir results/skew_subpartition_k4_conflict25_20261007/work_dist_conflict25_20261007_p075_s4_unsplit/delta --stale-dir results/skew_subpartition_k4_conflict25_20261007/work_dist_conflict25_20261007_p075_s4_unsplit/stale
[partition] k=4, 各分区行数=[23563, 7641, 2278, 2364]
[sh] /home/ztr/miniconda3/bin/python3 normalize_mapping.py --mapping delta_mapping_base.ttl --data-dir /home/ztr/KG/dist_work/conflict25_20261007_p075_s4_unsplit/partition_0 --output /home/ztr/KG/dist_work/conflict25_20261007_p075_s4_unsplit/partition_0/mapping.ttl
[sh] /home/ztr/miniconda3/bin/python3 normalize_mapping.py --mapping delta_mapping_base.ttl --data-dir /home/ztr/KG/dist_work/conflict25_20261007_p075_s4_unsplit/partition_1 --output /home/ztr/KG/dist_work/conflict25_20261007_p075_s4_unsplit/partition_1/mapping.ttl
[sh] /home/ztr/miniconda3/bin/python3 normalize_mapping.py --mapping delta_mapping_base.ttl --data-dir /home/ztr/KG/dist_work/conflict25_20261007_p075_s4_unsplit/partition_2 --output /home/ztr/KG/dist_work/conflict25_20261007_p075_s4_unsplit/partition_2/mapping.ttl
[sh] /home/ztr/miniconda3/bin/python3 normalize_mapping.py --mapping delta_mapping_base.ttl --data-dir /home/ztr/KG/dist_work/conflict25_20261007_p075_s4_unsplit/partition_3 --output /home/ztr/KG/dist_work/conflict25_20261007_p075_s4_unsplit/partition_3/mapping.ttl
[dispatch] 已推送4个任务到tasks:queue
[result] conflict25_20261007_p075_s4_unsplit-p3 status=ok attempts=0 mapped=195ms worker=3afaa8eff30f lock_wait=0ms (1/4)
[result] conflict25_20261007_p075_s4_unsplit-p1 status=ok attempts=0 mapped=547ms worker=272f43c5105c lock_wait=0ms (2/4)
[result] conflict25_20261007_p075_s4_unsplit-p0 status=ok attempts=1 mapped=1535ms worker=224f1d05f426 lock_wait=0ms (3/4)
[result] conflict25_20261007_p075_s4_unsplit-p2 status=ok attempts=1 mapped=211ms worker=a3945c4cc987 lock_wait=0ms (4/4)
[merge] 冲突注入模式: 按行去重后保留172057条 -> results/skew_subpartition_k4_conflict25_20261007/work_dist_conflict25_20261007_p075_s4_unsplit/merged_delta.nq
[sh] /home/ztr/miniconda3/bin/python3 compute_stale_iris.py --stale-file results/skew_subpartition_k4_conflict25_20261007/work_dist_conflict25_20261007_p075_s4_unsplit/stale/stop_times.txt --template http://transport.linkeddata.es/madrid/metro/stoptimes/{trip_id}-{stop_id}-{arrival_time} --output results/skew_subpartition_k4_conflict25_20261007/work_dist_conflict25_20261007_p075_s4_unsplit/stale_iris.txt
[sh] /home/ztr/miniconda3/bin/python3 apply_delta_to_graph.py --baseline results/baseline_graph_urbanos.nq --stale-iris results/skew_subpartition_k4_conflict25_20261007/work_dist_conflict25_20261007_p075_s4_unsplit/stale_iris.txt --delta results/skew_subpartition_k4_conflict25_20261007/work_dist_conflict25_20261007_p075_s4_unsplit/merged_delta.nq --output results/skew_subpartition_k4_conflict25_20261007/current_graph_check.nq

[done] 分布式增量更新完成: results/skew_subpartition_k4_conflict25_20261007/current_graph_check.nq
[done] 端到端耗时 11.35s -> results/skew_subpartition_k4_conflict25_20261007/time_distributed_conflict25_20261007_p075_s4_unsplit.log
[subpartition] verified delta p=075 seed=4
agency.txt: insert=0, update=0, stale(待删除旧行)=0
calendar.txt: insert=0, update=0, stale(待删除旧行)=0
calendar_dates.txt: insert=0, update=0, stale(待删除旧行)=0
[跳过] fare_attributes.txt（无对照文件或未配置主键，delta_dir中保留原样）
[跳过] fare_rules.txt（无对照文件或未配置主键，delta_dir中保留原样）
[跳过] feed_info.txt（无对照文件或未配置主键，delta_dir中保留原样）
frequencies.txt: insert=0, update=0, stale(待删除旧行)=0
routes.txt: insert=0, update=0, stale(待删除旧行)=0
shapes.txt: insert=0, update=0, stale(待删除旧行)=0
stop_times.txt: insert=9559, update=19118, stale(待删除旧行)=28677
stops.txt: insert=0, update=0, stale(待删除旧行)=0
trips.txt: insert=0, update=0, stale(待删除旧行)=0

delta_rows: 28677
[完成] delta写入 results/skew_subpartition_k4_conflict25_20261007/work_dist_conflict25_20261007_p100_s4_unsplit/delta，stale写入 results/skew_subpartition_k4_conflict25_20261007/work_dist_conflict25_20261007_p100_s4_unsplit/stale
[done] 写入 /home/ztr/KG/dist_work/conflict25_20261007_p100_s4_unsplit/partition_0/mapping.ttl；替换了 1 处source路径
[done] 写入 /home/ztr/KG/dist_work/conflict25_20261007_p100_s4_unsplit/partition_1/mapping.ttl；替换了 1 处source路径
[done] 写入 /home/ztr/KG/dist_work/conflict25_20261007_p100_s4_unsplit/partition_2/mapping.ttl；替换了 1 处source路径
[done] 写入 /home/ztr/KG/dist_work/conflict25_20261007_p100_s4_unsplit/partition_3/mapping.ttl；替换了 1 处source路径
[done] 28677 条待删除IRI写入 results/skew_subpartition_k4_conflict25_20261007/work_dist_conflict25_20261007_p100_s4_unsplit/stale_iris.txt
baseline=3774001, removed(按subject)=172122, delta_added=172052, updated=3773931
[sh] /home/ztr/miniconda3/bin/python3 compute_delta.py --before data/urbanos_before --after data/urbanos_skew_k4_p100_s4 --delta-dir results/skew_subpartition_k4_conflict25_20261007/work_dist_conflict25_20261007_p100_s4_unsplit/delta --stale-dir results/skew_subpartition_k4_conflict25_20261007/work_dist_conflict25_20261007_p100_s4_unsplit/stale
[partition] k=4, 各分区行数=[28677, 7169, 0, 0]
[sh] /home/ztr/miniconda3/bin/python3 normalize_mapping.py --mapping delta_mapping_base.ttl --data-dir /home/ztr/KG/dist_work/conflict25_20261007_p100_s4_unsplit/partition_0 --output /home/ztr/KG/dist_work/conflict25_20261007_p100_s4_unsplit/partition_0/mapping.ttl
[sh] /home/ztr/miniconda3/bin/python3 normalize_mapping.py --mapping delta_mapping_base.ttl --data-dir /home/ztr/KG/dist_work/conflict25_20261007_p100_s4_unsplit/partition_1 --output /home/ztr/KG/dist_work/conflict25_20261007_p100_s4_unsplit/partition_1/mapping.ttl
[sh] /home/ztr/miniconda3/bin/python3 normalize_mapping.py --mapping delta_mapping_base.ttl --data-dir /home/ztr/KG/dist_work/conflict25_20261007_p100_s4_unsplit/partition_2 --output /home/ztr/KG/dist_work/conflict25_20261007_p100_s4_unsplit/partition_2/mapping.ttl
[sh] /home/ztr/miniconda3/bin/python3 normalize_mapping.py --mapping delta_mapping_base.ttl --data-dir /home/ztr/KG/dist_work/conflict25_20261007_p100_s4_unsplit/partition_3 --output /home/ztr/KG/dist_work/conflict25_20261007_p100_s4_unsplit/partition_3/mapping.ttl
[dispatch] 已推送4个任务到tasks:queue
[result] conflict25_20261007_p100_s4_unsplit-p2 status=ok attempts=0 mapped=0ms worker=a3945c4cc987 lock_wait=0ms (1/4)
[result] conflict25_20261007_p100_s4_unsplit-p3 status=ok attempts=0 mapped=0ms worker=272f43c5105c lock_wait=0ms (2/4)
[result] conflict25_20261007_p100_s4_unsplit-p1 status=ok attempts=0 mapped=539ms worker=3afaa8eff30f lock_wait=0ms (3/4)
[result] conflict25_20261007_p100_s4_unsplit-p0 status=ok attempts=1 mapped=2026ms worker=224f1d05f426 lock_wait=0ms (4/4)
[merge] 冲突注入模式: 按行去重后保留172052条 -> results/skew_subpartition_k4_conflict25_20261007/work_dist_conflict25_20261007_p100_s4_unsplit/merged_delta.nq
[sh] /home/ztr/miniconda3/bin/python3 compute_stale_iris.py --stale-file results/skew_subpartition_k4_conflict25_20261007/work_dist_conflict25_20261007_p100_s4_unsplit/stale/stop_times.txt --template http://transport.linkeddata.es/madrid/metro/stoptimes/{trip_id}-{stop_id}-{arrival_time} --output results/skew_subpartition_k4_conflict25_20261007/work_dist_conflict25_20261007_p100_s4_unsplit/stale_iris.txt
[sh] /home/ztr/miniconda3/bin/python3 apply_delta_to_graph.py --baseline results/baseline_graph_urbanos.nq --stale-iris results/skew_subpartition_k4_conflict25_20261007/work_dist_conflict25_20261007_p100_s4_unsplit/stale_iris.txt --delta results/skew_subpartition_k4_conflict25_20261007/work_dist_conflict25_20261007_p100_s4_unsplit/merged_delta.nq --output results/skew_subpartition_k4_conflict25_20261007/current_graph_check.nq

[done] 分布式增量更新完成: results/skew_subpartition_k4_conflict25_20261007/current_graph_check.nq
[done] 端到端耗时 11.06s -> results/skew_subpartition_k4_conflict25_20261007/time_distributed_conflict25_20261007_p100_s4_unsplit.log
agency.txt: insert=0, update=0, stale(待删除旧行)=0
calendar.txt: insert=0, update=0, stale(待删除旧行)=0
calendar_dates.txt: insert=0, update=0, stale(待删除旧行)=0
[跳过] fare_attributes.txt（无对照文件或未配置主键，delta_dir中保留原样）
[跳过] fare_rules.txt（无对照文件或未配置主键，delta_dir中保留原样）
[跳过] feed_info.txt（无对照文件或未配置主键，delta_dir中保留原样）
frequencies.txt: insert=0, update=0, stale(待删除旧行)=0
routes.txt: insert=0, update=0, stale(待删除旧行)=0
shapes.txt: insert=0, update=0, stale(待删除旧行)=0
stop_times.txt: insert=9559, update=19118, stale(待删除旧行)=28677
stops.txt: insert=0, update=0, stale(待删除旧行)=0
trips.txt: insert=0, update=0, stale(待删除旧行)=0

delta_rows: 28677
[完成] delta写入 results/skew_subpartition_k4_conflict25_20261007/work_dist_conflict25_20261007_p100_s4_split/delta，stale写入 results/skew_subpartition_k4_conflict25_20261007/work_dist_conflict25_20261007_p100_s4_split/stale
[done] 写入 /home/ztr/KG/dist_work/conflict25_20261007_p100_s4_split/partition_0/subpartition_0/mapping.ttl；替换了 1 处source路径
[done] 写入 /home/ztr/KG/dist_work/conflict25_20261007_p100_s4_split/partition_0/subpartition_1/mapping.ttl；替换了 1 处source路径
[done] 写入 /home/ztr/KG/dist_work/conflict25_20261007_p100_s4_split/partition_0/subpartition_2/mapping.ttl；替换了 1 处source路径
[done] 写入 /home/ztr/KG/dist_work/conflict25_20261007_p100_s4_split/partition_0/subpartition_3/mapping.ttl；替换了 1 处source路径
[done] 写入 /home/ztr/KG/dist_work/conflict25_20261007_p100_s4_split/partition_1/mapping.ttl；替换了 1 处source路径
[done] 写入 /home/ztr/KG/dist_work/conflict25_20261007_p100_s4_split/partition_2/mapping.ttl；替换了 1 处source路径
[done] 写入 /home/ztr/KG/dist_work/conflict25_20261007_p100_s4_split/partition_3/mapping.ttl；替换了 1 处source路径
[done] 28677 条待删除IRI写入 results/skew_subpartition_k4_conflict25_20261007/work_dist_conflict25_20261007_p100_s4_split/stale_iris.txt
baseline=3774001, removed(按subject)=172122, delta_added=172052, updated=3773931
[sh] /home/ztr/miniconda3/bin/python3 compute_delta.py --before data/urbanos_before --after data/urbanos_skew_k4_p100_s4 --delta-dir results/skew_subpartition_k4_conflict25_20261007/work_dist_conflict25_20261007_p100_s4_split/delta --stale-dir results/skew_subpartition_k4_conflict25_20261007/work_dist_conflict25_20261007_p100_s4_split/stale
[partition] k=4, 各分区行数=[28677, 7169, 0, 0]
[sh] /home/ztr/miniconda3/bin/python3 normalize_mapping.py --mapping delta_mapping_base.ttl --data-dir /home/ztr/KG/dist_work/conflict25_20261007_p100_s4_split/partition_0/subpartition_0 --output /home/ztr/KG/dist_work/conflict25_20261007_p100_s4_split/partition_0/subpartition_0/mapping.ttl
[sh] /home/ztr/miniconda3/bin/python3 normalize_mapping.py --mapping delta_mapping_base.ttl --data-dir /home/ztr/KG/dist_work/conflict25_20261007_p100_s4_split/partition_0/subpartition_1 --output /home/ztr/KG/dist_work/conflict25_20261007_p100_s4_split/partition_0/subpartition_1/mapping.ttl
[sh] /home/ztr/miniconda3/bin/python3 normalize_mapping.py --mapping delta_mapping_base.ttl --data-dir /home/ztr/KG/dist_work/conflict25_20261007_p100_s4_split/partition_0/subpartition_2 --output /home/ztr/KG/dist_work/conflict25_20261007_p100_s4_split/partition_0/subpartition_2/mapping.ttl
[sh] /home/ztr/miniconda3/bin/python3 normalize_mapping.py --mapping delta_mapping_base.ttl --data-dir /home/ztr/KG/dist_work/conflict25_20261007_p100_s4_split/partition_0/subpartition_3 --output /home/ztr/KG/dist_work/conflict25_20261007_p100_s4_split/partition_0/subpartition_3/mapping.ttl
[sh] /home/ztr/miniconda3/bin/python3 normalize_mapping.py --mapping delta_mapping_base.ttl --data-dir /home/ztr/KG/dist_work/conflict25_20261007_p100_s4_split/partition_1 --output /home/ztr/KG/dist_work/conflict25_20261007_p100_s4_split/partition_1/mapping.ttl
[sh] /home/ztr/miniconda3/bin/python3 normalize_mapping.py --mapping delta_mapping_base.ttl --data-dir /home/ztr/KG/dist_work/conflict25_20261007_p100_s4_split/partition_2 --output /home/ztr/KG/dist_work/conflict25_20261007_p100_s4_split/partition_2/mapping.ttl
[sh] /home/ztr/miniconda3/bin/python3 normalize_mapping.py --mapping delta_mapping_base.ttl --data-dir /home/ztr/KG/dist_work/conflict25_20261007_p100_s4_split/partition_3 --output /home/ztr/KG/dist_work/conflict25_20261007_p100_s4_split/partition_3/mapping.ttl
[dispatch] 已推送7个任务到tasks:queue
[result] conflict25_20261007_p100_s4_split-p3 status=ok attempts=0 mapped=0ms worker=a3945c4cc987 lock_wait=0ms (1/7)
[result] conflict25_20261007_p100_s4_split-p2 status=ok attempts=0 mapped=0ms worker=224f1d05f426 lock_wait=0ms (2/7)
[result] conflict25_20261007_p100_s4_split-p0-s1 status=ok attempts=0 mapped=602ms worker=224f1d05f426 lock_wait=0ms (3/7)
[result] conflict25_20261007_p100_s4_split-p0-s2 status=ok attempts=0 mapped=517ms worker=a3945c4cc987 lock_wait=0ms (4/7)
[result] conflict25_20261007_p100_s4_split-p0-s0 status=ok attempts=0 mapped=603ms worker=272f43c5105c lock_wait=0ms (5/7)
[result] conflict25_20261007_p100_s4_split-p1 status=ok attempts=1 mapped=592ms worker=3afaa8eff30f lock_wait=0ms (6/7)
[result] conflict25_20261007_p100_s4_split-p0-s3 status=ok attempts=1 mapped=448ms worker=224f1d05f426 lock_wait=0ms (7/7)
[merge] 冲突注入模式: 按行去重后保留172052条 -> results/skew_subpartition_k4_conflict25_20261007/work_dist_conflict25_20261007_p100_s4_split/merged_delta.nq
[sh] /home/ztr/miniconda3/bin/python3 compute_stale_iris.py --stale-file results/skew_subpartition_k4_conflict25_20261007/work_dist_conflict25_20261007_p100_s4_split/stale/stop_times.txt --template http://transport.linkeddata.es/madrid/metro/stoptimes/{trip_id}-{stop_id}-{arrival_time} --output results/skew_subpartition_k4_conflict25_20261007/work_dist_conflict25_20261007_p100_s4_split/stale_iris.txt
[sh] /home/ztr/miniconda3/bin/python3 apply_delta_to_graph.py --baseline results/baseline_graph_urbanos.nq --stale-iris results/skew_subpartition_k4_conflict25_20261007/work_dist_conflict25_20261007_p100_s4_split/stale_iris.txt --delta results/skew_subpartition_k4_conflict25_20261007/work_dist_conflict25_20261007_p100_s4_split/merged_delta.nq --output results/skew_subpartition_k4_conflict25_20261007/current_graph_check.nq

[done] 分布式增量更新完成: results/skew_subpartition_k4_conflict25_20261007/current_graph_check.nq
[done] 端到端耗时 10.85s -> results/skew_subpartition_k4_conflict25_20261007/time_distributed_conflict25_20261007_p100_s4_split.log
[subpartition] verified delta p=100 seed=4
agency.txt: insert=0, update=0, stale(待删除旧行)=0
calendar.txt: insert=0, update=0, stale(待删除旧行)=0
calendar_dates.txt: insert=0, update=0, stale(待删除旧行)=0
[跳过] fare_attributes.txt（无对照文件或未配置主键，delta_dir中保留原样）
[跳过] fare_rules.txt（无对照文件或未配置主键，delta_dir中保留原样）
[跳过] feed_info.txt（无对照文件或未配置主键，delta_dir中保留原样）
frequencies.txt: insert=0, update=0, stale(待删除旧行)=0
routes.txt: insert=0, update=0, stale(待删除旧行)=0
shapes.txt: insert=0, update=0, stale(待删除旧行)=0
stop_times.txt: insert=9559, update=19118, stale(待删除旧行)=28677
stops.txt: insert=0, update=0, stale(待删除旧行)=0
trips.txt: insert=0, update=0, stale(待删除旧行)=0

delta_rows: 28677
[完成] delta写入 results/skew_subpartition_k4_conflict25_20261007/work_dist_conflict25_20261007_p000_s4_unsplit/delta，stale写入 results/skew_subpartition_k4_conflict25_20261007/work_dist_conflict25_20261007_p000_s4_unsplit/stale
[done] 写入 /home/ztr/KG/dist_work/conflict25_20261007_p000_s4_unsplit/partition_0/mapping.ttl；替换了 1 处source路径
[done] 写入 /home/ztr/KG/dist_work/conflict25_20261007_p000_s4_unsplit/partition_1/mapping.ttl；替换了 1 处source路径
[done] 写入 /home/ztr/KG/dist_work/conflict25_20261007_p000_s4_unsplit/partition_2/mapping.ttl；替换了 1 处source路径
[done] 写入 /home/ztr/KG/dist_work/conflict25_20261007_p000_s4_unsplit/partition_3/mapping.ttl；替换了 1 处source路径
[done] 28677 条待删除IRI写入 results/skew_subpartition_k4_conflict25_20261007/work_dist_conflict25_20261007_p000_s4_unsplit/stale_iris.txt
baseline=3774001, removed(按subject)=172144, delta_added=172057, updated=3773914
[sh] /home/ztr/miniconda3/bin/python3 compute_delta.py --before data/urbanos_before --after data/urbanos_skew_k4_p000_s4 --delta-dir results/skew_subpartition_k4_conflict25_20261007/work_dist_conflict25_20261007_p000_s4_unsplit/delta --stale-dir results/skew_subpartition_k4_conflict25_20261007/work_dist_conflict25_20261007_p000_s4_unsplit/stale
[partition] k=4, 各分区行数=[9164, 9005, 8692, 8985]
[sh] /home/ztr/miniconda3/bin/python3 normalize_mapping.py --mapping delta_mapping_base.ttl --data-dir /home/ztr/KG/dist_work/conflict25_20261007_p000_s4_unsplit/partition_0 --output /home/ztr/KG/dist_work/conflict25_20261007_p000_s4_unsplit/partition_0/mapping.ttl
[sh] /home/ztr/miniconda3/bin/python3 normalize_mapping.py --mapping delta_mapping_base.ttl --data-dir /home/ztr/KG/dist_work/conflict25_20261007_p000_s4_unsplit/partition_1 --output /home/ztr/KG/dist_work/conflict25_20261007_p000_s4_unsplit/partition_1/mapping.ttl
[sh] /home/ztr/miniconda3/bin/python3 normalize_mapping.py --mapping delta_mapping_base.ttl --data-dir /home/ztr/KG/dist_work/conflict25_20261007_p000_s4_unsplit/partition_2 --output /home/ztr/KG/dist_work/conflict25_20261007_p000_s4_unsplit/partition_2/mapping.ttl
[sh] /home/ztr/miniconda3/bin/python3 normalize_mapping.py --mapping delta_mapping_base.ttl --data-dir /home/ztr/KG/dist_work/conflict25_20261007_p000_s4_unsplit/partition_3 --output /home/ztr/KG/dist_work/conflict25_20261007_p000_s4_unsplit/partition_3/mapping.ttl
[dispatch] 已推送4个任务到tasks:queue
[result] conflict25_20261007_p000_s4_unsplit-p0 status=ok attempts=0 mapped=808ms worker=3afaa8eff30f lock_wait=0ms (1/4)
[result] conflict25_20261007_p000_s4_unsplit-p2 status=ok attempts=0 mapped=727ms worker=224f1d05f426 lock_wait=0ms (2/4)
[result] conflict25_20261007_p000_s4_unsplit-p3 status=ok attempts=1 mapped=772ms worker=272f43c5105c lock_wait=0ms (3/4)
[result] conflict25_20261007_p000_s4_unsplit-p1 status=ok attempts=1 mapped=790ms worker=a3945c4cc987 lock_wait=0ms (4/4)
[merge] 冲突注入模式: 按行去重后保留172057条 -> results/skew_subpartition_k4_conflict25_20261007/work_dist_conflict25_20261007_p000_s4_unsplit/merged_delta.nq
[sh] /home/ztr/miniconda3/bin/python3 compute_stale_iris.py --stale-file results/skew_subpartition_k4_conflict25_20261007/work_dist_conflict25_20261007_p000_s4_unsplit/stale/stop_times.txt --template http://transport.linkeddata.es/madrid/metro/stoptimes/{trip_id}-{stop_id}-{arrival_time} --output results/skew_subpartition_k4_conflict25_20261007/work_dist_conflict25_20261007_p000_s4_unsplit/stale_iris.txt
[sh] /home/ztr/miniconda3/bin/python3 apply_delta_to_graph.py --baseline results/baseline_graph_urbanos.nq --stale-iris results/skew_subpartition_k4_conflict25_20261007/work_dist_conflict25_20261007_p000_s4_unsplit/stale_iris.txt --delta results/skew_subpartition_k4_conflict25_20261007/work_dist_conflict25_20261007_p000_s4_unsplit/merged_delta.nq --output results/skew_subpartition_k4_conflict25_20261007/current_graph_check.nq

[done] 分布式增量更新完成: results/skew_subpartition_k4_conflict25_20261007/current_graph_check.nq
[done] 端到端耗时 9.19s -> results/skew_subpartition_k4_conflict25_20261007/time_distributed_conflict25_20261007_p000_s4_unsplit.log
agency.txt: insert=0, update=0, stale(待删除旧行)=0
calendar.txt: insert=0, update=0, stale(待删除旧行)=0
calendar_dates.txt: insert=0, update=0, stale(待删除旧行)=0
[跳过] fare_attributes.txt（无对照文件或未配置主键，delta_dir中保留原样）
[跳过] fare_rules.txt（无对照文件或未配置主键，delta_dir中保留原样）
[跳过] feed_info.txt（无对照文件或未配置主键，delta_dir中保留原样）
frequencies.txt: insert=0, update=0, stale(待删除旧行)=0
routes.txt: insert=0, update=0, stale(待删除旧行)=0
shapes.txt: insert=0, update=0, stale(待删除旧行)=0
stop_times.txt: insert=9559, update=19118, stale(待删除旧行)=28677
stops.txt: insert=0, update=0, stale(待删除旧行)=0
trips.txt: insert=0, update=0, stale(待删除旧行)=0

delta_rows: 28677
[完成] delta写入 results/skew_subpartition_k4_conflict25_20261007/work_dist_conflict25_20261007_p000_s4_split/delta，stale写入 results/skew_subpartition_k4_conflict25_20261007/work_dist_conflict25_20261007_p000_s4_split/stale
[done] 写入 /home/ztr/KG/dist_work/conflict25_20261007_p000_s4_split/partition_0/mapping.ttl；替换了 1 处source路径
[done] 写入 /home/ztr/KG/dist_work/conflict25_20261007_p000_s4_split/partition_1/mapping.ttl；替换了 1 处source路径
[done] 写入 /home/ztr/KG/dist_work/conflict25_20261007_p000_s4_split/partition_2/mapping.ttl；替换了 1 处source路径
[done] 写入 /home/ztr/KG/dist_work/conflict25_20261007_p000_s4_split/partition_3/mapping.ttl；替换了 1 处source路径
[done] 28677 条待删除IRI写入 results/skew_subpartition_k4_conflict25_20261007/work_dist_conflict25_20261007_p000_s4_split/stale_iris.txt
baseline=3774001, removed(按subject)=172144, delta_added=172057, updated=3773914
[sh] /home/ztr/miniconda3/bin/python3 compute_delta.py --before data/urbanos_before --after data/urbanos_skew_k4_p000_s4 --delta-dir results/skew_subpartition_k4_conflict25_20261007/work_dist_conflict25_20261007_p000_s4_split/delta --stale-dir results/skew_subpartition_k4_conflict25_20261007/work_dist_conflict25_20261007_p000_s4_split/stale
[partition] k=4, 各分区行数=[9164, 9005, 8692, 8985]
[sh] /home/ztr/miniconda3/bin/python3 normalize_mapping.py --mapping delta_mapping_base.ttl --data-dir /home/ztr/KG/dist_work/conflict25_20261007_p000_s4_split/partition_0 --output /home/ztr/KG/dist_work/conflict25_20261007_p000_s4_split/partition_0/mapping.ttl
[sh] /home/ztr/miniconda3/bin/python3 normalize_mapping.py --mapping delta_mapping_base.ttl --data-dir /home/ztr/KG/dist_work/conflict25_20261007_p000_s4_split/partition_1 --output /home/ztr/KG/dist_work/conflict25_20261007_p000_s4_split/partition_1/mapping.ttl
[sh] /home/ztr/miniconda3/bin/python3 normalize_mapping.py --mapping delta_mapping_base.ttl --data-dir /home/ztr/KG/dist_work/conflict25_20261007_p000_s4_split/partition_2 --output /home/ztr/KG/dist_work/conflict25_20261007_p000_s4_split/partition_2/mapping.ttl
[sh] /home/ztr/miniconda3/bin/python3 normalize_mapping.py --mapping delta_mapping_base.ttl --data-dir /home/ztr/KG/dist_work/conflict25_20261007_p000_s4_split/partition_3 --output /home/ztr/KG/dist_work/conflict25_20261007_p000_s4_split/partition_3/mapping.ttl
[dispatch] 已推送4个任务到tasks:queue
[result] conflict25_20261007_p000_s4_split-p2 status=ok attempts=0 mapped=698ms worker=a3945c4cc987 lock_wait=0ms (1/4)
[result] conflict25_20261007_p000_s4_split-p0 status=ok attempts=0 mapped=658ms worker=272f43c5105c lock_wait=0ms (2/4)
[result] conflict25_20261007_p000_s4_split-p1 status=ok attempts=1 mapped=652ms worker=3afaa8eff30f lock_wait=0ms (3/4)
[result] conflict25_20261007_p000_s4_split-p3 status=ok attempts=1 mapped=675ms worker=224f1d05f426 lock_wait=0ms (4/4)
[merge] 冲突注入模式: 按行去重后保留172057条 -> results/skew_subpartition_k4_conflict25_20261007/work_dist_conflict25_20261007_p000_s4_split/merged_delta.nq
[sh] /home/ztr/miniconda3/bin/python3 compute_stale_iris.py --stale-file results/skew_subpartition_k4_conflict25_20261007/work_dist_conflict25_20261007_p000_s4_split/stale/stop_times.txt --template http://transport.linkeddata.es/madrid/metro/stoptimes/{trip_id}-{stop_id}-{arrival_time} --output results/skew_subpartition_k4_conflict25_20261007/work_dist_conflict25_20261007_p000_s4_split/stale_iris.txt
[sh] /home/ztr/miniconda3/bin/python3 apply_delta_to_graph.py --baseline results/baseline_graph_urbanos.nq --stale-iris results/skew_subpartition_k4_conflict25_20261007/work_dist_conflict25_20261007_p000_s4_split/stale_iris.txt --delta results/skew_subpartition_k4_conflict25_20261007/work_dist_conflict25_20261007_p000_s4_split/merged_delta.nq --output results/skew_subpartition_k4_conflict25_20261007/current_graph_check.nq

[done] 分布式增量更新完成: results/skew_subpartition_k4_conflict25_20261007/current_graph_check.nq
[done] 端到端耗时 9.36s -> results/skew_subpartition_k4_conflict25_20261007/time_distributed_conflict25_20261007_p000_s4_split.log
[subpartition] verified delta p=000 seed=4
agency.txt: insert=0, update=0, stale(待删除旧行)=0
calendar.txt: insert=0, update=0, stale(待删除旧行)=0
calendar_dates.txt: insert=0, update=0, stale(待删除旧行)=0
[跳过] fare_attributes.txt（无对照文件或未配置主键，delta_dir中保留原样）
[跳过] fare_rules.txt（无对照文件或未配置主键，delta_dir中保留原样）
[跳过] feed_info.txt（无对照文件或未配置主键，delta_dir中保留原样）
frequencies.txt: insert=0, update=0, stale(待删除旧行)=0
routes.txt: insert=0, update=0, stale(待删除旧行)=0
shapes.txt: insert=0, update=0, stale(待删除旧行)=0
stop_times.txt: insert=9559, update=19118, stale(待删除旧行)=28677
stops.txt: insert=0, update=0, stale(待删除旧行)=0
trips.txt: insert=0, update=0, stale(待删除旧行)=0

delta_rows: 28677
[完成] delta写入 results/skew_subpartition_k4_conflict25_20261007/work_dist_conflict25_20261007_p025_s4_split/delta，stale写入 results/skew_subpartition_k4_conflict25_20261007/work_dist_conflict25_20261007_p025_s4_split/stale
[done] 写入 /home/ztr/KG/dist_work/conflict25_20261007_p025_s4_split/partition_0/mapping.ttl；替换了 1 处source路径
[done] 写入 /home/ztr/KG/dist_work/conflict25_20261007_p025_s4_split/partition_1/mapping.ttl；替换了 1 处source路径
[done] 写入 /home/ztr/KG/dist_work/conflict25_20261007_p025_s4_split/partition_2/mapping.ttl；替换了 1 处source路径
[done] 写入 /home/ztr/KG/dist_work/conflict25_20261007_p025_s4_split/partition_3/mapping.ttl；替换了 1 处source路径
[done] 28677 条待删除IRI写入 results/skew_subpartition_k4_conflict25_20261007/work_dist_conflict25_20261007_p025_s4_split/stale_iris.txt
baseline=3774001, removed(按subject)=172126, delta_added=172057, updated=3773932
[sh] /home/ztr/miniconda3/bin/python3 compute_delta.py --before data/urbanos_before --after data/urbanos_skew_k4_p025_s4 --delta-dir results/skew_subpartition_k4_conflict25_20261007/work_dist_conflict25_20261007_p025_s4_split/delta --stale-dir results/skew_subpartition_k4_conflict25_20261007/work_dist_conflict25_20261007_p025_s4_split/stale
[partition] k=4, 各分区行数=[13746, 8565, 6677, 6858]
[sh] /home/ztr/miniconda3/bin/python3 normalize_mapping.py --mapping delta_mapping_base.ttl --data-dir /home/ztr/KG/dist_work/conflict25_20261007_p025_s4_split/partition_0 --output /home/ztr/KG/dist_work/conflict25_20261007_p025_s4_split/partition_0/mapping.ttl
[sh] /home/ztr/miniconda3/bin/python3 normalize_mapping.py --mapping delta_mapping_base.ttl --data-dir /home/ztr/KG/dist_work/conflict25_20261007_p025_s4_split/partition_1 --output /home/ztr/KG/dist_work/conflict25_20261007_p025_s4_split/partition_1/mapping.ttl
[sh] /home/ztr/miniconda3/bin/python3 normalize_mapping.py --mapping delta_mapping_base.ttl --data-dir /home/ztr/KG/dist_work/conflict25_20261007_p025_s4_split/partition_2 --output /home/ztr/KG/dist_work/conflict25_20261007_p025_s4_split/partition_2/mapping.ttl
[sh] /home/ztr/miniconda3/bin/python3 normalize_mapping.py --mapping delta_mapping_base.ttl --data-dir /home/ztr/KG/dist_work/conflict25_20261007_p025_s4_split/partition_3 --output /home/ztr/KG/dist_work/conflict25_20261007_p025_s4_split/partition_3/mapping.ttl
[dispatch] 已推送4个任务到tasks:queue
[result] conflict25_20261007_p025_s4_split-p0 status=ok attempts=0 mapped=1084ms worker=3afaa8eff30f lock_wait=0ms (1/4)
[result] conflict25_20261007_p025_s4_split-p2 status=ok attempts=0 mapped=524ms worker=224f1d05f426 lock_wait=0ms (2/4)
[result] conflict25_20261007_p025_s4_split-p3 status=ok attempts=1 mapped=592ms worker=272f43c5105c lock_wait=0ms (3/4)
[result] conflict25_20261007_p025_s4_split-p1 status=ok attempts=1 mapped=674ms worker=a3945c4cc987 lock_wait=0ms (4/4)
[merge] 冲突注入模式: 按行去重后保留172057条 -> results/skew_subpartition_k4_conflict25_20261007/work_dist_conflict25_20261007_p025_s4_split/merged_delta.nq
[sh] /home/ztr/miniconda3/bin/python3 compute_stale_iris.py --stale-file results/skew_subpartition_k4_conflict25_20261007/work_dist_conflict25_20261007_p025_s4_split/stale/stop_times.txt --template http://transport.linkeddata.es/madrid/metro/stoptimes/{trip_id}-{stop_id}-{arrival_time} --output results/skew_subpartition_k4_conflict25_20261007/work_dist_conflict25_20261007_p025_s4_split/stale_iris.txt
[sh] /home/ztr/miniconda3/bin/python3 apply_delta_to_graph.py --baseline results/baseline_graph_urbanos.nq --stale-iris results/skew_subpartition_k4_conflict25_20261007/work_dist_conflict25_20261007_p025_s4_split/stale_iris.txt --delta results/skew_subpartition_k4_conflict25_20261007/work_dist_conflict25_20261007_p025_s4_split/merged_delta.nq --output results/skew_subpartition_k4_conflict25_20261007/current_graph_check.nq

[done] 分布式增量更新完成: results/skew_subpartition_k4_conflict25_20261007/current_graph_check.nq
[done] 端到端耗时 9.76s -> results/skew_subpartition_k4_conflict25_20261007/time_distributed_conflict25_20261007_p025_s4_split.log
agency.txt: insert=0, update=0, stale(待删除旧行)=0
calendar.txt: insert=0, update=0, stale(待删除旧行)=0
calendar_dates.txt: insert=0, update=0, stale(待删除旧行)=0
[跳过] fare_attributes.txt（无对照文件或未配置主键，delta_dir中保留原样）
[跳过] fare_rules.txt（无对照文件或未配置主键，delta_dir中保留原样）
[跳过] feed_info.txt（无对照文件或未配置主键，delta_dir中保留原样）
frequencies.txt: insert=0, update=0, stale(待删除旧行)=0
routes.txt: insert=0, update=0, stale(待删除旧行)=0
shapes.txt: insert=0, update=0, stale(待删除旧行)=0
stop_times.txt: insert=9559, update=19118, stale(待删除旧行)=28677
stops.txt: insert=0, update=0, stale(待删除旧行)=0
trips.txt: insert=0, update=0, stale(待删除旧行)=0

delta_rows: 28677
[完成] delta写入 results/skew_subpartition_k4_conflict25_20261007/work_dist_conflict25_20261007_p025_s4_unsplit/delta，stale写入 results/skew_subpartition_k4_conflict25_20261007/work_dist_conflict25_20261007_p025_s4_unsplit/stale
[done] 写入 /home/ztr/KG/dist_work/conflict25_20261007_p025_s4_unsplit/partition_0/mapping.ttl；替换了 1 处source路径
[done] 写入 /home/ztr/KG/dist_work/conflict25_20261007_p025_s4_unsplit/partition_1/mapping.ttl；替换了 1 处source路径
[done] 写入 /home/ztr/KG/dist_work/conflict25_20261007_p025_s4_unsplit/partition_2/mapping.ttl；替换了 1 处source路径
[done] 写入 /home/ztr/KG/dist_work/conflict25_20261007_p025_s4_unsplit/partition_3/mapping.ttl；替换了 1 处source路径
[done] 28677 条待删除IRI写入 results/skew_subpartition_k4_conflict25_20261007/work_dist_conflict25_20261007_p025_s4_unsplit/stale_iris.txt
baseline=3774001, removed(按subject)=172126, delta_added=172057, updated=3773932
[sh] /home/ztr/miniconda3/bin/python3 compute_delta.py --before data/urbanos_before --after data/urbanos_skew_k4_p025_s4 --delta-dir results/skew_subpartition_k4_conflict25_20261007/work_dist_conflict25_20261007_p025_s4_unsplit/delta --stale-dir results/skew_subpartition_k4_conflict25_20261007/work_dist_conflict25_20261007_p025_s4_unsplit/stale
[partition] k=4, 各分区行数=[13746, 8565, 6677, 6858]
[sh] /home/ztr/miniconda3/bin/python3 normalize_mapping.py --mapping delta_mapping_base.ttl --data-dir /home/ztr/KG/dist_work/conflict25_20261007_p025_s4_unsplit/partition_0 --output /home/ztr/KG/dist_work/conflict25_20261007_p025_s4_unsplit/partition_0/mapping.ttl
[sh] /home/ztr/miniconda3/bin/python3 normalize_mapping.py --mapping delta_mapping_base.ttl --data-dir /home/ztr/KG/dist_work/conflict25_20261007_p025_s4_unsplit/partition_1 --output /home/ztr/KG/dist_work/conflict25_20261007_p025_s4_unsplit/partition_1/mapping.ttl
[sh] /home/ztr/miniconda3/bin/python3 normalize_mapping.py --mapping delta_mapping_base.ttl --data-dir /home/ztr/KG/dist_work/conflict25_20261007_p025_s4_unsplit/partition_2 --output /home/ztr/KG/dist_work/conflict25_20261007_p025_s4_unsplit/partition_2/mapping.ttl
[sh] /home/ztr/miniconda3/bin/python3 normalize_mapping.py --mapping delta_mapping_base.ttl --data-dir /home/ztr/KG/dist_work/conflict25_20261007_p025_s4_unsplit/partition_3 --output /home/ztr/KG/dist_work/conflict25_20261007_p025_s4_unsplit/partition_3/mapping.ttl
[dispatch] 已推送4个任务到tasks:queue
[result] conflict25_20261007_p025_s4_unsplit-p3 status=ok attempts=0 mapped=529ms worker=224f1d05f426 lock_wait=0ms (1/4)
[result] conflict25_20261007_p025_s4_unsplit-p1 status=ok attempts=0 mapped=614ms worker=3afaa8eff30f lock_wait=0ms (2/4)
[result] conflict25_20261007_p025_s4_unsplit-p0 status=ok attempts=1 mapped=896ms worker=272f43c5105c lock_wait=0ms (3/4)
[result] conflict25_20261007_p025_s4_unsplit-p2 status=ok attempts=1 mapped=460ms worker=a3945c4cc987 lock_wait=0ms (4/4)
[merge] 冲突注入模式: 按行去重后保留172057条 -> results/skew_subpartition_k4_conflict25_20261007/work_dist_conflict25_20261007_p025_s4_unsplit/merged_delta.nq
[sh] /home/ztr/miniconda3/bin/python3 compute_stale_iris.py --stale-file results/skew_subpartition_k4_conflict25_20261007/work_dist_conflict25_20261007_p025_s4_unsplit/stale/stop_times.txt --template http://transport.linkeddata.es/madrid/metro/stoptimes/{trip_id}-{stop_id}-{arrival_time} --output results/skew_subpartition_k4_conflict25_20261007/work_dist_conflict25_20261007_p025_s4_unsplit/stale_iris.txt
[sh] /home/ztr/miniconda3/bin/python3 apply_delta_to_graph.py --baseline results/baseline_graph_urbanos.nq --stale-iris results/skew_subpartition_k4_conflict25_20261007/work_dist_conflict25_20261007_p025_s4_unsplit/stale_iris.txt --delta results/skew_subpartition_k4_conflict25_20261007/work_dist_conflict25_20261007_p025_s4_unsplit/merged_delta.nq --output results/skew_subpartition_k4_conflict25_20261007/current_graph_check.nq

[done] 分布式增量更新完成: results/skew_subpartition_k4_conflict25_20261007/current_graph_check.nq
[done] 端到端耗时 10.90s -> results/skew_subpartition_k4_conflict25_20261007/time_distributed_conflict25_20261007_p025_s4_unsplit.log
[subpartition] verified delta p=025 seed=4
agency.txt: insert=0, update=0, stale(待删除旧行)=0
calendar.txt: insert=0, update=0, stale(待删除旧行)=0
calendar_dates.txt: insert=0, update=0, stale(待删除旧行)=0
[跳过] fare_attributes.txt（无对照文件或未配置主键，delta_dir中保留原样）
[跳过] fare_rules.txt（无对照文件或未配置主键，delta_dir中保留原样）
[跳过] feed_info.txt（无对照文件或未配置主键，delta_dir中保留原样）
frequencies.txt: insert=0, update=0, stale(待删除旧行)=0
routes.txt: insert=0, update=0, stale(待删除旧行)=0
shapes.txt: insert=0, update=0, stale(待删除旧行)=0
stop_times.txt: insert=9559, update=19118, stale(待删除旧行)=28677
stops.txt: insert=0, update=0, stale(待删除旧行)=0
trips.txt: insert=0, update=0, stale(待删除旧行)=0

delta_rows: 28677
[完成] delta写入 results/skew_subpartition_k4_conflict25_20261007/work_dist_conflict25_20261007_p050_s4_unsplit/delta，stale写入 results/skew_subpartition_k4_conflict25_20261007/work_dist_conflict25_20261007_p050_s4_unsplit/stale
[done] 写入 /home/ztr/KG/dist_work/conflict25_20261007_p050_s4_unsplit/partition_0/mapping.ttl；替换了 1 处source路径
[done] 写入 /home/ztr/KG/dist_work/conflict25_20261007_p050_s4_unsplit/partition_1/mapping.ttl；替换了 1 处source路径
[done] 写入 /home/ztr/KG/dist_work/conflict25_20261007_p050_s4_unsplit/partition_2/mapping.ttl；替换了 1 处source路径
[done] 写入 /home/ztr/KG/dist_work/conflict25_20261007_p050_s4_unsplit/partition_3/mapping.ttl；替换了 1 处source路径
[done] 28677 条待删除IRI写入 results/skew_subpartition_k4_conflict25_20261007/work_dist_conflict25_20261007_p050_s4_unsplit/stale_iris.txt
baseline=3774001, removed(按subject)=172117, delta_added=172057, updated=3773941
[sh] /home/ztr/miniconda3/bin/python3 compute_delta.py --before data/urbanos_before --after data/urbanos_skew_k4_p050_s4 --delta-dir results/skew_subpartition_k4_conflict25_20261007/work_dist_conflict25_20261007_p050_s4_unsplit/delta --stale-dir results/skew_subpartition_k4_conflict25_20261007/work_dist_conflict25_20261007_p050_s4_unsplit/stale
[partition] k=4, 各分区行数=[18724, 8136, 4458, 4528]
[sh] /home/ztr/miniconda3/bin/python3 normalize_mapping.py --mapping delta_mapping_base.ttl --data-dir /home/ztr/KG/dist_work/conflict25_20261007_p050_s4_unsplit/partition_0 --output /home/ztr/KG/dist_work/conflict25_20261007_p050_s4_unsplit/partition_0/mapping.ttl
[sh] /home/ztr/miniconda3/bin/python3 normalize_mapping.py --mapping delta_mapping_base.ttl --data-dir /home/ztr/KG/dist_work/conflict25_20261007_p050_s4_unsplit/partition_1 --output /home/ztr/KG/dist_work/conflict25_20261007_p050_s4_unsplit/partition_1/mapping.ttl
[sh] /home/ztr/miniconda3/bin/python3 normalize_mapping.py --mapping delta_mapping_base.ttl --data-dir /home/ztr/KG/dist_work/conflict25_20261007_p050_s4_unsplit/partition_2 --output /home/ztr/KG/dist_work/conflict25_20261007_p050_s4_unsplit/partition_2/mapping.ttl
[sh] /home/ztr/miniconda3/bin/python3 normalize_mapping.py --mapping delta_mapping_base.ttl --data-dir /home/ztr/KG/dist_work/conflict25_20261007_p050_s4_unsplit/partition_3 --output /home/ztr/KG/dist_work/conflict25_20261007_p050_s4_unsplit/partition_3/mapping.ttl
[dispatch] 已推送4个任务到tasks:queue
[result] conflict25_20261007_p050_s4_unsplit-p3 status=ok attempts=0 mapped=332ms worker=3afaa8eff30f lock_wait=0ms (1/4)
[result] conflict25_20261007_p050_s4_unsplit-p1 status=ok attempts=0 mapped=583ms worker=a3945c4cc987 lock_wait=0ms (2/4)
[result] conflict25_20261007_p050_s4_unsplit-p2 status=ok attempts=1 mapped=331ms worker=224f1d05f426 lock_wait=0ms (3/4)
[result] conflict25_20261007_p050_s4_unsplit-p0 status=ok attempts=1 mapped=1269ms worker=272f43c5105c lock_wait=0ms (4/4)
[merge] 冲突注入模式: 按行去重后保留172057条 -> results/skew_subpartition_k4_conflict25_20261007/work_dist_conflict25_20261007_p050_s4_unsplit/merged_delta.nq
[sh] /home/ztr/miniconda3/bin/python3 compute_stale_iris.py --stale-file results/skew_subpartition_k4_conflict25_20261007/work_dist_conflict25_20261007_p050_s4_unsplit/stale/stop_times.txt --template http://transport.linkeddata.es/madrid/metro/stoptimes/{trip_id}-{stop_id}-{arrival_time} --output results/skew_subpartition_k4_conflict25_20261007/work_dist_conflict25_20261007_p050_s4_unsplit/stale_iris.txt
[sh] /home/ztr/miniconda3/bin/python3 apply_delta_to_graph.py --baseline results/baseline_graph_urbanos.nq --stale-iris results/skew_subpartition_k4_conflict25_20261007/work_dist_conflict25_20261007_p050_s4_unsplit/stale_iris.txt --delta results/skew_subpartition_k4_conflict25_20261007/work_dist_conflict25_20261007_p050_s4_unsplit/merged_delta.nq --output results/skew_subpartition_k4_conflict25_20261007/current_graph_check.nq

[done] 分布式增量更新完成: results/skew_subpartition_k4_conflict25_20261007/current_graph_check.nq
[done] 端到端耗时 9.95s -> results/skew_subpartition_k4_conflict25_20261007/time_distributed_conflict25_20261007_p050_s4_unsplit.log
agency.txt: insert=0, update=0, stale(待删除旧行)=0
calendar.txt: insert=0, update=0, stale(待删除旧行)=0
calendar_dates.txt: insert=0, update=0, stale(待删除旧行)=0
[跳过] fare_attributes.txt（无对照文件或未配置主键，delta_dir中保留原样）
[跳过] fare_rules.txt（无对照文件或未配置主键，delta_dir中保留原样）
[跳过] feed_info.txt（无对照文件或未配置主键，delta_dir中保留原样）
frequencies.txt: insert=0, update=0, stale(待删除旧行)=0
routes.txt: insert=0, update=0, stale(待删除旧行)=0
shapes.txt: insert=0, update=0, stale(待删除旧行)=0
stop_times.txt: insert=9559, update=19118, stale(待删除旧行)=28677
stops.txt: insert=0, update=0, stale(待删除旧行)=0
trips.txt: insert=0, update=0, stale(待删除旧行)=0

delta_rows: 28677
[完成] delta写入 results/skew_subpartition_k4_conflict25_20261007/work_dist_conflict25_20261007_p050_s4_split/delta，stale写入 results/skew_subpartition_k4_conflict25_20261007/work_dist_conflict25_20261007_p050_s4_split/stale
[done] 写入 /home/ztr/KG/dist_work/conflict25_20261007_p050_s4_split/partition_0/subpartition_0/mapping.ttl；替换了 1 处source路径
[done] 写入 /home/ztr/KG/dist_work/conflict25_20261007_p050_s4_split/partition_0/subpartition_1/mapping.ttl；替换了 1 处source路径
[done] 写入 /home/ztr/KG/dist_work/conflict25_20261007_p050_s4_split/partition_0/subpartition_2/mapping.ttl；替换了 1 处source路径
[done] 写入 /home/ztr/KG/dist_work/conflict25_20261007_p050_s4_split/partition_0/subpartition_3/mapping.ttl；替换了 1 处source路径
[done] 写入 /home/ztr/KG/dist_work/conflict25_20261007_p050_s4_split/partition_1/mapping.ttl；替换了 1 处source路径
[done] 写入 /home/ztr/KG/dist_work/conflict25_20261007_p050_s4_split/partition_2/mapping.ttl；替换了 1 处source路径
[done] 写入 /home/ztr/KG/dist_work/conflict25_20261007_p050_s4_split/partition_3/mapping.ttl；替换了 1 处source路径
[done] 28677 条待删除IRI写入 results/skew_subpartition_k4_conflict25_20261007/work_dist_conflict25_20261007_p050_s4_split/stale_iris.txt
baseline=3774001, removed(按subject)=172117, delta_added=172057, updated=3773941
[sh] /home/ztr/miniconda3/bin/python3 compute_delta.py --before data/urbanos_before --after data/urbanos_skew_k4_p050_s4 --delta-dir results/skew_subpartition_k4_conflict25_20261007/work_dist_conflict25_20261007_p050_s4_split/delta --stale-dir results/skew_subpartition_k4_conflict25_20261007/work_dist_conflict25_20261007_p050_s4_split/stale
[partition] k=4, 各分区行数=[18724, 8136, 4458, 4528]
[sh] /home/ztr/miniconda3/bin/python3 normalize_mapping.py --mapping delta_mapping_base.ttl --data-dir /home/ztr/KG/dist_work/conflict25_20261007_p050_s4_split/partition_0/subpartition_0 --output /home/ztr/KG/dist_work/conflict25_20261007_p050_s4_split/partition_0/subpartition_0/mapping.ttl
[sh] /home/ztr/miniconda3/bin/python3 normalize_mapping.py --mapping delta_mapping_base.ttl --data-dir /home/ztr/KG/dist_work/conflict25_20261007_p050_s4_split/partition_0/subpartition_1 --output /home/ztr/KG/dist_work/conflict25_20261007_p050_s4_split/partition_0/subpartition_1/mapping.ttl
[sh] /home/ztr/miniconda3/bin/python3 normalize_mapping.py --mapping delta_mapping_base.ttl --data-dir /home/ztr/KG/dist_work/conflict25_20261007_p050_s4_split/partition_0/subpartition_2 --output /home/ztr/KG/dist_work/conflict25_20261007_p050_s4_split/partition_0/subpartition_2/mapping.ttl
[sh] /home/ztr/miniconda3/bin/python3 normalize_mapping.py --mapping delta_mapping_base.ttl --data-dir /home/ztr/KG/dist_work/conflict25_20261007_p050_s4_split/partition_0/subpartition_3 --output /home/ztr/KG/dist_work/conflict25_20261007_p050_s4_split/partition_0/subpartition_3/mapping.ttl
[sh] /home/ztr/miniconda3/bin/python3 normalize_mapping.py --mapping delta_mapping_base.ttl --data-dir /home/ztr/KG/dist_work/conflict25_20261007_p050_s4_split/partition_1 --output /home/ztr/KG/dist_work/conflict25_20261007_p050_s4_split/partition_1/mapping.ttl
[sh] /home/ztr/miniconda3/bin/python3 normalize_mapping.py --mapping delta_mapping_base.ttl --data-dir /home/ztr/KG/dist_work/conflict25_20261007_p050_s4_split/partition_2 --output /home/ztr/KG/dist_work/conflict25_20261007_p050_s4_split/partition_2/mapping.ttl
[sh] /home/ztr/miniconda3/bin/python3 normalize_mapping.py --mapping delta_mapping_base.ttl --data-dir /home/ztr/KG/dist_work/conflict25_20261007_p050_s4_split/partition_3 --output /home/ztr/KG/dist_work/conflict25_20261007_p050_s4_split/partition_3/mapping.ttl
[dispatch] 已推送7个任务到tasks:queue
[result] conflict25_20261007_p050_s4_split-p1 status=ok attempts=0 mapped=624ms worker=3afaa8eff30f lock_wait=0ms (1/7)
[result] conflict25_20261007_p050_s4_split-p3 status=ok attempts=0 mapped=354ms worker=a3945c4cc987 lock_wait=0ms (2/7)
[result] conflict25_20261007_p050_s4_split-p2 status=ok attempts=1 mapped=347ms worker=272f43c5105c lock_wait=0ms (3/7)
[result] conflict25_20261007_p050_s4_split-p0-s0 status=ok attempts=1 mapped=374ms worker=224f1d05f426 lock_wait=0ms (4/7)
[result] conflict25_20261007_p050_s4_split-p0-s2 status=ok attempts=0 mapped=331ms worker=a3945c4cc987 lock_wait=0ms (5/7)
[result] conflict25_20261007_p050_s4_split-p0-s1 status=ok attempts=0 mapped=336ms worker=3afaa8eff30f lock_wait=0ms (6/7)
[result] conflict25_20261007_p050_s4_split-p0-s3 status=ok attempts=0 mapped=289ms worker=272f43c5105c lock_wait=0ms (7/7)
[merge] 冲突注入模式: 按行去重后保留172057条 -> results/skew_subpartition_k4_conflict25_20261007/work_dist_conflict25_20261007_p050_s4_split/merged_delta.nq
[sh] /home/ztr/miniconda3/bin/python3 compute_stale_iris.py --stale-file results/skew_subpartition_k4_conflict25_20261007/work_dist_conflict25_20261007_p050_s4_split/stale/stop_times.txt --template http://transport.linkeddata.es/madrid/metro/stoptimes/{trip_id}-{stop_id}-{arrival_time} --output results/skew_subpartition_k4_conflict25_20261007/work_dist_conflict25_20261007_p050_s4_split/stale_iris.txt
[sh] /home/ztr/miniconda3/bin/python3 apply_delta_to_graph.py --baseline results/baseline_graph_urbanos.nq --stale-iris results/skew_subpartition_k4_conflict25_20261007/work_dist_conflict25_20261007_p050_s4_split/stale_iris.txt --delta results/skew_subpartition_k4_conflict25_20261007/work_dist_conflict25_20261007_p050_s4_split/merged_delta.nq --output results/skew_subpartition_k4_conflict25_20261007/current_graph_check.nq

[done] 分布式增量更新完成: results/skew_subpartition_k4_conflict25_20261007/current_graph_check.nq
[done] 端到端耗时 9.61s -> results/skew_subpartition_k4_conflict25_20261007/time_distributed_conflict25_20261007_p050_s4_split.log
[subpartition] verified delta p=050 seed=4
agency.txt: insert=0, update=0, stale(待删除旧行)=0
calendar.txt: insert=0, update=0, stale(待删除旧行)=0
calendar_dates.txt: insert=0, update=0, stale(待删除旧行)=0
[跳过] fare_attributes.txt（无对照文件或未配置主键，delta_dir中保留原样）
[跳过] fare_rules.txt（无对照文件或未配置主键，delta_dir中保留原样）
[跳过] feed_info.txt（无对照文件或未配置主键，delta_dir中保留原样）
frequencies.txt: insert=0, update=0, stale(待删除旧行)=0
routes.txt: insert=0, update=0, stale(待删除旧行)=0
shapes.txt: insert=0, update=0, stale(待删除旧行)=0
stop_times.txt: insert=9559, update=19118, stale(待删除旧行)=28677
stops.txt: insert=0, update=0, stale(待删除旧行)=0
trips.txt: insert=0, update=0, stale(待删除旧行)=0

delta_rows: 28677
[完成] delta写入 results/skew_subpartition_k4_conflict25_20261007/work_dist_conflict25_20261007_p100_s5_split/delta，stale写入 results/skew_subpartition_k4_conflict25_20261007/work_dist_conflict25_20261007_p100_s5_split/stale
[done] 写入 /home/ztr/KG/dist_work/conflict25_20261007_p100_s5_split/partition_0/subpartition_0/mapping.ttl；替换了 1 处source路径
[done] 写入 /home/ztr/KG/dist_work/conflict25_20261007_p100_s5_split/partition_0/subpartition_1/mapping.ttl；替换了 1 处source路径
[done] 写入 /home/ztr/KG/dist_work/conflict25_20261007_p100_s5_split/partition_0/subpartition_2/mapping.ttl；替换了 1 处source路径
[done] 写入 /home/ztr/KG/dist_work/conflict25_20261007_p100_s5_split/partition_0/subpartition_3/mapping.ttl；替换了 1 处source路径
[done] 写入 /home/ztr/KG/dist_work/conflict25_20261007_p100_s5_split/partition_1/mapping.ttl；替换了 1 处source路径
[done] 写入 /home/ztr/KG/dist_work/conflict25_20261007_p100_s5_split/partition_2/mapping.ttl；替换了 1 处source路径
[done] 写入 /home/ztr/KG/dist_work/conflict25_20261007_p100_s5_split/partition_3/mapping.ttl；替换了 1 处source路径
[done] 28677 条待删除IRI写入 results/skew_subpartition_k4_conflict25_20261007/work_dist_conflict25_20261007_p100_s5_split/stale_iris.txt
baseline=3774001, removed(按subject)=172104, delta_added=172052, updated=3773949
[sh] /home/ztr/miniconda3/bin/python3 compute_delta.py --before data/urbanos_before --after data/urbanos_skew_k4_p100_s5 --delta-dir results/skew_subpartition_k4_conflict25_20261007/work_dist_conflict25_20261007_p100_s5_split/delta --stale-dir results/skew_subpartition_k4_conflict25_20261007/work_dist_conflict25_20261007_p100_s5_split/stale
[partition] k=4, 各分区行数=[28677, 7169, 0, 0]
[sh] /home/ztr/miniconda3/bin/python3 normalize_mapping.py --mapping delta_mapping_base.ttl --data-dir /home/ztr/KG/dist_work/conflict25_20261007_p100_s5_split/partition_0/subpartition_0 --output /home/ztr/KG/dist_work/conflict25_20261007_p100_s5_split/partition_0/subpartition_0/mapping.ttl
[sh] /home/ztr/miniconda3/bin/python3 normalize_mapping.py --mapping delta_mapping_base.ttl --data-dir /home/ztr/KG/dist_work/conflict25_20261007_p100_s5_split/partition_0/subpartition_1 --output /home/ztr/KG/dist_work/conflict25_20261007_p100_s5_split/partition_0/subpartition_1/mapping.ttl
[sh] /home/ztr/miniconda3/bin/python3 normalize_mapping.py --mapping delta_mapping_base.ttl --data-dir /home/ztr/KG/dist_work/conflict25_20261007_p100_s5_split/partition_0/subpartition_2 --output /home/ztr/KG/dist_work/conflict25_20261007_p100_s5_split/partition_0/subpartition_2/mapping.ttl
[sh] /home/ztr/miniconda3/bin/python3 normalize_mapping.py --mapping delta_mapping_base.ttl --data-dir /home/ztr/KG/dist_work/conflict25_20261007_p100_s5_split/partition_0/subpartition_3 --output /home/ztr/KG/dist_work/conflict25_20261007_p100_s5_split/partition_0/subpartition_3/mapping.ttl
[sh] /home/ztr/miniconda3/bin/python3 normalize_mapping.py --mapping delta_mapping_base.ttl --data-dir /home/ztr/KG/dist_work/conflict25_20261007_p100_s5_split/partition_1 --output /home/ztr/KG/dist_work/conflict25_20261007_p100_s5_split/partition_1/mapping.ttl
[sh] /home/ztr/miniconda3/bin/python3 normalize_mapping.py --mapping delta_mapping_base.ttl --data-dir /home/ztr/KG/dist_work/conflict25_20261007_p100_s5_split/partition_2 --output /home/ztr/KG/dist_work/conflict25_20261007_p100_s5_split/partition_2/mapping.ttl
[sh] /home/ztr/miniconda3/bin/python3 normalize_mapping.py --mapping delta_mapping_base.ttl --data-dir /home/ztr/KG/dist_work/conflict25_20261007_p100_s5_split/partition_3 --output /home/ztr/KG/dist_work/conflict25_20261007_p100_s5_split/partition_3/mapping.ttl
[dispatch] 已推送7个任务到tasks:queue
[result] conflict25_20261007_p100_s5_split-p3 status=ok attempts=0 mapped=0ms worker=272f43c5105c lock_wait=0ms (1/7)
[result] conflict25_20261007_p100_s5_split-p2 status=ok attempts=0 mapped=0ms worker=3afaa8eff30f lock_wait=0ms (2/7)
[result] conflict25_20261007_p100_s5_split-p0-s1 status=ok attempts=0 mapped=662ms worker=3afaa8eff30f lock_wait=0ms (3/7)
[result] conflict25_20261007_p100_s5_split-p0-s0 status=ok attempts=0 mapped=506ms worker=224f1d05f426 lock_wait=0ms (4/7)
[result] conflict25_20261007_p100_s5_split-p0-s2 status=ok attempts=0 mapped=494ms worker=272f43c5105c lock_wait=0ms (5/7)
[result] conflict25_20261007_p100_s5_split-p1 status=ok attempts=1 mapped=524ms worker=a3945c4cc987 lock_wait=0ms (6/7)
[result] conflict25_20261007_p100_s5_split-p0-s3 status=ok attempts=1 mapped=469ms worker=3afaa8eff30f lock_wait=0ms (7/7)
[merge] 冲突注入模式: 按行去重后保留172052条 -> results/skew_subpartition_k4_conflict25_20261007/work_dist_conflict25_20261007_p100_s5_split/merged_delta.nq
[sh] /home/ztr/miniconda3/bin/python3 compute_stale_iris.py --stale-file results/skew_subpartition_k4_conflict25_20261007/work_dist_conflict25_20261007_p100_s5_split/stale/stop_times.txt --template http://transport.linkeddata.es/madrid/metro/stoptimes/{trip_id}-{stop_id}-{arrival_time} --output results/skew_subpartition_k4_conflict25_20261007/work_dist_conflict25_20261007_p100_s5_split/stale_iris.txt
[sh] /home/ztr/miniconda3/bin/python3 apply_delta_to_graph.py --baseline results/baseline_graph_urbanos.nq --stale-iris results/skew_subpartition_k4_conflict25_20261007/work_dist_conflict25_20261007_p100_s5_split/stale_iris.txt --delta results/skew_subpartition_k4_conflict25_20261007/work_dist_conflict25_20261007_p100_s5_split/merged_delta.nq --output results/skew_subpartition_k4_conflict25_20261007/current_graph_check.nq

[done] 分布式增量更新完成: results/skew_subpartition_k4_conflict25_20261007/current_graph_check.nq
[done] 端到端耗时 10.83s -> results/skew_subpartition_k4_conflict25_20261007/time_distributed_conflict25_20261007_p100_s5_split.log
agency.txt: insert=0, update=0, stale(待删除旧行)=0
calendar.txt: insert=0, update=0, stale(待删除旧行)=0
calendar_dates.txt: insert=0, update=0, stale(待删除旧行)=0
[跳过] fare_attributes.txt（无对照文件或未配置主键，delta_dir中保留原样）
[跳过] fare_rules.txt（无对照文件或未配置主键，delta_dir中保留原样）
[跳过] feed_info.txt（无对照文件或未配置主键，delta_dir中保留原样）
frequencies.txt: insert=0, update=0, stale(待删除旧行)=0
routes.txt: insert=0, update=0, stale(待删除旧行)=0
shapes.txt: insert=0, update=0, stale(待删除旧行)=0
stop_times.txt: insert=9559, update=19118, stale(待删除旧行)=28677
stops.txt: insert=0, update=0, stale(待删除旧行)=0
trips.txt: insert=0, update=0, stale(待删除旧行)=0

delta_rows: 28677
[完成] delta写入 results/skew_subpartition_k4_conflict25_20261007/work_dist_conflict25_20261007_p100_s5_unsplit/delta，stale写入 results/skew_subpartition_k4_conflict25_20261007/work_dist_conflict25_20261007_p100_s5_unsplit/stale
[done] 写入 /home/ztr/KG/dist_work/conflict25_20261007_p100_s5_unsplit/partition_0/mapping.ttl；替换了 1 处source路径
[done] 写入 /home/ztr/KG/dist_work/conflict25_20261007_p100_s5_unsplit/partition_1/mapping.ttl；替换了 1 处source路径
[done] 写入 /home/ztr/KG/dist_work/conflict25_20261007_p100_s5_unsplit/partition_2/mapping.ttl；替换了 1 处source路径
[done] 写入 /home/ztr/KG/dist_work/conflict25_20261007_p100_s5_unsplit/partition_3/mapping.ttl；替换了 1 处source路径
[done] 28677 条待删除IRI写入 results/skew_subpartition_k4_conflict25_20261007/work_dist_conflict25_20261007_p100_s5_unsplit/stale_iris.txt
baseline=3774001, removed(按subject)=172104, delta_added=172052, updated=3773949
[sh] /home/ztr/miniconda3/bin/python3 compute_delta.py --before data/urbanos_before --after data/urbanos_skew_k4_p100_s5 --delta-dir results/skew_subpartition_k4_conflict25_20261007/work_dist_conflict25_20261007_p100_s5_unsplit/delta --stale-dir results/skew_subpartition_k4_conflict25_20261007/work_dist_conflict25_20261007_p100_s5_unsplit/stale
[partition] k=4, 各分区行数=[28677, 7169, 0, 0]
[sh] /home/ztr/miniconda3/bin/python3 normalize_mapping.py --mapping delta_mapping_base.ttl --data-dir /home/ztr/KG/dist_work/conflict25_20261007_p100_s5_unsplit/partition_0 --output /home/ztr/KG/dist_work/conflict25_20261007_p100_s5_unsplit/partition_0/mapping.ttl
[sh] /home/ztr/miniconda3/bin/python3 normalize_mapping.py --mapping delta_mapping_base.ttl --data-dir /home/ztr/KG/dist_work/conflict25_20261007_p100_s5_unsplit/partition_1 --output /home/ztr/KG/dist_work/conflict25_20261007_p100_s5_unsplit/partition_1/mapping.ttl
[sh] /home/ztr/miniconda3/bin/python3 normalize_mapping.py --mapping delta_mapping_base.ttl --data-dir /home/ztr/KG/dist_work/conflict25_20261007_p100_s5_unsplit/partition_2 --output /home/ztr/KG/dist_work/conflict25_20261007_p100_s5_unsplit/partition_2/mapping.ttl
[sh] /home/ztr/miniconda3/bin/python3 normalize_mapping.py --mapping delta_mapping_base.ttl --data-dir /home/ztr/KG/dist_work/conflict25_20261007_p100_s5_unsplit/partition_3 --output /home/ztr/KG/dist_work/conflict25_20261007_p100_s5_unsplit/partition_3/mapping.ttl
[dispatch] 已推送4个任务到tasks:queue
[result] conflict25_20261007_p100_s5_unsplit-p2 status=ok attempts=0 mapped=0ms worker=3afaa8eff30f lock_wait=0ms (1/4)
[result] conflict25_20261007_p100_s5_unsplit-p3 status=ok attempts=0 mapped=0ms worker=272f43c5105c lock_wait=0ms (2/4)
[result] conflict25_20261007_p100_s5_unsplit-p1 status=ok attempts=0 mapped=501ms worker=224f1d05f426 lock_wait=0ms (3/4)
[result] conflict25_20261007_p100_s5_unsplit-p0 status=ok attempts=1 mapped=2031ms worker=a3945c4cc987 lock_wait=0ms (4/4)
[merge] 冲突注入模式: 按行去重后保留172052条 -> results/skew_subpartition_k4_conflict25_20261007/work_dist_conflict25_20261007_p100_s5_unsplit/merged_delta.nq
[sh] /home/ztr/miniconda3/bin/python3 compute_stale_iris.py --stale-file results/skew_subpartition_k4_conflict25_20261007/work_dist_conflict25_20261007_p100_s5_unsplit/stale/stop_times.txt --template http://transport.linkeddata.es/madrid/metro/stoptimes/{trip_id}-{stop_id}-{arrival_time} --output results/skew_subpartition_k4_conflict25_20261007/work_dist_conflict25_20261007_p100_s5_unsplit/stale_iris.txt
[sh] /home/ztr/miniconda3/bin/python3 apply_delta_to_graph.py --baseline results/baseline_graph_urbanos.nq --stale-iris results/skew_subpartition_k4_conflict25_20261007/work_dist_conflict25_20261007_p100_s5_unsplit/stale_iris.txt --delta results/skew_subpartition_k4_conflict25_20261007/work_dist_conflict25_20261007_p100_s5_unsplit/merged_delta.nq --output results/skew_subpartition_k4_conflict25_20261007/current_graph_check.nq

[done] 分布式增量更新完成: results/skew_subpartition_k4_conflict25_20261007/current_graph_check.nq
[done] 端到端耗时 10.88s -> results/skew_subpartition_k4_conflict25_20261007/time_distributed_conflict25_20261007_p100_s5_unsplit.log
[subpartition] verified delta p=100 seed=5
agency.txt: insert=0, update=0, stale(待删除旧行)=0
calendar.txt: insert=0, update=0, stale(待删除旧行)=0
calendar_dates.txt: insert=0, update=0, stale(待删除旧行)=0
[跳过] fare_attributes.txt（无对照文件或未配置主键，delta_dir中保留原样）
[跳过] fare_rules.txt（无对照文件或未配置主键，delta_dir中保留原样）
[跳过] feed_info.txt（无对照文件或未配置主键，delta_dir中保留原样）
frequencies.txt: insert=0, update=0, stale(待删除旧行)=0
routes.txt: insert=0, update=0, stale(待删除旧行)=0
shapes.txt: insert=0, update=0, stale(待删除旧行)=0
stop_times.txt: insert=9559, update=19118, stale(待删除旧行)=28677
stops.txt: insert=0, update=0, stale(待删除旧行)=0
trips.txt: insert=0, update=0, stale(待删除旧行)=0

delta_rows: 28677
[完成] delta写入 results/skew_subpartition_k4_conflict25_20261007/work_dist_conflict25_20261007_p000_s5_split/delta，stale写入 results/skew_subpartition_k4_conflict25_20261007/work_dist_conflict25_20261007_p000_s5_split/stale
[done] 写入 /home/ztr/KG/dist_work/conflict25_20261007_p000_s5_split/partition_0/mapping.ttl；替换了 1 处source路径
[done] 写入 /home/ztr/KG/dist_work/conflict25_20261007_p000_s5_split/partition_1/mapping.ttl；替换了 1 处source路径
[done] 写入 /home/ztr/KG/dist_work/conflict25_20261007_p000_s5_split/partition_2/mapping.ttl；替换了 1 处source路径
[done] 写入 /home/ztr/KG/dist_work/conflict25_20261007_p000_s5_split/partition_3/mapping.ttl；替换了 1 处source路径
[done] 28677 条待删除IRI写入 results/skew_subpartition_k4_conflict25_20261007/work_dist_conflict25_20261007_p000_s5_split/stale_iris.txt
baseline=3774001, removed(按subject)=172152, delta_added=172062, updated=3773911
[sh] /home/ztr/miniconda3/bin/python3 compute_delta.py --before data/urbanos_before --after data/urbanos_skew_k4_p000_s5 --delta-dir results/skew_subpartition_k4_conflict25_20261007/work_dist_conflict25_20261007_p000_s5_split/delta --stale-dir results/skew_subpartition_k4_conflict25_20261007/work_dist_conflict25_20261007_p000_s5_split/stale
[partition] k=4, 各分区行数=[9142, 9028, 8692, 8984]
[sh] /home/ztr/miniconda3/bin/python3 normalize_mapping.py --mapping delta_mapping_base.ttl --data-dir /home/ztr/KG/dist_work/conflict25_20261007_p000_s5_split/partition_0 --output /home/ztr/KG/dist_work/conflict25_20261007_p000_s5_split/partition_0/mapping.ttl
[sh] /home/ztr/miniconda3/bin/python3 normalize_mapping.py --mapping delta_mapping_base.ttl --data-dir /home/ztr/KG/dist_work/conflict25_20261007_p000_s5_split/partition_1 --output /home/ztr/KG/dist_work/conflict25_20261007_p000_s5_split/partition_1/mapping.ttl
[sh] /home/ztr/miniconda3/bin/python3 normalize_mapping.py --mapping delta_mapping_base.ttl --data-dir /home/ztr/KG/dist_work/conflict25_20261007_p000_s5_split/partition_2 --output /home/ztr/KG/dist_work/conflict25_20261007_p000_s5_split/partition_2/mapping.ttl
[sh] /home/ztr/miniconda3/bin/python3 normalize_mapping.py --mapping delta_mapping_base.ttl --data-dir /home/ztr/KG/dist_work/conflict25_20261007_p000_s5_split/partition_3 --output /home/ztr/KG/dist_work/conflict25_20261007_p000_s5_split/partition_3/mapping.ttl
[dispatch] 已推送4个任务到tasks:queue
[result] conflict25_20261007_p000_s5_split-p1 status=ok attempts=0 mapped=663ms worker=224f1d05f426 lock_wait=0ms (1/4)
[result] conflict25_20261007_p000_s5_split-p3 status=ok attempts=0 mapped=651ms worker=3afaa8eff30f lock_wait=0ms (2/4)
[result] conflict25_20261007_p000_s5_split-p2 status=ok attempts=1 mapped=645ms worker=a3945c4cc987 lock_wait=0ms (3/4)
[result] conflict25_20261007_p000_s5_split-p0 status=ok attempts=1 mapped=650ms worker=272f43c5105c lock_wait=0ms (4/4)
[merge] 冲突注入模式: 按行去重后保留172062条 -> results/skew_subpartition_k4_conflict25_20261007/work_dist_conflict25_20261007_p000_s5_split/merged_delta.nq
[sh] /home/ztr/miniconda3/bin/python3 compute_stale_iris.py --stale-file results/skew_subpartition_k4_conflict25_20261007/work_dist_conflict25_20261007_p000_s5_split/stale/stop_times.txt --template http://transport.linkeddata.es/madrid/metro/stoptimes/{trip_id}-{stop_id}-{arrival_time} --output results/skew_subpartition_k4_conflict25_20261007/work_dist_conflict25_20261007_p000_s5_split/stale_iris.txt
[sh] /home/ztr/miniconda3/bin/python3 apply_delta_to_graph.py --baseline results/baseline_graph_urbanos.nq --stale-iris results/skew_subpartition_k4_conflict25_20261007/work_dist_conflict25_20261007_p000_s5_split/stale_iris.txt --delta results/skew_subpartition_k4_conflict25_20261007/work_dist_conflict25_20261007_p000_s5_split/merged_delta.nq --output results/skew_subpartition_k4_conflict25_20261007/current_graph_check.nq

[done] 分布式增量更新完成: results/skew_subpartition_k4_conflict25_20261007/current_graph_check.nq
[done] 端到端耗时 9.65s -> results/skew_subpartition_k4_conflict25_20261007/time_distributed_conflict25_20261007_p000_s5_split.log
agency.txt: insert=0, update=0, stale(待删除旧行)=0
calendar.txt: insert=0, update=0, stale(待删除旧行)=0
calendar_dates.txt: insert=0, update=0, stale(待删除旧行)=0
[跳过] fare_attributes.txt（无对照文件或未配置主键，delta_dir中保留原样）
[跳过] fare_rules.txt（无对照文件或未配置主键，delta_dir中保留原样）
[跳过] feed_info.txt（无对照文件或未配置主键，delta_dir中保留原样）
frequencies.txt: insert=0, update=0, stale(待删除旧行)=0
routes.txt: insert=0, update=0, stale(待删除旧行)=0
shapes.txt: insert=0, update=0, stale(待删除旧行)=0
stop_times.txt: insert=9559, update=19118, stale(待删除旧行)=28677
stops.txt: insert=0, update=0, stale(待删除旧行)=0
trips.txt: insert=0, update=0, stale(待删除旧行)=0

delta_rows: 28677
[完成] delta写入 results/skew_subpartition_k4_conflict25_20261007/work_dist_conflict25_20261007_p000_s5_unsplit/delta，stale写入 results/skew_subpartition_k4_conflict25_20261007/work_dist_conflict25_20261007_p000_s5_unsplit/stale
[done] 写入 /home/ztr/KG/dist_work/conflict25_20261007_p000_s5_unsplit/partition_0/mapping.ttl；替换了 1 处source路径
[done] 写入 /home/ztr/KG/dist_work/conflict25_20261007_p000_s5_unsplit/partition_1/mapping.ttl；替换了 1 处source路径
[done] 写入 /home/ztr/KG/dist_work/conflict25_20261007_p000_s5_unsplit/partition_2/mapping.ttl；替换了 1 处source路径
[done] 写入 /home/ztr/KG/dist_work/conflict25_20261007_p000_s5_unsplit/partition_3/mapping.ttl；替换了 1 处source路径
[done] 28677 条待删除IRI写入 results/skew_subpartition_k4_conflict25_20261007/work_dist_conflict25_20261007_p000_s5_unsplit/stale_iris.txt
baseline=3774001, removed(按subject)=172152, delta_added=172062, updated=3773911
[sh] /home/ztr/miniconda3/bin/python3 compute_delta.py --before data/urbanos_before --after data/urbanos_skew_k4_p000_s5 --delta-dir results/skew_subpartition_k4_conflict25_20261007/work_dist_conflict25_20261007_p000_s5_unsplit/delta --stale-dir results/skew_subpartition_k4_conflict25_20261007/work_dist_conflict25_20261007_p000_s5_unsplit/stale
[partition] k=4, 各分区行数=[9142, 9028, 8692, 8984]
[sh] /home/ztr/miniconda3/bin/python3 normalize_mapping.py --mapping delta_mapping_base.ttl --data-dir /home/ztr/KG/dist_work/conflict25_20261007_p000_s5_unsplit/partition_0 --output /home/ztr/KG/dist_work/conflict25_20261007_p000_s5_unsplit/partition_0/mapping.ttl
[sh] /home/ztr/miniconda3/bin/python3 normalize_mapping.py --mapping delta_mapping_base.ttl --data-dir /home/ztr/KG/dist_work/conflict25_20261007_p000_s5_unsplit/partition_1 --output /home/ztr/KG/dist_work/conflict25_20261007_p000_s5_unsplit/partition_1/mapping.ttl
[sh] /home/ztr/miniconda3/bin/python3 normalize_mapping.py --mapping delta_mapping_base.ttl --data-dir /home/ztr/KG/dist_work/conflict25_20261007_p000_s5_unsplit/partition_2 --output /home/ztr/KG/dist_work/conflict25_20261007_p000_s5_unsplit/partition_2/mapping.ttl
[sh] /home/ztr/miniconda3/bin/python3 normalize_mapping.py --mapping delta_mapping_base.ttl --data-dir /home/ztr/KG/dist_work/conflict25_20261007_p000_s5_unsplit/partition_3 --output /home/ztr/KG/dist_work/conflict25_20261007_p000_s5_unsplit/partition_3/mapping.ttl
[dispatch] 已推送4个任务到tasks:queue
[result] conflict25_20261007_p000_s5_unsplit-p1 status=ok attempts=0 mapped=700ms worker=224f1d05f426 lock_wait=0ms (1/4)
[result] conflict25_20261007_p000_s5_unsplit-p3 status=ok attempts=0 mapped=686ms worker=3afaa8eff30f lock_wait=0ms (2/4)
[result] conflict25_20261007_p000_s5_unsplit-p0 status=ok attempts=1 mapped=694ms worker=a3945c4cc987 lock_wait=0ms (3/4)
[result] conflict25_20261007_p000_s5_unsplit-p2 status=ok attempts=1 mapped=651ms worker=272f43c5105c lock_wait=0ms (4/4)
[merge] 冲突注入模式: 按行去重后保留172062条 -> results/skew_subpartition_k4_conflict25_20261007/work_dist_conflict25_20261007_p000_s5_unsplit/merged_delta.nq
[sh] /home/ztr/miniconda3/bin/python3 compute_stale_iris.py --stale-file results/skew_subpartition_k4_conflict25_20261007/work_dist_conflict25_20261007_p000_s5_unsplit/stale/stop_times.txt --template http://transport.linkeddata.es/madrid/metro/stoptimes/{trip_id}-{stop_id}-{arrival_time} --output results/skew_subpartition_k4_conflict25_20261007/work_dist_conflict25_20261007_p000_s5_unsplit/stale_iris.txt
[sh] /home/ztr/miniconda3/bin/python3 apply_delta_to_graph.py --baseline results/baseline_graph_urbanos.nq --stale-iris results/skew_subpartition_k4_conflict25_20261007/work_dist_conflict25_20261007_p000_s5_unsplit/stale_iris.txt --delta results/skew_subpartition_k4_conflict25_20261007/work_dist_conflict25_20261007_p000_s5_unsplit/merged_delta.nq --output results/skew_subpartition_k4_conflict25_20261007/current_graph_check.nq

[done] 分布式增量更新完成: results/skew_subpartition_k4_conflict25_20261007/current_graph_check.nq
[done] 端到端耗时 9.43s -> results/skew_subpartition_k4_conflict25_20261007/time_distributed_conflict25_20261007_p000_s5_unsplit.log
[subpartition] verified delta p=000 seed=5
agency.txt: insert=0, update=0, stale(待删除旧行)=0
calendar.txt: insert=0, update=0, stale(待删除旧行)=0
calendar_dates.txt: insert=0, update=0, stale(待删除旧行)=0
[跳过] fare_attributes.txt（无对照文件或未配置主键，delta_dir中保留原样）
[跳过] fare_rules.txt（无对照文件或未配置主键，delta_dir中保留原样）
[跳过] feed_info.txt（无对照文件或未配置主键，delta_dir中保留原样）
frequencies.txt: insert=0, update=0, stale(待删除旧行)=0
routes.txt: insert=0, update=0, stale(待删除旧行)=0
shapes.txt: insert=0, update=0, stale(待删除旧行)=0
stop_times.txt: insert=9559, update=19118, stale(待删除旧行)=28677
stops.txt: insert=0, update=0, stale(待删除旧行)=0
trips.txt: insert=0, update=0, stale(待删除旧行)=0

delta_rows: 28677
[完成] delta写入 results/skew_subpartition_k4_conflict25_20261007/work_dist_conflict25_20261007_p025_s5_unsplit/delta，stale写入 results/skew_subpartition_k4_conflict25_20261007/work_dist_conflict25_20261007_p025_s5_unsplit/stale
[done] 写入 /home/ztr/KG/dist_work/conflict25_20261007_p025_s5_unsplit/partition_0/mapping.ttl；替换了 1 处source路径
[done] 写入 /home/ztr/KG/dist_work/conflict25_20261007_p025_s5_unsplit/partition_1/mapping.ttl；替换了 1 处source路径
[done] 写入 /home/ztr/KG/dist_work/conflict25_20261007_p025_s5_unsplit/partition_2/mapping.ttl；替换了 1 处source路径
[done] 写入 /home/ztr/KG/dist_work/conflict25_20261007_p025_s5_unsplit/partition_3/mapping.ttl；替换了 1 处source路径
[done] 28677 条待删除IRI写入 results/skew_subpartition_k4_conflict25_20261007/work_dist_conflict25_20261007_p025_s5_unsplit/stale_iris.txt
baseline=3774001, removed(按subject)=172144, delta_added=172062, updated=3773919
[sh] /home/ztr/miniconda3/bin/python3 compute_delta.py --before data/urbanos_before --after data/urbanos_skew_k4_p025_s5 --delta-dir results/skew_subpartition_k4_conflict25_20261007/work_dist_conflict25_20261007_p025_s5_unsplit/delta --stale-dir results/skew_subpartition_k4_conflict25_20261007/work_dist_conflict25_20261007_p025_s5_unsplit/stale
[partition] k=4, 各分区行数=[13914, 8582, 6660, 6690]
[sh] /home/ztr/miniconda3/bin/python3 normalize_mapping.py --mapping delta_mapping_base.ttl --data-dir /home/ztr/KG/dist_work/conflict25_20261007_p025_s5_unsplit/partition_0 --output /home/ztr/KG/dist_work/conflict25_20261007_p025_s5_unsplit/partition_0/mapping.ttl
[sh] /home/ztr/miniconda3/bin/python3 normalize_mapping.py --mapping delta_mapping_base.ttl --data-dir /home/ztr/KG/dist_work/conflict25_20261007_p025_s5_unsplit/partition_1 --output /home/ztr/KG/dist_work/conflict25_20261007_p025_s5_unsplit/partition_1/mapping.ttl
[sh] /home/ztr/miniconda3/bin/python3 normalize_mapping.py --mapping delta_mapping_base.ttl --data-dir /home/ztr/KG/dist_work/conflict25_20261007_p025_s5_unsplit/partition_2 --output /home/ztr/KG/dist_work/conflict25_20261007_p025_s5_unsplit/partition_2/mapping.ttl
[sh] /home/ztr/miniconda3/bin/python3 normalize_mapping.py --mapping delta_mapping_base.ttl --data-dir /home/ztr/KG/dist_work/conflict25_20261007_p025_s5_unsplit/partition_3 --output /home/ztr/KG/dist_work/conflict25_20261007_p025_s5_unsplit/partition_3/mapping.ttl
[dispatch] 已推送4个任务到tasks:queue
[result] conflict25_20261007_p025_s5_unsplit-p0 status=ok attempts=0 mapped=1105ms worker=a3945c4cc987 lock_wait=0ms (1/4)
[result] conflict25_20261007_p025_s5_unsplit-p2 status=ok attempts=0 mapped=633ms worker=272f43c5105c lock_wait=0ms (2/4)
[result] conflict25_20261007_p025_s5_unsplit-p3 status=ok attempts=1 mapped=592ms worker=3afaa8eff30f lock_wait=0ms (3/4)
[result] conflict25_20261007_p025_s5_unsplit-p1 status=ok attempts=1 mapped=681ms worker=224f1d05f426 lock_wait=0ms (4/4)
[merge] 冲突注入模式: 按行去重后保留172062条 -> results/skew_subpartition_k4_conflict25_20261007/work_dist_conflict25_20261007_p025_s5_unsplit/merged_delta.nq
[sh] /home/ztr/miniconda3/bin/python3 compute_stale_iris.py --stale-file results/skew_subpartition_k4_conflict25_20261007/work_dist_conflict25_20261007_p025_s5_unsplit/stale/stop_times.txt --template http://transport.linkeddata.es/madrid/metro/stoptimes/{trip_id}-{stop_id}-{arrival_time} --output results/skew_subpartition_k4_conflict25_20261007/work_dist_conflict25_20261007_p025_s5_unsplit/stale_iris.txt
[sh] /home/ztr/miniconda3/bin/python3 apply_delta_to_graph.py --baseline results/baseline_graph_urbanos.nq --stale-iris results/skew_subpartition_k4_conflict25_20261007/work_dist_conflict25_20261007_p025_s5_unsplit/stale_iris.txt --delta results/skew_subpartition_k4_conflict25_20261007/work_dist_conflict25_20261007_p025_s5_unsplit/merged_delta.nq --output results/skew_subpartition_k4_conflict25_20261007/current_graph_check.nq

[done] 分布式增量更新完成: results/skew_subpartition_k4_conflict25_20261007/current_graph_check.nq
[done] 端到端耗时 10.58s -> results/skew_subpartition_k4_conflict25_20261007/time_distributed_conflict25_20261007_p025_s5_unsplit.log
agency.txt: insert=0, update=0, stale(待删除旧行)=0
calendar.txt: insert=0, update=0, stale(待删除旧行)=0
calendar_dates.txt: insert=0, update=0, stale(待删除旧行)=0
[跳过] fare_attributes.txt（无对照文件或未配置主键，delta_dir中保留原样）
[跳过] fare_rules.txt（无对照文件或未配置主键，delta_dir中保留原样）
[跳过] feed_info.txt（无对照文件或未配置主键，delta_dir中保留原样）
frequencies.txt: insert=0, update=0, stale(待删除旧行)=0
routes.txt: insert=0, update=0, stale(待删除旧行)=0
shapes.txt: insert=0, update=0, stale(待删除旧行)=0
stop_times.txt: insert=9559, update=19118, stale(待删除旧行)=28677
stops.txt: insert=0, update=0, stale(待删除旧行)=0
trips.txt: insert=0, update=0, stale(待删除旧行)=0

delta_rows: 28677
[完成] delta写入 results/skew_subpartition_k4_conflict25_20261007/work_dist_conflict25_20261007_p025_s5_split/delta，stale写入 results/skew_subpartition_k4_conflict25_20261007/work_dist_conflict25_20261007_p025_s5_split/stale
[done] 写入 /home/ztr/KG/dist_work/conflict25_20261007_p025_s5_split/partition_0/mapping.ttl；替换了 1 处source路径
[done] 写入 /home/ztr/KG/dist_work/conflict25_20261007_p025_s5_split/partition_1/mapping.ttl；替换了 1 处source路径
[done] 写入 /home/ztr/KG/dist_work/conflict25_20261007_p025_s5_split/partition_2/mapping.ttl；替换了 1 处source路径
[done] 写入 /home/ztr/KG/dist_work/conflict25_20261007_p025_s5_split/partition_3/mapping.ttl；替换了 1 处source路径
[done] 28677 条待删除IRI写入 results/skew_subpartition_k4_conflict25_20261007/work_dist_conflict25_20261007_p025_s5_split/stale_iris.txt
baseline=3774001, removed(按subject)=172144, delta_added=172062, updated=3773919
[sh] /home/ztr/miniconda3/bin/python3 compute_delta.py --before data/urbanos_before --after data/urbanos_skew_k4_p025_s5 --delta-dir results/skew_subpartition_k4_conflict25_20261007/work_dist_conflict25_20261007_p025_s5_split/delta --stale-dir results/skew_subpartition_k4_conflict25_20261007/work_dist_conflict25_20261007_p025_s5_split/stale
[partition] k=4, 各分区行数=[13914, 8582, 6660, 6690]
[sh] /home/ztr/miniconda3/bin/python3 normalize_mapping.py --mapping delta_mapping_base.ttl --data-dir /home/ztr/KG/dist_work/conflict25_20261007_p025_s5_split/partition_0 --output /home/ztr/KG/dist_work/conflict25_20261007_p025_s5_split/partition_0/mapping.ttl
[sh] /home/ztr/miniconda3/bin/python3 normalize_mapping.py --mapping delta_mapping_base.ttl --data-dir /home/ztr/KG/dist_work/conflict25_20261007_p025_s5_split/partition_1 --output /home/ztr/KG/dist_work/conflict25_20261007_p025_s5_split/partition_1/mapping.ttl
[sh] /home/ztr/miniconda3/bin/python3 normalize_mapping.py --mapping delta_mapping_base.ttl --data-dir /home/ztr/KG/dist_work/conflict25_20261007_p025_s5_split/partition_2 --output /home/ztr/KG/dist_work/conflict25_20261007_p025_s5_split/partition_2/mapping.ttl
[sh] /home/ztr/miniconda3/bin/python3 normalize_mapping.py --mapping delta_mapping_base.ttl --data-dir /home/ztr/KG/dist_work/conflict25_20261007_p025_s5_split/partition_3 --output /home/ztr/KG/dist_work/conflict25_20261007_p025_s5_split/partition_3/mapping.ttl
[dispatch] 已推送4个任务到tasks:queue
[result] conflict25_20261007_p025_s5_split-p0 status=ok attempts=0 mapped=992ms worker=3afaa8eff30f lock_wait=0ms (1/4)
[result] conflict25_20261007_p025_s5_split-p2 status=ok attempts=0 mapped=504ms worker=224f1d05f426 lock_wait=0ms (2/4)
[result] conflict25_20261007_p025_s5_split-p1 status=ok attempts=1 mapped=636ms worker=a3945c4cc987 lock_wait=0ms (3/4)
[result] conflict25_20261007_p025_s5_split-p3 status=ok attempts=1 mapped=521ms worker=272f43c5105c lock_wait=0ms (4/4)
[merge] 冲突注入模式: 按行去重后保留172062条 -> results/skew_subpartition_k4_conflict25_20261007/work_dist_conflict25_20261007_p025_s5_split/merged_delta.nq
[sh] /home/ztr/miniconda3/bin/python3 compute_stale_iris.py --stale-file results/skew_subpartition_k4_conflict25_20261007/work_dist_conflict25_20261007_p025_s5_split/stale/stop_times.txt --template http://transport.linkeddata.es/madrid/metro/stoptimes/{trip_id}-{stop_id}-{arrival_time} --output results/skew_subpartition_k4_conflict25_20261007/work_dist_conflict25_20261007_p025_s5_split/stale_iris.txt
[sh] /home/ztr/miniconda3/bin/python3 apply_delta_to_graph.py --baseline results/baseline_graph_urbanos.nq --stale-iris results/skew_subpartition_k4_conflict25_20261007/work_dist_conflict25_20261007_p025_s5_split/stale_iris.txt --delta results/skew_subpartition_k4_conflict25_20261007/work_dist_conflict25_20261007_p025_s5_split/merged_delta.nq --output results/skew_subpartition_k4_conflict25_20261007/current_graph_check.nq

[done] 分布式增量更新完成: results/skew_subpartition_k4_conflict25_20261007/current_graph_check.nq
[done] 端到端耗时 10.36s -> results/skew_subpartition_k4_conflict25_20261007/time_distributed_conflict25_20261007_p025_s5_split.log
[subpartition] verified delta p=025 seed=5
agency.txt: insert=0, update=0, stale(待删除旧行)=0
calendar.txt: insert=0, update=0, stale(待删除旧行)=0
calendar_dates.txt: insert=0, update=0, stale(待删除旧行)=0
[跳过] fare_attributes.txt（无对照文件或未配置主键，delta_dir中保留原样）
[跳过] fare_rules.txt（无对照文件或未配置主键，delta_dir中保留原样）
[跳过] feed_info.txt（无对照文件或未配置主键，delta_dir中保留原样）
frequencies.txt: insert=0, update=0, stale(待删除旧行)=0
routes.txt: insert=0, update=0, stale(待删除旧行)=0
shapes.txt: insert=0, update=0, stale(待删除旧行)=0
stop_times.txt: insert=9559, update=19118, stale(待删除旧行)=28677
stops.txt: insert=0, update=0, stale(待删除旧行)=0
trips.txt: insert=0, update=0, stale(待删除旧行)=0

delta_rows: 28677
[完成] delta写入 results/skew_subpartition_k4_conflict25_20261007/work_dist_conflict25_20261007_p050_s5_split/delta，stale写入 results/skew_subpartition_k4_conflict25_20261007/work_dist_conflict25_20261007_p050_s5_split/stale
[done] 写入 /home/ztr/KG/dist_work/conflict25_20261007_p050_s5_split/partition_0/subpartition_0/mapping.ttl；替换了 1 处source路径
[done] 写入 /home/ztr/KG/dist_work/conflict25_20261007_p050_s5_split/partition_0/subpartition_1/mapping.ttl；替换了 1 处source路径
[done] 写入 /home/ztr/KG/dist_work/conflict25_20261007_p050_s5_split/partition_0/subpartition_2/mapping.ttl；替换了 1 处source路径
[done] 写入 /home/ztr/KG/dist_work/conflict25_20261007_p050_s5_split/partition_0/subpartition_3/mapping.ttl；替换了 1 处source路径
[done] 写入 /home/ztr/KG/dist_work/conflict25_20261007_p050_s5_split/partition_1/mapping.ttl；替换了 1 处source路径
[done] 写入 /home/ztr/KG/dist_work/conflict25_20261007_p050_s5_split/partition_2/mapping.ttl；替换了 1 处source路径
[done] 写入 /home/ztr/KG/dist_work/conflict25_20261007_p050_s5_split/partition_3/mapping.ttl；替换了 1 处source路径
[done] 28677 条待删除IRI写入 results/skew_subpartition_k4_conflict25_20261007/work_dist_conflict25_20261007_p050_s5_split/stale_iris.txt
baseline=3774001, removed(按subject)=172142, delta_added=172057, updated=3773916
[sh] /home/ztr/miniconda3/bin/python3 compute_delta.py --before data/urbanos_before --after data/urbanos_skew_k4_p050_s5 --delta-dir results/skew_subpartition_k4_conflict25_20261007/work_dist_conflict25_20261007_p050_s5_split/delta --stale-dir results/skew_subpartition_k4_conflict25_20261007/work_dist_conflict25_20261007_p050_s5_split/stale
[partition] k=4, 各分区行数=[18805, 8140, 4333, 4568]
[sh] /home/ztr/miniconda3/bin/python3 normalize_mapping.py --mapping delta_mapping_base.ttl --data-dir /home/ztr/KG/dist_work/conflict25_20261007_p050_s5_split/partition_0/subpartition_0 --output /home/ztr/KG/dist_work/conflict25_20261007_p050_s5_split/partition_0/subpartition_0/mapping.ttl
[sh] /home/ztr/miniconda3/bin/python3 normalize_mapping.py --mapping delta_mapping_base.ttl --data-dir /home/ztr/KG/dist_work/conflict25_20261007_p050_s5_split/partition_0/subpartition_1 --output /home/ztr/KG/dist_work/conflict25_20261007_p050_s5_split/partition_0/subpartition_1/mapping.ttl
[sh] /home/ztr/miniconda3/bin/python3 normalize_mapping.py --mapping delta_mapping_base.ttl --data-dir /home/ztr/KG/dist_work/conflict25_20261007_p050_s5_split/partition_0/subpartition_2 --output /home/ztr/KG/dist_work/conflict25_20261007_p050_s5_split/partition_0/subpartition_2/mapping.ttl
[sh] /home/ztr/miniconda3/bin/python3 normalize_mapping.py --mapping delta_mapping_base.ttl --data-dir /home/ztr/KG/dist_work/conflict25_20261007_p050_s5_split/partition_0/subpartition_3 --output /home/ztr/KG/dist_work/conflict25_20261007_p050_s5_split/partition_0/subpartition_3/mapping.ttl
[sh] /home/ztr/miniconda3/bin/python3 normalize_mapping.py --mapping delta_mapping_base.ttl --data-dir /home/ztr/KG/dist_work/conflict25_20261007_p050_s5_split/partition_1 --output /home/ztr/KG/dist_work/conflict25_20261007_p050_s5_split/partition_1/mapping.ttl
[sh] /home/ztr/miniconda3/bin/python3 normalize_mapping.py --mapping delta_mapping_base.ttl --data-dir /home/ztr/KG/dist_work/conflict25_20261007_p050_s5_split/partition_2 --output /home/ztr/KG/dist_work/conflict25_20261007_p050_s5_split/partition_2/mapping.ttl
[sh] /home/ztr/miniconda3/bin/python3 normalize_mapping.py --mapping delta_mapping_base.ttl --data-dir /home/ztr/KG/dist_work/conflict25_20261007_p050_s5_split/partition_3 --output /home/ztr/KG/dist_work/conflict25_20261007_p050_s5_split/partition_3/mapping.ttl
[dispatch] 已推送7个任务到tasks:queue
[result] conflict25_20261007_p050_s5_split-p1 status=ok attempts=0 mapped=702ms worker=3afaa8eff30f lock_wait=0ms (1/7)
[result] conflict25_20261007_p050_s5_split-p3 status=ok attempts=0 mapped=391ms worker=224f1d05f426 lock_wait=0ms (2/7)
[result] conflict25_20261007_p050_s5_split-p0-s2 status=ok attempts=0 mapped=306ms worker=224f1d05f426 lock_wait=0ms (3/7)
[result] conflict25_20261007_p050_s5_split-p0-s0 status=ok attempts=1 mapped=402ms worker=a3945c4cc987 lock_wait=0ms (4/7)
[result] conflict25_20261007_p050_s5_split-p0-s1 status=ok attempts=0 mapped=365ms worker=3afaa8eff30f lock_wait=0ms (5/7)
[result] conflict25_20261007_p050_s5_split-p2 status=ok attempts=1 mapped=360ms worker=272f43c5105c lock_wait=0ms (6/7)
[result] conflict25_20261007_p050_s5_split-p0-s3 status=ok attempts=0 mapped=298ms worker=224f1d05f426 lock_wait=0ms (7/7)
[merge] 冲突注入模式: 按行去重后保留172057条 -> results/skew_subpartition_k4_conflict25_20261007/work_dist_conflict25_20261007_p050_s5_split/merged_delta.nq
[sh] /home/ztr/miniconda3/bin/python3 compute_stale_iris.py --stale-file results/skew_subpartition_k4_conflict25_20261007/work_dist_conflict25_20261007_p050_s5_split/stale/stop_times.txt --template http://transport.linkeddata.es/madrid/metro/stoptimes/{trip_id}-{stop_id}-{arrival_time} --output results/skew_subpartition_k4_conflict25_20261007/work_dist_conflict25_20261007_p050_s5_split/stale_iris.txt
[sh] /home/ztr/miniconda3/bin/python3 apply_delta_to_graph.py --baseline results/baseline_graph_urbanos.nq --stale-iris results/skew_subpartition_k4_conflict25_20261007/work_dist_conflict25_20261007_p050_s5_split/stale_iris.txt --delta results/skew_subpartition_k4_conflict25_20261007/work_dist_conflict25_20261007_p050_s5_split/merged_delta.nq --output results/skew_subpartition_k4_conflict25_20261007/current_graph_check.nq

[done] 分布式增量更新完成: results/skew_subpartition_k4_conflict25_20261007/current_graph_check.nq
[done] 端到端耗时 9.64s -> results/skew_subpartition_k4_conflict25_20261007/time_distributed_conflict25_20261007_p050_s5_split.log
agency.txt: insert=0, update=0, stale(待删除旧行)=0
calendar.txt: insert=0, update=0, stale(待删除旧行)=0
calendar_dates.txt: insert=0, update=0, stale(待删除旧行)=0
[跳过] fare_attributes.txt（无对照文件或未配置主键，delta_dir中保留原样）
[跳过] fare_rules.txt（无对照文件或未配置主键，delta_dir中保留原样）
[跳过] feed_info.txt（无对照文件或未配置主键，delta_dir中保留原样）
frequencies.txt: insert=0, update=0, stale(待删除旧行)=0
routes.txt: insert=0, update=0, stale(待删除旧行)=0
shapes.txt: insert=0, update=0, stale(待删除旧行)=0
stop_times.txt: insert=9559, update=19118, stale(待删除旧行)=28677
stops.txt: insert=0, update=0, stale(待删除旧行)=0
trips.txt: insert=0, update=0, stale(待删除旧行)=0

delta_rows: 28677
[完成] delta写入 results/skew_subpartition_k4_conflict25_20261007/work_dist_conflict25_20261007_p050_s5_unsplit/delta，stale写入 results/skew_subpartition_k4_conflict25_20261007/work_dist_conflict25_20261007_p050_s5_unsplit/stale
[done] 写入 /home/ztr/KG/dist_work/conflict25_20261007_p050_s5_unsplit/partition_0/mapping.ttl；替换了 1 处source路径
[done] 写入 /home/ztr/KG/dist_work/conflict25_20261007_p050_s5_unsplit/partition_1/mapping.ttl；替换了 1 处source路径
[done] 写入 /home/ztr/KG/dist_work/conflict25_20261007_p050_s5_unsplit/partition_2/mapping.ttl；替换了 1 处source路径
[done] 写入 /home/ztr/KG/dist_work/conflict25_20261007_p050_s5_unsplit/partition_3/mapping.ttl；替换了 1 处source路径
[done] 28677 条待删除IRI写入 results/skew_subpartition_k4_conflict25_20261007/work_dist_conflict25_20261007_p050_s5_unsplit/stale_iris.txt
baseline=3774001, removed(按subject)=172142, delta_added=172057, updated=3773916
[sh] /home/ztr/miniconda3/bin/python3 compute_delta.py --before data/urbanos_before --after data/urbanos_skew_k4_p050_s5 --delta-dir results/skew_subpartition_k4_conflict25_20261007/work_dist_conflict25_20261007_p050_s5_unsplit/delta --stale-dir results/skew_subpartition_k4_conflict25_20261007/work_dist_conflict25_20261007_p050_s5_unsplit/stale
[partition] k=4, 各分区行数=[18805, 8140, 4333, 4568]
[sh] /home/ztr/miniconda3/bin/python3 normalize_mapping.py --mapping delta_mapping_base.ttl --data-dir /home/ztr/KG/dist_work/conflict25_20261007_p050_s5_unsplit/partition_0 --output /home/ztr/KG/dist_work/conflict25_20261007_p050_s5_unsplit/partition_0/mapping.ttl
[sh] /home/ztr/miniconda3/bin/python3 normalize_mapping.py --mapping delta_mapping_base.ttl --data-dir /home/ztr/KG/dist_work/conflict25_20261007_p050_s5_unsplit/partition_1 --output /home/ztr/KG/dist_work/conflict25_20261007_p050_s5_unsplit/partition_1/mapping.ttl
[sh] /home/ztr/miniconda3/bin/python3 normalize_mapping.py --mapping delta_mapping_base.ttl --data-dir /home/ztr/KG/dist_work/conflict25_20261007_p050_s5_unsplit/partition_2 --output /home/ztr/KG/dist_work/conflict25_20261007_p050_s5_unsplit/partition_2/mapping.ttl
[sh] /home/ztr/miniconda3/bin/python3 normalize_mapping.py --mapping delta_mapping_base.ttl --data-dir /home/ztr/KG/dist_work/conflict25_20261007_p050_s5_unsplit/partition_3 --output /home/ztr/KG/dist_work/conflict25_20261007_p050_s5_unsplit/partition_3/mapping.ttl
[dispatch] 已推送4个任务到tasks:queue
[result] conflict25_20261007_p050_s5_unsplit-p2 status=ok attempts=0 mapped=334ms worker=272f43c5105c lock_wait=0ms (1/4)
[result] conflict25_20261007_p050_s5_unsplit-p0 status=ok attempts=0 mapped=1337ms worker=a3945c4cc987 lock_wait=0ms (2/4)
[result] conflict25_20261007_p050_s5_unsplit-p3 status=ok attempts=1 mapped=476ms worker=224f1d05f426 lock_wait=0ms (3/4)
[result] conflict25_20261007_p050_s5_unsplit-p1 status=ok attempts=1 mapped=618ms worker=3afaa8eff30f lock_wait=0ms (4/4)
[merge] 冲突注入模式: 按行去重后保留172057条 -> results/skew_subpartition_k4_conflict25_20261007/work_dist_conflict25_20261007_p050_s5_unsplit/merged_delta.nq
[sh] /home/ztr/miniconda3/bin/python3 compute_stale_iris.py --stale-file results/skew_subpartition_k4_conflict25_20261007/work_dist_conflict25_20261007_p050_s5_unsplit/stale/stop_times.txt --template http://transport.linkeddata.es/madrid/metro/stoptimes/{trip_id}-{stop_id}-{arrival_time} --output results/skew_subpartition_k4_conflict25_20261007/work_dist_conflict25_20261007_p050_s5_unsplit/stale_iris.txt
[sh] /home/ztr/miniconda3/bin/python3 apply_delta_to_graph.py --baseline results/baseline_graph_urbanos.nq --stale-iris results/skew_subpartition_k4_conflict25_20261007/work_dist_conflict25_20261007_p050_s5_unsplit/stale_iris.txt --delta results/skew_subpartition_k4_conflict25_20261007/work_dist_conflict25_20261007_p050_s5_unsplit/merged_delta.nq --output results/skew_subpartition_k4_conflict25_20261007/current_graph_check.nq

[done] 分布式增量更新完成: results/skew_subpartition_k4_conflict25_20261007/current_graph_check.nq
[done] 端到端耗时 10.37s -> results/skew_subpartition_k4_conflict25_20261007/time_distributed_conflict25_20261007_p050_s5_unsplit.log
[subpartition] verified delta p=050 seed=5
agency.txt: insert=0, update=0, stale(待删除旧行)=0
calendar.txt: insert=0, update=0, stale(待删除旧行)=0
calendar_dates.txt: insert=0, update=0, stale(待删除旧行)=0
[跳过] fare_attributes.txt（无对照文件或未配置主键，delta_dir中保留原样）
[跳过] fare_rules.txt（无对照文件或未配置主键，delta_dir中保留原样）
[跳过] feed_info.txt（无对照文件或未配置主键，delta_dir中保留原样）
frequencies.txt: insert=0, update=0, stale(待删除旧行)=0
routes.txt: insert=0, update=0, stale(待删除旧行)=0
shapes.txt: insert=0, update=0, stale(待删除旧行)=0
stop_times.txt: insert=9559, update=19118, stale(待删除旧行)=28677
stops.txt: insert=0, update=0, stale(待删除旧行)=0
trips.txt: insert=0, update=0, stale(待删除旧行)=0

delta_rows: 28677
[完成] delta写入 results/skew_subpartition_k4_conflict25_20261007/work_dist_conflict25_20261007_p075_s5_unsplit/delta，stale写入 results/skew_subpartition_k4_conflict25_20261007/work_dist_conflict25_20261007_p075_s5_unsplit/stale
[done] 写入 /home/ztr/KG/dist_work/conflict25_20261007_p075_s5_unsplit/partition_0/mapping.ttl；替换了 1 处source路径
[done] 写入 /home/ztr/KG/dist_work/conflict25_20261007_p075_s5_unsplit/partition_1/mapping.ttl；替换了 1 处source路径
[done] 写入 /home/ztr/KG/dist_work/conflict25_20261007_p075_s5_unsplit/partition_2/mapping.ttl；替换了 1 处source路径
[done] 写入 /home/ztr/KG/dist_work/conflict25_20261007_p075_s5_unsplit/partition_3/mapping.ttl；替换了 1 处source路径
[done] 28677 条待删除IRI写入 results/skew_subpartition_k4_conflict25_20261007/work_dist_conflict25_20261007_p075_s5_unsplit/stale_iris.txt
baseline=3774001, removed(按subject)=172091, delta_added=172057, updated=3773967
[sh] /home/ztr/miniconda3/bin/python3 compute_delta.py --before data/urbanos_before --after data/urbanos_skew_k4_p075_s5 --delta-dir results/skew_subpartition_k4_conflict25_20261007/work_dist_conflict25_20261007_p075_s5_unsplit/delta --stale-dir results/skew_subpartition_k4_conflict25_20261007/work_dist_conflict25_20261007_p075_s5_unsplit/stale
[partition] k=4, 各分区行数=[23662, 7656, 2232, 2296]
[sh] /home/ztr/miniconda3/bin/python3 normalize_mapping.py --mapping delta_mapping_base.ttl --data-dir /home/ztr/KG/dist_work/conflict25_20261007_p075_s5_unsplit/partition_0 --output /home/ztr/KG/dist_work/conflict25_20261007_p075_s5_unsplit/partition_0/mapping.ttl
[sh] /home/ztr/miniconda3/bin/python3 normalize_mapping.py --mapping delta_mapping_base.ttl --data-dir /home/ztr/KG/dist_work/conflict25_20261007_p075_s5_unsplit/partition_1 --output /home/ztr/KG/dist_work/conflict25_20261007_p075_s5_unsplit/partition_1/mapping.ttl
[sh] /home/ztr/miniconda3/bin/python3 normalize_mapping.py --mapping delta_mapping_base.ttl --data-dir /home/ztr/KG/dist_work/conflict25_20261007_p075_s5_unsplit/partition_2 --output /home/ztr/KG/dist_work/conflict25_20261007_p075_s5_unsplit/partition_2/mapping.ttl
[sh] /home/ztr/miniconda3/bin/python3 normalize_mapping.py --mapping delta_mapping_base.ttl --data-dir /home/ztr/KG/dist_work/conflict25_20261007_p075_s5_unsplit/partition_3 --output /home/ztr/KG/dist_work/conflict25_20261007_p075_s5_unsplit/partition_3/mapping.ttl
[dispatch] 已推送4个任务到tasks:queue
[result] conflict25_20261007_p075_s5_unsplit-p3 status=ok attempts=0 mapped=251ms worker=a3945c4cc987 lock_wait=0ms (1/4)
[result] conflict25_20261007_p075_s5_unsplit-p1 status=ok attempts=0 mapped=527ms worker=272f43c5105c lock_wait=0ms (2/4)
[result] conflict25_20261007_p075_s5_unsplit-p2 status=ok attempts=1 mapped=176ms worker=3afaa8eff30f lock_wait=0ms (3/4)
[result] conflict25_20261007_p075_s5_unsplit-p0 status=ok attempts=1 mapped=1742ms worker=224f1d05f426 lock_wait=0ms (4/4)
[merge] 冲突注入模式: 按行去重后保留172057条 -> results/skew_subpartition_k4_conflict25_20261007/work_dist_conflict25_20261007_p075_s5_unsplit/merged_delta.nq
[sh] /home/ztr/miniconda3/bin/python3 compute_stale_iris.py --stale-file results/skew_subpartition_k4_conflict25_20261007/work_dist_conflict25_20261007_p075_s5_unsplit/stale/stop_times.txt --template http://transport.linkeddata.es/madrid/metro/stoptimes/{trip_id}-{stop_id}-{arrival_time} --output results/skew_subpartition_k4_conflict25_20261007/work_dist_conflict25_20261007_p075_s5_unsplit/stale_iris.txt
[sh] /home/ztr/miniconda3/bin/python3 apply_delta_to_graph.py --baseline results/baseline_graph_urbanos.nq --stale-iris results/skew_subpartition_k4_conflict25_20261007/work_dist_conflict25_20261007_p075_s5_unsplit/stale_iris.txt --delta results/skew_subpartition_k4_conflict25_20261007/work_dist_conflict25_20261007_p075_s5_unsplit/merged_delta.nq --output results/skew_subpartition_k4_conflict25_20261007/current_graph_check.nq

[done] 分布式增量更新完成: results/skew_subpartition_k4_conflict25_20261007/current_graph_check.nq
[done] 端到端耗时 10.42s -> results/skew_subpartition_k4_conflict25_20261007/time_distributed_conflict25_20261007_p075_s5_unsplit.log
agency.txt: insert=0, update=0, stale(待删除旧行)=0
calendar.txt: insert=0, update=0, stale(待删除旧行)=0
calendar_dates.txt: insert=0, update=0, stale(待删除旧行)=0
[跳过] fare_attributes.txt（无对照文件或未配置主键，delta_dir中保留原样）
[跳过] fare_rules.txt（无对照文件或未配置主键，delta_dir中保留原样）
[跳过] feed_info.txt（无对照文件或未配置主键，delta_dir中保留原样）
frequencies.txt: insert=0, update=0, stale(待删除旧行)=0
routes.txt: insert=0, update=0, stale(待删除旧行)=0
shapes.txt: insert=0, update=0, stale(待删除旧行)=0
stop_times.txt: insert=9559, update=19118, stale(待删除旧行)=28677
stops.txt: insert=0, update=0, stale(待删除旧行)=0
trips.txt: insert=0, update=0, stale(待删除旧行)=0

delta_rows: 28677
[完成] delta写入 results/skew_subpartition_k4_conflict25_20261007/work_dist_conflict25_20261007_p075_s5_split/delta，stale写入 results/skew_subpartition_k4_conflict25_20261007/work_dist_conflict25_20261007_p075_s5_split/stale
[done] 写入 /home/ztr/KG/dist_work/conflict25_20261007_p075_s5_split/partition_0/subpartition_0/mapping.ttl；替换了 1 处source路径
[done] 写入 /home/ztr/KG/dist_work/conflict25_20261007_p075_s5_split/partition_0/subpartition_1/mapping.ttl；替换了 1 处source路径
[done] 写入 /home/ztr/KG/dist_work/conflict25_20261007_p075_s5_split/partition_0/subpartition_2/mapping.ttl；替换了 1 处source路径
[done] 写入 /home/ztr/KG/dist_work/conflict25_20261007_p075_s5_split/partition_0/subpartition_3/mapping.ttl；替换了 1 处source路径
[done] 写入 /home/ztr/KG/dist_work/conflict25_20261007_p075_s5_split/partition_1/mapping.ttl；替换了 1 处source路径
[done] 写入 /home/ztr/KG/dist_work/conflict25_20261007_p075_s5_split/partition_2/mapping.ttl；替换了 1 处source路径
[done] 写入 /home/ztr/KG/dist_work/conflict25_20261007_p075_s5_split/partition_3/mapping.ttl；替换了 1 处source路径
[done] 28677 条待删除IRI写入 results/skew_subpartition_k4_conflict25_20261007/work_dist_conflict25_20261007_p075_s5_split/stale_iris.txt
baseline=3774001, removed(按subject)=172091, delta_added=172057, updated=3773967
[sh] /home/ztr/miniconda3/bin/python3 compute_delta.py --before data/urbanos_before --after data/urbanos_skew_k4_p075_s5 --delta-dir results/skew_subpartition_k4_conflict25_20261007/work_dist_conflict25_20261007_p075_s5_split/delta --stale-dir results/skew_subpartition_k4_conflict25_20261007/work_dist_conflict25_20261007_p075_s5_split/stale
[partition] k=4, 各分区行数=[23662, 7656, 2232, 2296]
[sh] /home/ztr/miniconda3/bin/python3 normalize_mapping.py --mapping delta_mapping_base.ttl --data-dir /home/ztr/KG/dist_work/conflict25_20261007_p075_s5_split/partition_0/subpartition_0 --output /home/ztr/KG/dist_work/conflict25_20261007_p075_s5_split/partition_0/subpartition_0/mapping.ttl
[sh] /home/ztr/miniconda3/bin/python3 normalize_mapping.py --mapping delta_mapping_base.ttl --data-dir /home/ztr/KG/dist_work/conflict25_20261007_p075_s5_split/partition_0/subpartition_1 --output /home/ztr/KG/dist_work/conflict25_20261007_p075_s5_split/partition_0/subpartition_1/mapping.ttl
[sh] /home/ztr/miniconda3/bin/python3 normalize_mapping.py --mapping delta_mapping_base.ttl --data-dir /home/ztr/KG/dist_work/conflict25_20261007_p075_s5_split/partition_0/subpartition_2 --output /home/ztr/KG/dist_work/conflict25_20261007_p075_s5_split/partition_0/subpartition_2/mapping.ttl
[sh] /home/ztr/miniconda3/bin/python3 normalize_mapping.py --mapping delta_mapping_base.ttl --data-dir /home/ztr/KG/dist_work/conflict25_20261007_p075_s5_split/partition_0/subpartition_3 --output /home/ztr/KG/dist_work/conflict25_20261007_p075_s5_split/partition_0/subpartition_3/mapping.ttl
[sh] /home/ztr/miniconda3/bin/python3 normalize_mapping.py --mapping delta_mapping_base.ttl --data-dir /home/ztr/KG/dist_work/conflict25_20261007_p075_s5_split/partition_1 --output /home/ztr/KG/dist_work/conflict25_20261007_p075_s5_split/partition_1/mapping.ttl
[sh] /home/ztr/miniconda3/bin/python3 normalize_mapping.py --mapping delta_mapping_base.ttl --data-dir /home/ztr/KG/dist_work/conflict25_20261007_p075_s5_split/partition_2 --output /home/ztr/KG/dist_work/conflict25_20261007_p075_s5_split/partition_2/mapping.ttl
[sh] /home/ztr/miniconda3/bin/python3 normalize_mapping.py --mapping delta_mapping_base.ttl --data-dir /home/ztr/KG/dist_work/conflict25_20261007_p075_s5_split/partition_3 --output /home/ztr/KG/dist_work/conflict25_20261007_p075_s5_split/partition_3/mapping.ttl
[dispatch] 已推送7个任务到tasks:queue
[result] conflict25_20261007_p075_s5_split-p3 status=ok attempts=0 mapped=306ms worker=a3945c4cc987 lock_wait=0ms (1/7)
[result] conflict25_20261007_p075_s5_split-p0-s0 status=ok attempts=0 mapped=464ms worker=224f1d05f426 lock_wait=0ms (2/7)
[result] conflict25_20261007_p075_s5_split-p0-s2 status=ok attempts=0 mapped=431ms worker=224f1d05f426 lock_wait=0ms (3/7)
[result] conflict25_20261007_p075_s5_split-p2 status=ok attempts=1 mapped=204ms worker=272f43c5105c lock_wait=0ms (4/7)
[result] conflict25_20261007_p075_s5_split-p0-s1 status=ok attempts=0 mapped=472ms worker=a3945c4cc987 lock_wait=0ms (5/7)
[result] conflict25_20261007_p075_s5_split-p1 status=ok attempts=1 mapped=663ms worker=3afaa8eff30f lock_wait=0ms (6/7)
[result] conflict25_20261007_p075_s5_split-p0-s3 status=ok attempts=1 mapped=394ms worker=224f1d05f426 lock_wait=0ms (7/7)
[merge] 冲突注入模式: 按行去重后保留172057条 -> results/skew_subpartition_k4_conflict25_20261007/work_dist_conflict25_20261007_p075_s5_split/merged_delta.nq
[sh] /home/ztr/miniconda3/bin/python3 compute_stale_iris.py --stale-file results/skew_subpartition_k4_conflict25_20261007/work_dist_conflict25_20261007_p075_s5_split/stale/stop_times.txt --template http://transport.linkeddata.es/madrid/metro/stoptimes/{trip_id}-{stop_id}-{arrival_time} --output results/skew_subpartition_k4_conflict25_20261007/work_dist_conflict25_20261007_p075_s5_split/stale_iris.txt
[sh] /home/ztr/miniconda3/bin/python3 apply_delta_to_graph.py --baseline results/baseline_graph_urbanos.nq --stale-iris results/skew_subpartition_k4_conflict25_20261007/work_dist_conflict25_20261007_p075_s5_split/stale_iris.txt --delta results/skew_subpartition_k4_conflict25_20261007/work_dist_conflict25_20261007_p075_s5_split/merged_delta.nq --output results/skew_subpartition_k4_conflict25_20261007/current_graph_check.nq

[done] 分布式增量更新完成: results/skew_subpartition_k4_conflict25_20261007/current_graph_check.nq
[done] 端到端耗时 11.24s -> results/skew_subpartition_k4_conflict25_20261007/time_distributed_conflict25_20261007_p075_s5_split.log
[subpartition] verified delta p=075 seed=5
唯一ΔD固定为28677行，冲突副本7169行，任务映射总行数35846；seed1不计入稳态均值。
p     s       tasks(before/after)  unsplit(s)  split(s)  speedup  retries(before/after)
0.00  1.019  4.0/4.0  9.586±0.625  9.563±0.713  1.003±0.034×  2.0→2.0
0.25  1.545  4.0/4.0  10.302±0.521  10.211±0.512  1.012±0.086×  2.0→2.0
0.50  2.090  4.0/7.0  10.652±0.754  9.677±0.215  1.102±0.091×  2.0→2.0
0.75  2.638  4.0/7.0  10.918±0.424  10.304±0.663  1.065±0.104×  2.0→2.5
1.00  3.200  4.0/7.0  11.154±0.301  10.441±0.488  1.070±0.068×  1.0→2.0
Raw paired data: results/skew_subpartition_k4_conflict25_20261007/skew_subpartition_raw_k4_conflict25_20261007.csv
Summary: results/skew_subpartition_k4_conflict25_20261007/skew_subpartition_summary_k4_conflict25_20261007.csv
[subpartition] complete: results/skew_subpartition_k4_conflict25_20261007
