op,file,old_key,new_key,changed_fields
composite,stop_times.txt,4_I12-001_2023I12_1_1_4__1___|0,4_I12-001_2023I12_1_1_4__1___|0,"arrival_time,departure_time"
delete,stop_times.txt,4_I12-001_2023I12_1_1_4__1___|2,,
update,stop_times.txt,4_I12-001_2023I12_1_1_4__1___|5,4_I12-001_2023I12_1_1_4__1___|5,arrival_time
update,stop_times.txt,4_I12-001_2023I12_1_1_4__1___|12,4_I12-001_2023I12_1_1_4__1___|12,arrival_time
delete,stop_times.txt,4_I12-001_2023I12_1_1_4__1___|14,,
update,stop_times.txt,4_I12-001_2023I12_1_1_4__1___|19,4_I12-001_2023I12_1_1_4__1___|19,arrival_time
update,stop_times.txt,4_I12-001_2023I12_1_1_4__1___|24,4_I12-001_2023I12_1_1_4__1___|24,arrival_time
delete,stop_times.txt,4_I12-001_2023I12_1_1_4__1___|28,,
delete,stop_times.txt,4_I12-001_2023I12_1_1_4__1___|30,,
delete,stop_times.txt,4_I12-001_2023I12_1_1_4__1___|32,,
delete,stop_times.txt,4_I12-001_2023I12_2_1_4__1___|0,,
delete,stop_times.txt,4_I12-001_2023I12_2_1_4__1___|1,,
update,stop_times.txt,4_I12-001_2023I12_2_1_4__1___|3,4_I12-001_2023I12_2_1_4__1___|3,arrival_time
update,stop_times.txt,4_I12-001_2023I12_2_1_4__1___|6,4_I12-001_2023I12_2_1_4__1___|6,arrival_time
update,stop_times.txt,4_I12-001_2023I12_2_1_4__1___|12,4_I12-001_2023I12_2_1_4__1___|12,arrival_time
delete,stop_times.txt,4_I12-001_2023I12_2_1_4__1___|13,,
composite,stop_times.txt,4_I12-001_2023I12_2_1_4__1___|18,4_I12-001_2023I12_2_1_4__1___|18,"arrival_time,departure_time"
delete,stop_times.txt,4_I12-001_2023I12_2_1_4__1___|20,,
composite,stop_times.txt,4_I12-001_2023I12_2_1_4__1___|21,4_I12-001_2023I12_2_1_4__1___|21,"arrival_time,departure_time"
delete,stop_times.txt,4_I12-001_2023I12_2_1_4__1___|25,,
update,stop_times.txt,4_I12-001_2023I12_2_1_4__1___|27,4_I12-001_2023I12_2_1_4__1___|27,arrival_time
delete,stop_times.txt,4_I12-001_2023I12_2_1_4__1___|31,,
update,stop_times.txt,4_I13-001_2023I13_1_1_4__1___|0,4_I13-001_2023I13_1_1_4__1___|0,arrival_time
delete,stop_times.txt,4_I13-001_2023I13_1_1_4__1___|3,,
delete,stop_times.txt,4_I13-001_2023I13_1_1_4__1___|8,,
delete,stop_times.txt,4_I13-001_2023I13_1_1_4__1___|9,,
update,stop_times.txt,4_I13-001_2023I13_1_1_4__1___|12,4_I13-001_2023I13_1_1_4__1___|12,arrival_time
composite,stop_times.txt,4_I13-001_2023I13_1_1_4__1___|13,4_I13-001_2023I13_1_1_4__1___|13,"arrival_time,departure_time"
composite,stop_times.txt,4_I13-001_2023I13_1_1_4__1___|20,4_I13-001_2023I13_1_1_4__1___|20,"arrival_time,departure_time"
composite,stop_times.txt,4_I13-001_2023I13_1_1_4__1___|24,4_I13-001_2023I13_1_1_4__1___|24,"arrival_time,departure_time"
update,stop_times.txt,4_I13-001_2023I13_1_1_4__1___|29,4_I13-001_2023I13_1_1_4__1___|29,arrival_time
update,stop_times.txt,4_I13-001_2023I13_2_1_4__1___|1,4_I13-001_2023I13_2_1_4__1___|1,arrival_time
delete,stop_times.txt,4_I13-001_2023I13_2_1_4__1___|8,,
update,stop_times.txt,4_I13-001_2023I13_2_1_4__1___|10,4_I13-001_2023I13_2_1_4__1___|10,arrival_time
delete,stop_times.txt,4_I13-001_2023I13_2_1_4__1___|11,,
update,stop_times.txt,4_I13-001_2023I13_2_1_4__1___|12,4_I13-001_2023I13_2_1_4__1___|12,arrival_time
composite,stop_times.txt,4_I13-001_2023I13_2_1_4__1___|13,4_I13-001_2023I13_2_1_4__1___|13,"arrival_time,departure_time"
update,stop_times.txt,4_I13-001_2023I13_2_1_4__1___|16,4_I13-001_2023I13_2_1_4__1___|16,arrival_time
delete,stop_times.txt,4_I13-001_2023I13_2_1_4__1___|18,,
update,stop_times.txt,4_I13-001_2023I13_2_1_4__1___|23,4_I13-001_2023I13_2_1_4__1___|23,arrival_time
composite,stop_times.txt,4_I13-001_2023I13_2_1_4__1___|30,4_I13-001_2023I13_2_1_4__1___|30,"arrival_time,departure_time"
delete,stop_times.txt,4_I14-001_2023I14_1_1_4__1___|2,,
composite,stop_times.txt,4_I14-001_2023I14_1_1_4__1___|3,4_I14-001_2023I14_1_1_4__1___|3,"arrival_time,departure_time"
composite,stop_times.txt,4_I14-001_2023I14_1_1_4__1___|15,4_I14-001_2023I14_1_1_4__1___|15,"arrival_time,departure_time"
delete,stop_times.txt,4_I14-001_2023I14_1_1_4__1___|22,,
delete,stop_times.txt,4_I14-001_2023I14_1_1_4__1___|23,,
delete,stop_times.txt,4_I14-001_2023I14_1_1_4__1___|26,,
composite,stop_times.txt,4_I14-001_2023I14_1_1_4__1___|31,4_I14-001_2023I14_1_1_4__1___|31,"arrival_time,departure_time"
delete,stop_times.txt,4_I14-001_2023I14_1_1_4__1___|32,,
delete,stop_times.txt,4_I14-001_2023I14_2_1_4__1___|0,,
delete,stop_times.txt,4_I14-001_2023I14_2_1_4__1___|3,,
delete,stop_times.txt,4_I14-001_2023I14_2_1_4__1___|4,,
delete,stop_times.txt,4_I14-001_2023I14_2_1_4__1___|5,,
update,stop_times.txt,4_I14-001_2023I14_2_1_4__1___|7,4_I14-001_2023I14_2_1_4__1___|7,arrival_time
delete,stop_times.txt,4_I14-001_2023I14_2_1_4__1___|12,,
composite,stop_times.txt,4_I14-001_2023I14_2_1_4__1___|14,4_I14-001_2023I14_2_1_4__1___|14,"arrival_time,departure_time"
composite,stop_times.txt,4_I14-001_2023I14_2_1_4__1___|15,4_I14-001_2023I14_2_1_4__1___|15,"arrival_time,departure_time"
delete,stop_times.txt,4_I14-001_2023I14_2_1_4__1___|16,,
update,stop_times.txt,4_I14-001_2023I14_2_1_4__1___|19,4_I14-001_2023I14_2_1_4__1___|19,arrival_time
delete,stop_times.txt,4_I14-001_2023I14_2_1_4__1___|24,,
update,stop_times.txt,4_I14-001_2023I14_2_1_4__1___|28,4_I14-001_2023I14_2_1_4__1___|28,arrival_time
delete,stop_times.txt,4_I14-001_2023I14_2_1_4__1___|29,,
update,stop_times.txt,4_I14-001_2023I14_2_1_4__1___|31,4_I14-001_2023I14_2_1_4__1___|31,arrival_time
update,stop_times.txt,4_I15-001_2023I15_1_1_4__1___|0,4_I15-001_2023I15_1_1_4__1___|0,arrival_time
update,stop_times.txt,4_I15-001_2023I15_1_1_4__1___|2,4_I15-001_2023I15_1_1_4__1___|2,arrival_time
update,stop_times.txt,4_I15-001_2023I15_1_1_4__1___|9,4_I15-001_2023I15_1_1_4__1___|9,arrival_time
delete,stop_times.txt,4_I15-001_2023I15_1_1_4__1___|10,,
delete,stop_times.txt,4_I15-001_2023I15_1_1_4__1___|11,,
update,stop_times.txt,4_I15-001_2023I15_1_1_4__1___|14,4_I15-001_2023I15_1_1_4__1___|14,arrival_time
update,stop_times.txt,4_I15-001_2023I15_1_1_4__1___|17,4_I15-001_2023I15_1_1_4__1___|17,arrival_time
delete,stop_times.txt,4_I15-001_2023I15_1_1_4__1___|18,,
update,stop_times.txt,4_I15-001_2023I15_1_1_4__1___|24,4_I15-001_2023I15_1_1_4__1___|24,arrival_time
composite,stop_times.txt,4_I15-001_2023I15_1_1_4__1___|26,4_I15-001_2023I15_1_1_4__1___|26,"arrival_time,departure_time"
composite,stop_times.txt,4_I15-001_2023I15_1_1_4__1___|27,4_I15-001_2023I15_1_1_4__1___|27,"arrival_time,departure_time"
delete,stop_times.txt,4_I15-001_2023I15_1_1_4__1___|28,,
update,stop_times.txt,4_I15-001_2023I15_2_1_4__1___|1,4_I15-001_2023I15_2_1_4__1___|1,arrival_time
update,stop_times.txt,4_I15-001_2023I15_2_1_4__1___|7,4_I15-001_2023I15_2_1_4__1___|7,arrival_time
delete,stop_times.txt,4_I15-001_2023I15_2_1_4__1___|11,,
composite,stop_times.txt,4_I15-001_2023I15_2_1_4__1___|12,4_I15-001_2023I15_2_1_4__1___|12,"arrival_time,departure_time"
composite,stop_times.txt,4_I15-001_2023I15_2_1_4__1___|15,4_I15-001_2023I15_2_1_4__1___|15,"arrival_time,departure_time"
composite,stop_times.txt,4_I15-001_2023I15_2_1_4__1___|16,4_I15-001_2023I15_2_1_4__1___|16,"arrival_time,departure_time"
delete,stop_times.txt,4_I15-001_2023I15_2_1_4__1___|17,,
update,stop_times.txt,4_I15-001_2023I15_2_1_4__1___|19,4_I15-001_2023I15_2_1_4__1___|19,arrival_time
composite,stop_times.txt,4_I15-001_2023I15_2_1_4__1___|20,4_I15-001_2023I15_2_1_4__1___|20,"arrival_time,departure_time"
composite,stop_times.txt,4_I15-001_2023I15_2_1_4__1___|23,4_I15-001_2023I15_2_1_4__1___|23,"arrival_time,departure_time"
update,stop_times.txt,4_I15-001_2023I15_2_1_4__1___|24,4_I15-001_2023I15_2_1_4__1___|24,arrival_time
update,stop_times.txt,4_I15-001_2023I15_2_1_4__1___|26,4_I15-001_2023I15_2_1_4__1___|26,arrival_time
update,stop_times.txt,4_I15-001_2023I15_2_1_4__1___|29,4_I15-001_2023I15_2_1_4__1___|29,arrival_time
delete,stop_times.txt,4_I15-001_2023I15_2_1_4__1___|30,,
delete,stop_times.txt,4_I12-002_2023I12_1_1_4__2___|5,,
delete,stop_times.txt,4_I12-002_2023I12_1_1_4__2___|6,,
update,stop_times.txt,4_I12-002_2023I12_1_1_4__2___|10,4_I12-002_2023I12_1_1_4__2___|10,arrival_time
composite,stop_times.txt,4_I12-002_2023I12_2_1_4__2___|2,4_I12-002_2023I12_2_1_4__2___|2,"arrival_time,departure_time"
delete,stop_times.txt,4_I12-002_2023I12_2_1_4__2___|7,,
delete,stop_times.txt,4_I12-002_2023I12_2_1_4__2___|8,,
delete,stop_times.txt,4_I12-002_2023I12_2_1_4__2___|9,,
update,stop_times.txt,4_I12-002_2023I12_2_1_4__2___|12,4_I12-002_2023I12_2_1_4__2___|12,arrival_time
delete,stop_times.txt,4_I12-002_2023I12_2_1_4__2___|14,,
composite,stop_times.txt,4_I12-002_2023I12_2_1_4__2___|15,4_I12-002_2023I12_2_1_4__2___|15,"arrival_time,departure_time"
composite,stop_times.txt,4_I12-002_2023I12_2_1_4__2___|16,4_I12-002_2023I12_2_1_4__2___|16,"arrival_time,departure_time"
composite,stop_times.txt,4_I12-002_2023I12_2_1_4__2___|18,4_I12-002_2023I12_2_1_4__2___|18,"arrival_time,departure_time"
update,stop_times.txt,4_I13-002_2023I13_1_1_4__2___|1,4_I13-002_2023I13_1_1_4__2___|1,arrival_time
composite,stop_times.txt,4_I13-002_2023I13_1_1_4__2___|4,4_I13-002_2023I13_1_1_4__2___|4,"arrival_time,departure_time"
delete,stop_times.txt,4_I13-002_2023I13_1_1_4__2___|6,,
composite,stop_times.txt,4_I13-002_2023I13_1_1_4__2___|8,4_I13-002_2023I13_1_1_4__2___|8,"arrival_time,departure_time"
composite,stop_times.txt,4_I13-002_2023I13_1_1_4__2___|9,4_I13-002_2023I13_1_1_4__2___|9,"arrival_time,departure_time"
update,stop_times.txt,4_I13-002_2023I13_1_1_4__2___|10,4_I13-002_2023I13_1_1_4__2___|10,arrival_time
update,stop_times.txt,4_I13-002_2023I13_1_1_4__2___|12,4_I13-002_2023I13_1_1_4__2___|12,arrival_time
delete,stop_times.txt,4_I13-002_2023I13_1_1_4__2___|13,,
update,stop_times.txt,4_I13-002_2023I13_1_1_4__2___|14,4_I13-002_2023I13_1_1_4__2___|14,arrival_time
update,stop_times.txt,4_I13-002_2023I13_1_1_4__2___|16,4_I13-002_2023I13_1_1_4__2___|16,arrival_time
composite,stop_times.txt,4_I13-002_2023I13_1_1_4__2___|18,4_I13-002_2023I13_1_1_4__2___|18,"arrival_time,departure_time"
update,stop_times.txt,4_I13-002_2023I13_2_1_4__2___|4,4_I13-002_2023I13_2_1_4__2___|4,arrival_time
composite,stop_times.txt,4_I13-002_2023I13_2_1_4__2___|5,4_I13-002_2023I13_2_1_4__2___|5,"arrival_time,departure_time"
delete,stop_times.txt,4_I13-002_2023I13_2_1_4__2___|6,,
update,stop_times.txt,4_I13-002_2023I13_2_1_4__2___|10,4_I13-002_2023I13_2_1_4__2___|10,arrival_time
composite,stop_times.txt,4_I13-002_2023I13_2_1_4__2___|11,4_I13-002_2023I13_2_1_4__2___|11,"arrival_time,departure_time"
composite,stop_times.txt,4_I14-002_2023I14_1_1_4__2___|2,4_I14-002_2023I14_1_1_4__2___|2,"arrival_time,departure_time"
composite,stop_times.txt,4_I14-002_2023I14_1_1_4__2___|5,4_I14-002_2023I14_1_1_4__2___|5,"arrival_time,departure_time"
update,stop_times.txt,4_I14-002_2023I14_1_1_4__2___|6,4_I14-002_2023I14_1_1_4__2___|6,arrival_time
delete,stop_times.txt,4_I14-002_2023I14_1_1_4__2___|12,,
update,stop_times.txt,4_I14-002_2023I14_1_1_4__2___|13,4_I14-002_2023I14_1_1_4__2___|13,arrival_time
update,stop_times.txt,4_I14-002_2023I14_1_1_4__2___|15,4_I14-002_2023I14_1_1_4__2___|15,arrival_time
composite,stop_times.txt,4_I14-002_2023I14_1_1_4__2___|16,4_I14-002_2023I14_1_1_4__2___|16,"arrival_time,departure_time"
update,stop_times.txt,4_I14-002_2023I14_1_1_4__2___|18,4_I14-002_2023I14_1_1_4__2___|18,arrival_time
delete,stop_times.txt,4_I14-002_2023I14_2_1_4__2___|1,,
composite,stop_times.txt,4_I14-002_2023I14_2_1_4__2___|2,4_I14-002_2023I14_2_1_4__2___|2,"arrival_time,departure_time"
update,stop_times.txt,4_I14-002_2023I14_2_1_4__2___|4,4_I14-002_2023I14_2_1_4__2___|4,arrival_time
update,stop_times.txt,4_I14-002_2023I14_2_1_4__2___|5,4_I14-002_2023I14_2_1_4__2___|5,arrival_time
composite,stop_times.txt,4_I14-002_2023I14_2_1_4__2___|6,4_I14-002_2023I14_2_1_4__2___|6,"arrival_time,departure_time"
composite,stop_times.txt,4_I14-002_2023I14_2_1_4__2___|7,4_I14-002_2023I14_2_1_4__2___|7,"arrival_time,departure_time"
delete,stop_times.txt,4_I14-002_2023I14_2_1_4__2___|8,,
composite,stop_times.txt,4_I14-002_2023I14_2_1_4__2___|9,4_I14-002_2023I14_2_1_4__2___|9,"arrival_time,departure_time"
update,stop_times.txt,4_I14-002_2023I14_2_1_4__2___|10,4_I14-002_2023I14_2_1_4__2___|10,arrival_time
composite,stop_times.txt,4_I14-002_2023I14_2_1_4__2___|15,4_I14-002_2023I14_2_1_4__2___|15,"arrival_time,departure_time"
composite,stop_times.txt,4_I14-002_2023I14_2_1_4__2___|16,4_I14-002_2023I14_2_1_4__2___|16,"arrival_time,departure_time"
delete,stop_times.txt,4_I14-002_2023I14_2_1_4__2___|19,,
composite,stop_times.txt,4_I15-002_2023I15_1_1_4__2___|1,4_I15-002_2023I15_1_1_4__2___|1,"arrival_time,departure_time"
delete,stop_times.txt,4_I15-002_2023I15_1_1_4__2___|3,,
composite,stop_times.txt,4_I15-002_2023I15_1_1_4__2___|6,4_I15-002_2023I15_1_1_4__2___|6,"arrival_time,departure_time"
delete,stop_times.txt,4_I15-002_2023I15_1_1_4__2___|7,,
update,stop_times.txt,4_I15-002_2023I15_1_1_4__2___|10,4_I15-002_2023I15_1_1_4__2___|10,arrival_time
update,stop_times.txt,4_I15-002_2023I15_1_1_4__2___|12,4_I15-002_2023I15_1_1_4__2___|12,arrival_time
update,stop_times.txt,4_I15-002_2023I15_1_1_4__2___|14,4_I15-002_2023I15_1_1_4__2___|14,arrival_time
update,stop_times.txt,4_I15-002_2023I15_1_1_4__2___|16,4_I15-002_2023I15_1_1_4__2___|16,arrival_time
composite,stop_times.txt,4_I15-002_2023I15_1_1_4__2___|19,4_I15-002_2023I15_1_1_4__2___|19,"arrival_time,departure_time"
delete,stop_times.txt,4_I15-002_2023I15_2_1_4__2___|1,,
composite,stop_times.txt,4_I15-002_2023I15_2_1_4__2___|2,4_I15-002_2023I15_2_1_4__2___|2,"arrival_time,departure_time"
update,stop_times.txt,4_I15-002_2023I15_2_1_4__2___|9,4_I15-002_2023I15_2_1_4__2___|9,arrival_time
composite,stop_times.txt,4_I15-002_2023I15_2_1_4__2___|10,4_I15-002_2023I15_2_1_4__2___|10,"arrival_time,departure_time"
composite,stop_times.txt,4_I15-002_2023I15_2_1_4__2___|11,4_I15-002_2023I15_2_1_4__2___|11,"arrival_time,departure_time"
composite,stop_times.txt,4_I12-004_2023I12_1_1_4__4___|0,4_I12-004_2023I12_1_1_4__4___|0,"arrival_time,departure_time"
composite,stop_times.txt,4_I12-004_2023I12_1_1_4__4___|4,4_I12-004_2023I12_1_1_4__4___|4,"arrival_time,departure_time"
delete,stop_times.txt,4_I12-004_2023I12_1_1_4__4___|7,,
update,stop_times.txt,4_I12-004_2023I12_1_1_4__4___|14,4_I12-004_2023I12_1_1_4__4___|14,arrival_time
update,stop_times.txt,4_I12-004_2023I12_1_1_4__4___|15,4_I12-004_2023I12_1_1_4__4___|15,arrival_time
update,stop_times.txt,4_I12-004_2023I12_1_1_4__4___|17,4_I12-004_2023I12_1_1_4__4___|17,arrival_time
delete,stop_times.txt,4_I12-004_2023I12_1_1_4__4___|20,,
delete,stop_times.txt,4_I12-004_2023I12_1_1_4__4___|22,,
delete,stop_times.txt,4_I12-004_2023I12_2_1_4__4___|0,,
composite,stop_times.txt,4_I12-004_2023I12_2_1_4__4___|4,4_I12-004_2023I12_2_1_4__4___|4,"arrival_time,departure_time"
update,stop_times.txt,4_I12-004_2023I12_2_1_4__4___|6,4_I12-004_2023I12_2_1_4__4___|6,arrival_time
composite,stop_times.txt,4_I12-004_2023I12_2_1_4__4___|9,4_I12-004_2023I12_2_1_4__4___|9,"arrival_time,departure_time"
delete,stop_times.txt,4_I12-004_2023I12_2_1_4__4___|10,,
update,stop_times.txt,4_I12-004_2023I12_2_1_4__4___|12,4_I12-004_2023I12_2_1_4__4___|12,arrival_time
composite,stop_times.txt,4_I12-004_2023I12_2_1_4__4___|14,4_I12-004_2023I12_2_1_4__4___|14,"arrival_time,departure_time"
update,stop_times.txt,4_I12-004_2023I12_2_1_4__4___|16,4_I12-004_2023I12_2_1_4__4___|16,arrival_time
delete,stop_times.txt,4_I12-004_2023I12_2_1_4__4___|17,,
delete,stop_times.txt,4_I12-004_2023I12_2_1_4__4___|21,,
update,stop_times.txt,4_I12-004_2023I12_2_1_4__4___|22,4_I12-004_2023I12_2_1_4__4___|22,arrival_time
composite,stop_times.txt,4_I13-004_2023I13_1_1_4__4___|0,4_I13-004_2023I13_1_1_4__4___|0,"arrival_time,departure_time"
update,stop_times.txt,4_I13-004_2023I13_1_1_4__4___|1,4_I13-004_2023I13_1_1_4__4___|1,arrival_time
update,stop_times.txt,4_I13-004_2023I13_1_1_4__4___|2,4_I13-004_2023I13_1_1_4__4___|2,arrival_time
composite,stop_times.txt,4_I13-004_2023I13_1_1_4__4___|3,4_I13-004_2023I13_1_1_4__4___|3,"arrival_time,departure_time"
delete,stop_times.txt,4_I13-004_2023I13_1_1_4__4___|6,,
update,stop_times.txt,4_I13-004_2023I13_1_1_4__4___|9,4_I13-004_2023I13_1_1_4__4___|9,arrival_time
delete,stop_times.txt,4_I13-004_2023I13_1_1_4__4___|13,,
composite,stop_times.txt,4_I13-004_2023I13_1_1_4__4___|14,4_I13-004_2023I13_1_1_4__4___|14,"arrival_time,departure_time"
composite,stop_times.txt,4_I13-004_2023I13_1_1_4__4___|16,4_I13-004_2023I13_1_1_4__4___|16,"arrival_time,departure_time"
delete,stop_times.txt,4_I13-004_2023I13_1_1_4__4___|17,,
delete,stop_times.txt,4_I13-004_2023I13_1_1_4__4___|19,,
update,stop_times.txt,4_I13-004_2023I13_2_1_4__4___|5,4_I13-004_2023I13_2_1_4__4___|5,arrival_time
composite,stop_times.txt,4_I13-004_2023I13_2_1_4__4___|12,4_I13-004_2023I13_2_1_4__4___|12,"arrival_time,departure_time"
composite,stop_times.txt,4_I13-004_2023I13_2_1_4__4___|17,4_I13-004_2023I13_2_1_4__4___|17,"arrival_time,departure_time"
delete,stop_times.txt,4_I13-004_2023I13_2_1_4__4___|18,,
composite,stop_times.txt,4_I14-004_2023I14_1_1_4__4___|3,4_I14-004_2023I14_1_1_4__4___|3,"arrival_time,departure_time"
composite,stop_times.txt,4_I14-004_2023I14_1_1_4__4___|5,4_I14-004_2023I14_1_1_4__4___|5,"arrival_time,departure_time"
update,stop_times.txt,4_I14-004_2023I14_1_1_4__4___|7,4_I14-004_2023I14_1_1_4__4___|7,arrival_time
delete,stop_times.txt,4_I14-004_2023I14_1_1_4__4___|8,,
composite,stop_times.txt,4_I14-004_2023I14_1_1_4__4___|11,4_I14-004_2023I14_1_1_4__4___|11,"arrival_time,departure_time"
update,stop_times.txt,4_I14-004_2023I14_1_1_4__4___|21,4_I14-004_2023I14_1_1_4__4___|21,arrival_time
delete,stop_times.txt,4_I14-004_2023I14_1_1_4__4___|22,,
delete,stop_times.txt,4_I14-004_2023I14_2_1_4__4___|0,,
composite,stop_times.txt,4_I14-004_2023I14_2_1_4__4___|1,4_I14-004_2023I14_2_1_4__4___|1,"arrival_time,departure_time"
composite,stop_times.txt,4_I14-004_2023I14_2_1_4__4___|3,4_I14-004_2023I14_2_1_4__4___|3,"arrival_time,departure_time"
composite,stop_times.txt,4_I14-004_2023I14_2_1_4__4___|4,4_I14-004_2023I14_2_1_4__4___|4,"arrival_time,departure_time"
update,stop_times.txt,4_I14-004_2023I14_2_1_4__4___|16,4_I14-004_2023I14_2_1_4__4___|16,arrival_time
composite,stop_times.txt,4_I14-004_2023I14_2_1_4__4___|17,4_I14-004_2023I14_2_1_4__4___|17,"arrival_time,departure_time"
update,stop_times.txt,4_I14-004_2023I14_2_1_4__4___|22,4_I14-004_2023I14_2_1_4__4___|22,arrival_time
update,stop_times.txt,4_I15-004_2023I15_1_1_4__4___|3,4_I15-004_2023I15_1_1_4__4___|3,arrival_time
composite,stop_times.txt,4_I15-004_2023I15_1_1_4__4___|7,4_I15-004_2023I15_1_1_4__4___|7,"arrival_time,departure_time"
update,stop_times.txt,4_I15-004_2023I15_1_1_4__4___|8,4_I15-004_2023I15_1_1_4__4___|8,arrival_time
delete,stop_times.txt,4_I15-004_2023I15_1_1_4__4___|11,,
composite,stop_times.txt,4_I15-004_2023I15_1_1_4__4___|12,4_I15-004_2023I15_1_1_4__4___|12,"arrival_time,departure_time"
composite,stop_times.txt,4_I15-004_2023I15_1_1_4__4___|15,4_I15-004_2023I15_1_1_4__4___|15,"arrival_time,departure_time"
update,stop_times.txt,4_I15-004_2023I15_1_1_4__4___|20,4_I15-004_2023I15_1_1_4__4___|20,arrival_time
delete,stop_times.txt,4_I15-004_2023I15_1_1_4__4___|22,,
delete,stop_times.txt,4_I15-004_2023I15_2_1_4__4___|0,,
delete,stop_times.txt,4_I15-004_2023I15_2_1_4__4___|1,,
composite,stop_times.txt,4_I15-004_2023I15_2_1_4__4___|2,4_I15-004_2023I15_2_1_4__4___|2,"arrival_time,departure_time"
update,stop_times.txt,4_I15-004_2023I15_2_1_4__4___|4,4_I15-004_2023I15_2_1_4__4___|4,arrival_time
composite,stop_times.txt,4_I15-004_2023I15_2_1_4__4___|5,4_I15-004_2023I15_2_1_4__4___|5,"arrival_time,departure_time"
update,stop_times.txt,4_I15-004_2023I15_2_1_4__4___|6,4_I15-004_2023I15_2_1_4__4___|6,arrival_time
update,stop_times.txt,4_I15-004_2023I15_2_1_4__4___|7,4_I15-004_2023I15_2_1_4__4___|7,arrival_time
composite,stop_times.txt,4_I15-004_2023I15_2_1_4__4___|8,4_I15-004_2023I15_2_1_4__4___|8,"arrival_time,departure_time"
composite,stop_times.txt,4_I15-004_2023I15_2_1_4__4___|9,4_I15-004_2023I15_2_1_4__4___|9,"arrival_time,departure_time"
delete,stop_times.txt,4_I15-004_2023I15_2_1_4__4___|12,,
update,stop_times.txt,4_I15-004_2023I15_2_1_4__4___|13,4_I15-004_2023I15_2_1_4__4___|13,arrival_time
update,stop_times.txt,4_I15-004_2023I15_2_1_4__4___|15,4_I15-004_2023I15_2_1_4__4___|15,arrival_time
delete,stop_times.txt,4_I15-004_2023I15_2_1_4__4___|19,,
update,stop_times.txt,4_I12-005_2023I12_1_1_4__5___|1,4_I12-005_2023I12_1_1_4__5___|1,arrival_time
composite,stop_times.txt,4_I12-005_2023I12_1_1_4__5___|6,4_I12-005_2023I12_1_1_4__5___|6,"arrival_time,departure_time"
composite,stop_times.txt,4_I12-005_2023I12_1_1_4__5___|8,4_I12-005_2023I12_1_1_4__5___|8,"arrival_time,departure_time"
update,stop_times.txt,4_I12-005_2023I12_1_1_4__5___|9,4_I12-005_2023I12_1_1_4__5___|9,arrival_time
update,stop_times.txt,4_I12-005_2023I12_1_1_4__5___|23,4_I12-005_2023I12_1_1_4__5___|23,arrival_time
delete,stop_times.txt,4_I12-005_2023I12_1_1_4__5___|24,,
composite,stop_times.txt,4_I12-005_2023I12_1_1_4__5___|25,4_I12-005_2023I12_1_1_4__5___|25,"arrival_time,departure_time"
update,stop_times.txt,4_I12-005_2023I12_1_1_4__5___|28,4_I12-005_2023I12_1_1_4__5___|28,arrival_time
update,stop_times.txt,4_I12-005_2023I12_1_1_4__5___|31,4_I12-005_2023I12_1_1_4__5___|31,arrival_time
delete,stop_times.txt,4_I12-005_2023I12_2_1_4__5___|3,,
composite,stop_times.txt,4_I12-005_2023I12_2_1_4__5___|5,4_I12-005_2023I12_2_1_4__5___|5,"arrival_time,departure_time"
update,stop_times.txt,4_I12-005_2023I12_2_1_4__5___|17,4_I12-005_2023I12_2_1_4__5___|17,arrival_time
composite,stop_times.txt,4_I12-005_2023I12_2_1_4__5___|20,4_I12-005_2023I12_2_1_4__5___|20,"arrival_time,departure_time"
update,stop_times.txt,4_I12-005_2023I12_2_1_4__5___|21,4_I12-005_2023I12_2_1_4__5___|21,arrival_time
update,stop_times.txt,4_I12-005_2023I12_2_1_4__5___|23,4_I12-005_2023I12_2_1_4__5___|23,arrival_time
update,stop_times.txt,4_I12-005_2023I12_2_1_4__5___|28,4_I12-005_2023I12_2_1_4__5___|28,arrival_time
update,stop_times.txt,4_I12-005_2023I12_2_1_4__5___|29,4_I12-005_2023I12_2_1_4__5___|29,arrival_time
delete,stop_times.txt,4_I13-005_2023I13_1_1_4__5___|0,,
composite,stop_times.txt,4_I13-005_2023I13_1_1_4__5___|6,4_I13-005_2023I13_1_1_4__5___|6,"arrival_time,departure_time"
update,stop_times.txt,4_I13-005_2023I13_1_1_4__5___|7,4_I13-005_2023I13_1_1_4__5___|7,arrival_time
delete,stop_times.txt,4_I13-005_2023I13_1_1_4__5___|9,,
update,stop_times.txt,4_I13-005_2023I13_1_1_4__5___|10,4_I13-005_2023I13_1_1_4__5___|10,arrival_time
delete,stop_times.txt,4_I13-005_2023I13_1_1_4__5___|14,,
update,stop_times.txt,4_I13-005_2023I13_1_1_4__5___|17,4_I13-005_2023I13_1_1_4__5___|17,arrival_time
update,stop_times.txt,4_I13-005_2023I13_1_1_4__5___|19,4_I13-005_2023I13_1_1_4__5___|19,arrival_time
delete,stop_times.txt,4_I13-005_2023I13_1_1_4__5___|20,,
update,stop_times.txt,4_I13-005_2023I13_1_1_4__5___|27,4_I13-005_2023I13_1_1_4__5___|27,arrival_time
delete,stop_times.txt,4_I13-005_2023I13_1_1_4__5___|30,,
update,stop_times.txt,4_I13-005_2023I13_1_1_4__5___|31,4_I13-005_2023I13_1_1_4__5___|31,arrival_time
composite,stop_times.txt,4_I13-005_2023I13_2_1_4__5___|1,4_I13-005_2023I13_2_1_4__5___|1,"arrival_time,departure_time"
composite,stop_times.txt,4_I13-005_2023I13_2_1_4__5___|2,4_I13-005_2023I13_2_1_4__5___|2,"arrival_time,departure_time"
delete,stop_times.txt,4_I13-005_2023I13_2_1_4__5___|5,,
update,stop_times.txt,4_I13-005_2023I13_2_1_4__5___|7,4_I13-005_2023I13_2_1_4__5___|7,arrival_time
delete,stop_times.txt,4_I13-005_2023I13_2_1_4__5___|9,,
update,stop_times.txt,4_I13-005_2023I13_2_1_4__5___|10,4_I13-005_2023I13_2_1_4__5___|10,arrival_time
update,stop_times.txt,4_I13-005_2023I13_2_1_4__5___|14,4_I13-005_2023I13_2_1_4__5___|14,arrival_time
delete,stop_times.txt,4_I13-005_2023I13_2_1_4__5___|20,,
update,stop_times.txt,4_I13-005_2023I13_2_1_4__5___|25,4_I13-005_2023I13_2_1_4__5___|25,arrival_time
composite,stop_times.txt,4_I13-005_2023I13_2_1_4__5___|30,4_I13-005_2023I13_2_1_4__5___|30,"arrival_time,departure_time"
delete,stop_times.txt,4_I14-005_2023I14_1_1_4__5___|1,,
delete,stop_times.txt,4_I14-005_2023I14_1_1_4__5___|5,,
composite,stop_times.txt,4_I14-005_2023I14_1_1_4__5___|6,4_I14-005_2023I14_1_1_4__5___|6,"arrival_time,departure_time"
composite,stop_times.txt,4_I14-005_2023I14_1_1_4__5___|7,4_I14-005_2023I14_1_1_4__5___|7,"arrival_time,departure_time"
composite,stop_times.txt,4_I14-005_2023I14_1_1_4__5___|8,4_I14-005_2023I14_1_1_4__5___|8,"arrival_time,departure_time"
update,stop_times.txt,4_I14-005_2023I14_1_1_4__5___|12,4_I14-005_2023I14_1_1_4__5___|12,arrival_time
update,stop_times.txt,4_I14-005_2023I14_1_1_4__5___|13,4_I14-005_2023I14_1_1_4__5___|13,arrival_time
delete,stop_times.txt,4_I14-005_2023I14_1_1_4__5___|14,,
update,stop_times.txt,4_I14-005_2023I14_1_1_4__5___|23,4_I14-005_2023I14_1_1_4__5___|23,arrival_time
composite,stop_times.txt,4_I14-005_2023I14_1_1_4__5___|24,4_I14-005_2023I14_1_1_4__5___|24,"arrival_time,departure_time"
update,stop_times.txt,4_I14-005_2023I14_1_1_4__5___|26,4_I14-005_2023I14_1_1_4__5___|26,arrival_time
update,stop_times.txt,4_I14-005_2023I14_1_1_4__5___|27,4_I14-005_2023I14_1_1_4__5___|27,arrival_time
delete,stop_times.txt,4_I14-005_2023I14_1_1_4__5___|28,,
delete,stop_times.txt,4_I14-005_2023I14_1_1_4__5___|30,,
composite,stop_times.txt,4_I14-005_2023I14_2_1_4__5___|0,4_I14-005_2023I14_2_1_4__5___|0,"arrival_time,departure_time"
composite,stop_times.txt,4_I14-005_2023I14_2_1_4__5___|3,4_I14-005_2023I14_2_1_4__5___|3,"arrival_time,departure_time"
composite,stop_times.txt,4_I14-005_2023I14_2_1_4__5___|12,4_I14-005_2023I14_2_1_4__5___|12,"arrival_time,departure_time"
composite,stop_times.txt,4_I14-005_2023I14_2_1_4__5___|13,4_I14-005_2023I14_2_1_4__5___|13,"arrival_time,departure_time"
update,stop_times.txt,4_I14-005_2023I14_2_1_4__5___|14,4_I14-005_2023I14_2_1_4__5___|14,arrival_time
update,stop_times.txt,4_I14-005_2023I14_2_1_4__5___|17,4_I14-005_2023I14_2_1_4__5___|17,arrival_time
delete,stop_times.txt,4_I14-005_2023I14_2_1_4__5___|20,,
delete,stop_times.txt,4_I14-005_2023I14_2_1_4__5___|21,,
update,stop_times.txt,4_I14-005_2023I14_2_1_4__5___|22,4_I14-005_2023I14_2_1_4__5___|22,arrival_time
delete,stop_times.txt,4_I14-005_2023I14_2_1_4__5___|23,,
delete,stop_times.txt,4_I14-005_2023I14_2_1_4__5___|24,,
update,stop_times.txt,4_I14-005_2023I14_2_1_4__5___|26,4_I14-005_2023I14_2_1_4__5___|26,arrival_time
update,stop_times.txt,4_I14-005_2023I14_2_1_4__5___|28,4_I14-005_2023I14_2_1_4__5___|28,arrival_time
composite,stop_times.txt,4_I15-005_2023I15_1_1_4__5___|2,4_I15-005_2023I15_1_1_4__5___|2,"arrival_time,departure_time"
update,stop_times.txt,4_I15-005_2023I15_1_1_4__5___|4,4_I15-005_2023I15_1_1_4__5___|4,arrival_time
update,stop_times.txt,4_I15-005_2023I15_1_1_4__5___|8,4_I15-005_2023I15_1_1_4__5___|8,arrival_time
update,stop_times.txt,4_I15-005_2023I15_1_1_4__5___|11,4_I15-005_2023I15_1_1_4__5___|11,arrival_time
update,stop_times.txt,4_I15-005_2023I15_1_1_4__5___|25,4_I15-005_2023I15_1_1_4__5___|25,arrival_time
update,stop_times.txt,4_I15-005_2023I15_1_1_4__5___|27,4_I15-005_2023I15_1_1_4__5___|27,arrival_time
update,stop_times.txt,4_I15-005_2023I15_1_1_4__5___|28,4_I15-005_2023I15_1_1_4__5___|28,arrival_time
delete,stop_times.txt,4_I15-005_2023I15_1_1_4__5___|30,,
delete,stop_times.txt,4_I15-005_2023I15_1_1_4__5___|31,,
composite,stop_times.txt,4_I15-005_2023I15_2_1_4__5___|3,4_I15-005_2023I15_2_1_4__5___|3,"arrival_time,departure_time"
composite,stop_times.txt,4_I15-005_2023I15_2_1_4__5___|7,4_I15-005_2023I15_2_1_4__5___|7,"arrival_time,departure_time"
update,stop_times.txt,4_I15-005_2023I15_2_1_4__5___|8,4_I15-005_2023I15_2_1_4__5___|8,arrival_time
composite,stop_times.txt,4_I15-005_2023I15_2_1_4__5___|11,4_I15-005_2023I15_2_1_4__5___|11,"arrival_time,departure_time"
delete,stop_times.txt,4_I15-005_2023I15_2_1_4__5___|15,,
composite,stop_times.txt,4_I15-005_2023I15_2_1_4__5___|16,4_I15-005_2023I15_2_1_4__5___|16,"arrival_time,departure_time"
delete,stop_times.txt,4_I15-005_2023I15_2_1_4__5___|18,,
update,stop_times.txt,4_I15-005_2023I15_2_1_4__5___|19,4_I15-005_2023I15_2_1_4__5___|19,arrival_time
composite,stop_times.txt,4_I15-005_2023I15_2_1_4__5___|25,4_I15-005_2023I15_2_1_4__5___|25,"arrival_time,departure_time"
update,stop_times.txt,4_I15-005_2023I15_2_1_4__5___|26,4_I15-005_2023I15_2_1_4__5___|26,arrival_time
composite,stop_times.txt,4_I15-005_2023I15_2_1_4__5___|29,4_I15-005_2023I15_2_1_4__5___|29,"arrival_time,departure_time"
update,stop_times.txt,4_I15-005_2023I15_2_1_4__5___|31,4_I15-005_2023I15_2_1_4__5___|31,arrival_time
update,stop_times.txt,4_I12-061_2023I12_1_1_4__6_1__|0,4_I12-061_2023I12_1_1_4__6_1__|0,arrival_time
update,stop_times.txt,4_I12-061_2023I12_1_1_4__6_1__|3,4_I12-061_2023I12_1_1_4__6_1__|3,arrival_time
update,stop_times.txt,4_I12-061_2023I12_1_1_4__6_1__|5,4_I12-061_2023I12_1_1_4__6_1__|5,arrival_time
composite,stop_times.txt,4_I12-061_2023I12_1_1_4__6_1__|11,4_I12-061_2023I12_1_1_4__6_1__|11,"arrival_time,departure_time"
update,stop_times.txt,4_I12-061_2023I12_1_1_4__6_1__|17,4_I12-061_2023I12_1_1_4__6_1__|17,arrival_time
update,stop_times.txt,4_I12-061_2023I12_1_1_4__6_1__|18,4_I12-061_2023I12_1_1_4__6_1__|18,arrival_time
update,stop_times.txt,4_I12-061_2023I12_1_1_4__6_1__|24,4_I12-061_2023I12_1_1_4__6_1__|24,arrival_time
update,stop_times.txt,4_I12-061_2023I12_1_1_4__6_1__|25,4_I12-061_2023I12_1_1_4__6_1__|25,arrival_time
composite,stop_times.txt,4_I12-061_2023I12_1_1_4__6_1__|26,4_I12-061_2023I12_1_1_4__6_1__|26,"arrival_time,departure_time"
update,stop_times.txt,4_I12-061_2023I12_1_1_4__6_1__|28,4_I12-061_2023I12_1_1_4__6_1__|28,arrival_time
delete,stop_times.txt,4_I13-061_2023I13_1_1_4__6_1__|0,,
composite,stop_times.txt,4_I13-061_2023I13_1_1_4__6_1__|7,4_I13-061_2023I13_1_1_4__6_1__|7,"arrival_time,departure_time"
composite,stop_times.txt,4_I13-061_2023I13_1_1_4__6_1__|8,4_I13-061_2023I13_1_1_4__6_1__|8,"arrival_time,departure_time"
update,stop_times.txt,4_I13-061_2023I13_1_1_4__6_1__|11,4_I13-061_2023I13_1_1_4__6_1__|11,arrival_time
update,stop_times.txt,4_I13-061_2023I13_1_1_4__6_1__|17,4_I13-061_2023I13_1_1_4__6_1__|17,arrival_time
delete,stop_times.txt,4_I13-061_2023I13_1_1_4__6_1__|19,,
composite,stop_times.txt,4_I13-061_2023I13_1_1_4__6_1__|22,4_I13-061_2023I13_1_1_4__6_1__|22,"arrival_time,departure_time"
composite,stop_times.txt,4_I13-061_2023I13_1_1_4__6_1__|26,4_I13-061_2023I13_1_1_4__6_1__|26,"arrival_time,departure_time"
update,stop_times.txt,4_I14-061_2023I14_1_1_4__6_1__|0,4_I14-061_2023I14_1_1_4__6_1__|0,arrival_time
update,stop_times.txt,4_I14-061_2023I14_1_1_4__6_1__|2,4_I14-061_2023I14_1_1_4__6_1__|2,arrival_time
composite,stop_times.txt,4_I14-061_2023I14_1_1_4__6_1__|9,4_I14-061_2023I14_1_1_4__6_1__|9,"arrival_time,departure_time"
composite,stop_times.txt,4_I14-061_2023I14_1_1_4__6_1__|10,4_I14-061_2023I14_1_1_4__6_1__|10,"arrival_time,departure_time"
composite,stop_times.txt,4_I14-061_2023I14_1_1_4__6_1__|14,4_I14-061_2023I14_1_1_4__6_1__|14,"arrival_time,departure_time"
composite,stop_times.txt,4_I14-061_2023I14_1_1_4__6_1__|17,4_I14-061_2023I14_1_1_4__6_1__|17,"arrival_time,departure_time"
composite,stop_times.txt,4_I14-061_2023I14_1_1_4__6_1__|19,4_I14-061_2023I14_1_1_4__6_1__|19,"arrival_time,departure_time"
delete,stop_times.txt,4_I14-061_2023I14_1_1_4__6_1__|20,,
delete,stop_times.txt,4_I14-061_2023I14_1_1_4__6_1__|22,,
update,stop_times.txt,4_I14-061_2023I14_1_1_4__6_1__|26,4_I14-061_2023I14_1_1_4__6_1__|26,arrival_time
composite,stop_times.txt,4_I14-061_2023I14_1_1_4__6_1__|27,4_I14-061_2023I14_1_1_4__6_1__|27,"arrival_time,departure_time"
composite,stop_times.txt,4_I15-061_2023I15_1_1_4__6_1__|1,4_I15-061_2023I15_1_1_4__6_1__|1,"arrival_time,departure_time"
delete,stop_times.txt,4_I15-061_2023I15_1_1_4__6_1__|4,,
delete,stop_times.txt,4_I15-061_2023I15_1_1_4__6_1__|6,,
composite,stop_times.txt,4_I15-061_2023I15_1_1_4__6_1__|8,4_I15-061_2023I15_1_1_4__6_1__|8,"arrival_time,departure_time"
delete,stop_times.txt,4_I15-061_2023I15_1_1_4__6_1__|11,,
update,stop_times.txt,4_I15-061_2023I15_1_1_4__6_1__|12,4_I15-061_2023I15_1_1_4__6_1__|12,arrival_time
composite,stop_times.txt,4_I15-061_2023I15_1_1_4__6_1__|13,4_I15-061_2023I15_1_1_4__6_1__|13,"arrival_time,departure_time"
update,stop_times.txt,4_I15-061_2023I15_1_1_4__6_1__|14,4_I15-061_2023I15_1_1_4__6_1__|14,arrival_time
update,stop_times.txt,4_I15-061_2023I15_1_1_4__6_1__|15,4_I15-061_2023I15_1_1_4__6_1__|15,arrival_time
update,stop_times.txt,4_I15-061_2023I15_1_1_4__6_1__|18,4_I15-061_2023I15_1_1_4__6_1__|18,arrival_time
composite,stop_times.txt,4_I15-061_2023I15_1_1_4__6_1__|19,4_I15-061_2023I15_1_1_4__6_1__|19,"arrival_time,departure_time"
composite,stop_times.txt,4_I15-061_2023I15_1_1_4__6_1__|21,4_I15-061_2023I15_1_1_4__6_1__|21,"arrival_time,departure_time"
delete,stop_times.txt,4_I15-061_2023I15_1_1_4__6_1__|22,,
update,stop_times.txt,4_I15-061_2023I15_1_1_4__6_1__|23,4_I15-061_2023I15_1_1_4__6_1__|23,arrival_time
composite,stop_times.txt,4_I15-061_2023I15_1_1_4__6_1__|24,4_I15-061_2023I15_1_1_4__6_1__|24,"arrival_time,departure_time"
delete,stop_times.txt,4_I15-061_2023I15_1_1_4__6_1__|27,,
composite,stop_times.txt,4_I15-061_2023I15_1_1_4__6_1__|28,4_I15-061_2023I15_1_1_4__6_1__|28,"arrival_time,departure_time"
composite,stop_times.txt,4_I12-062_2023I12_1_1_4__6_2__|1,4_I12-062_2023I12_1_1_4__6_2__|1,"arrival_time,departure_time"
delete,stop_times.txt,4_I12-062_2023I12_1_1_4__6_2__|4,,
update,stop_times.txt,4_I12-062_2023I12_1_1_4__6_2__|6,4_I12-062_2023I12_1_1_4__6_2__|6,arrival_time
delete,stop_times.txt,4_I12-062_2023I12_1_1_4__6_2__|8,,
composite,stop_times.txt,4_I12-062_2023I12_1_1_4__6_2__|9,4_I12-062_2023I12_1_1_4__6_2__|9,"arrival_time,departure_time"
update,stop_times.txt,4_I12-062_2023I12_1_1_4__6_2__|11,4_I12-062_2023I12_1_1_4__6_2__|11,arrival_time
delete,stop_times.txt,4_I12-062_2023I12_1_1_4__6_2__|13,,
composite,stop_times.txt,4_I12-062_2023I12_1_1_4__6_2__|18,4_I12-062_2023I12_1_1_4__6_2__|18,"arrival_time,departure_time"
delete,stop_times.txt,4_I12-062_2023I12_1_1_4__6_2__|20,,
composite,stop_times.txt,4_I12-062_2023I12_1_1_4__6_2__|22,4_I12-062_2023I12_1_1_4__6_2__|22,"arrival_time,departure_time"
delete,stop_times.txt,4_I12-062_2023I12_1_1_4__6_2__|24,,
delete,stop_times.txt,4_I12-062_2023I12_1_1_4__6_2__|26,,
update,stop_times.txt,4_I13-062_2023I13_1_1_4__6_2__|2,4_I13-062_2023I13_1_1_4__6_2__|2,arrival_time
delete,stop_times.txt,4_I13-062_2023I13_1_1_4__6_2__|5,,
update,stop_times.txt,4_I13-062_2023I13_1_1_4__6_2__|6,4_I13-062_2023I13_1_1_4__6_2__|6,arrival_time
delete,stop_times.txt,4_I13-062_2023I13_1_1_4__6_2__|8,,
delete,stop_times.txt,4_I13-062_2023I13_1_1_4__6_2__|10,,
delete,stop_times.txt,4_I13-062_2023I13_1_1_4__6_2__|11,,
composite,stop_times.txt,4_I13-062_2023I13_1_1_4__6_2__|12,4_I13-062_2023I13_1_1_4__6_2__|12,"arrival_time,departure_time"
composite,stop_times.txt,4_I13-062_2023I13_1_1_4__6_2__|18,4_I13-062_2023I13_1_1_4__6_2__|18,"arrival_time,departure_time"
composite,stop_times.txt,4_I13-062_2023I13_1_1_4__6_2__|19,4_I13-062_2023I13_1_1_4__6_2__|19,"arrival_time,departure_time"
composite,stop_times.txt,4_I13-062_2023I13_1_1_4__6_2__|22,4_I13-062_2023I13_1_1_4__6_2__|22,"arrival_time,departure_time"
update,stop_times.txt,4_I13-062_2023I13_1_1_4__6_2__|24,4_I13-062_2023I13_1_1_4__6_2__|24,arrival_time
update,stop_times.txt,4_I13-062_2023I13_1_1_4__6_2__|25,4_I13-062_2023I13_1_1_4__6_2__|25,arrival_time
delete,stop_times.txt,4_I13-062_2023I13_1_1_4__6_2__|26,,
update,stop_times.txt,4_I13-062_2023I13_1_1_4__6_2__|28,4_I13-062_2023I13_1_1_4__6_2__|28,arrival_time
delete,stop_times.txt,4_I14-062_2023I14_1_1_4__6_2__|2,,
update,stop_times.txt,4_I14-062_2023I14_1_1_4__6_2__|3,4_I14-062_2023I14_1_1_4__6_2__|3,arrival_time
composite,stop_times.txt,4_I14-062_2023I14_1_1_4__6_2__|10,4_I14-062_2023I14_1_1_4__6_2__|10,"arrival_time,departure_time"
composite,stop_times.txt,4_I14-062_2023I14_1_1_4__6_2__|11,4_I14-062_2023I14_1_1_4__6_2__|11,"arrival_time,departure_time"
composite,stop_times.txt,4_I14-062_2023I14_1_1_4__6_2__|13,4_I14-062_2023I14_1_1_4__6_2__|13,"arrival_time,departure_time"
update,stop_times.txt,4_I14-062_2023I14_1_1_4__6_2__|17,4_I14-062_2023I14_1_1_4__6_2__|17,arrival_time
update,stop_times.txt,4_I14-062_2023I14_1_1_4__6_2__|18,4_I14-062_2023I14_1_1_4__6_2__|18,arrival_time
delete,stop_times.txt,4_I14-062_2023I14_1_1_4__6_2__|19,,
composite,stop_times.txt,4_I14-062_2023I14_1_1_4__6_2__|22,4_I14-062_2023I14_1_1_4__6_2__|22,"arrival_time,departure_time"
composite,stop_times.txt,4_I14-062_2023I14_1_1_4__6_2__|23,4_I14-062_2023I14_1_1_4__6_2__|23,"arrival_time,departure_time"
update,stop_times.txt,4_I14-062_2023I14_1_1_4__6_2__|24,4_I14-062_2023I14_1_1_4__6_2__|24,arrival_time
composite,stop_times.txt,4_I14-062_2023I14_1_1_4__6_2__|26,4_I14-062_2023I14_1_1_4__6_2__|26,"arrival_time,departure_time"
update,stop_times.txt,4_I15-062_2023I15_1_1_4__6_2__|1,4_I15-062_2023I15_1_1_4__6_2__|1,arrival_time
composite,stop_times.txt,4_I15-062_2023I15_1_1_4__6_2__|9,4_I15-062_2023I15_1_1_4__6_2__|9,"arrival_time,departure_time"
update,stop_times.txt,4_I15-062_2023I15_1_1_4__6_2__|12,4_I15-062_2023I15_1_1_4__6_2__|12,arrival_time
composite,stop_times.txt,4_I15-062_2023I15_1_1_4__6_2__|13,4_I15-062_2023I15_1_1_4__6_2__|13,"arrival_time,departure_time"
composite,stop_times.txt,4_I15-062_2023I15_1_1_4__6_2__|16,4_I15-062_2023I15_1_1_4__6_2__|16,"arrival_time,departure_time"
delete,stop_times.txt,4_I15-062_2023I15_1_1_4__6_2__|18,,
delete,stop_times.txt,4_I15-062_2023I15_1_1_4__6_2__|19,,
delete,stop_times.txt,4_I12-071_2023I12_1_1_4__7_A__|7,,
composite,stop_times.txt,4_I12-071_2023I12_1_1_4__7_A__|9,4_I12-071_2023I12_1_1_4__7_A__|9,"arrival_time,departure_time"
update,stop_times.txt,4_I12-071_2023I12_1_1_4__7_A__|16,4_I12-071_2023I12_1_1_4__7_A__|16,arrival_time
update,stop_times.txt,4_I12-071_2023I12_1_1_4__7_A__|17,4_I12-071_2023I12_1_1_4__7_A__|17,arrival_time
delete,stop_times.txt,4_I12-071_2023I12_1_1_4__7_A__|19,,
delete,stop_times.txt,4_I12-071_2023I12_1_1_4__7_A__|22,,
update,stop_times.txt,4_I12-071_2023I12_2_1_4__7_A__|2,4_I12-071_2023I12_2_1_4__7_A__|2,arrival_time
update,stop_times.txt,4_I12-071_2023I12_2_1_4__7_A__|5,4_I12-071_2023I12_2_1_4__7_A__|5,arrival_time
delete,stop_times.txt,4_I12-071_2023I12_2_1_4__7_A__|7,,
delete,stop_times.txt,4_I12-071_2023I12_2_1_4__7_A__|9,,
composite,stop_times.txt,4_I12-071_2023I12_2_1_4__7_A__|10,4_I12-071_2023I12_2_1_4__7_A__|10,"arrival_time,departure_time"
update,stop_times.txt,4_I12-071_2023I12_2_1_4__7_A__|14,4_I12-071_2023I12_2_1_4__7_A__|14,arrival_time
delete,stop_times.txt,4_I12-071_2023I12_2_1_4__7_A__|16,,
composite,stop_times.txt,4_I12-071_2023I12_2_1_4__7_A__|17,4_I12-071_2023I12_2_1_4__7_A__|17,"arrival_time,departure_time"
delete,stop_times.txt,4_I12-071_2023I12_2_1_4__7_A__|18,,
composite,stop_times.txt,4_I12-071_2023I12_2_1_4__7_A__|23,4_I12-071_2023I12_2_1_4__7_A__|23,"arrival_time,departure_time"
composite,stop_times.txt,4_I13-071_2023I13_1_1_4__7_A__|6,4_I13-071_2023I13_1_1_4__7_A__|6,"arrival_time,departure_time"
composite,stop_times.txt,4_I13-071_2023I13_1_1_4__7_A__|8,4_I13-071_2023I13_1_1_4__7_A__|8,"arrival_time,departure_time"
delete,stop_times.txt,4_I13-071_2023I13_1_1_4__7_A__|13,,
update,stop_times.txt,4_I13-071_2023I13_1_1_4__7_A__|14,4_I13-071_2023I13_1_1_4__7_A__|14,arrival_time
delete,stop_times.txt,4_I13-071_2023I13_1_1_4__7_A__|16,,
delete,stop_times.txt,4_I13-071_2023I13_1_1_4__7_A__|18,,
composite,stop_times.txt,4_I13-071_2023I13_1_1_4__7_A__|20,4_I13-071_2023I13_1_1_4__7_A__|20,"arrival_time,departure_time"
composite,stop_times.txt,4_I13-071_2023I13_2_1_4__7_A__|5,4_I13-071_2023I13_2_1_4__7_A__|5,"arrival_time,departure_time"
delete,stop_times.txt,4_I13-071_2023I13_2_1_4__7_A__|7,,
composite,stop_times.txt,4_I13-071_2023I13_2_1_4__7_A__|10,4_I13-071_2023I13_2_1_4__7_A__|10,"arrival_time,departure_time"
delete,stop_times.txt,4_I13-071_2023I13_2_1_4__7_A__|11,,
composite,stop_times.txt,4_I13-071_2023I13_2_1_4__7_A__|12,4_I13-071_2023I13_2_1_4__7_A__|12,"arrival_time,departure_time"
composite,stop_times.txt,4_I13-071_2023I13_2_1_4__7_A__|13,4_I13-071_2023I13_2_1_4__7_A__|13,"arrival_time,departure_time"
delete,stop_times.txt,4_I13-071_2023I13_2_1_4__7_A__|14,,
delete,stop_times.txt,4_I13-071_2023I13_2_1_4__7_A__|15,,
composite,stop_times.txt,4_I13-071_2023I13_2_1_4__7_A__|16,4_I13-071_2023I13_2_1_4__7_A__|16,"arrival_time,departure_time"
delete,stop_times.txt,4_I14-071_2023I14_1_1_4__7_A__|2,,
delete,stop_times.txt,4_I14-071_2023I14_1_1_4__7_A__|3,,
update,stop_times.txt,4_I14-071_2023I14_1_1_4__7_A__|8,4_I14-071_2023I14_1_1_4__7_A__|8,arrival_time
composite,stop_times.txt,4_I14-071_2023I14_1_1_4__7_A__|10,4_I14-071_2023I14_1_1_4__7_A__|10,"arrival_time,departure_time"
composite,stop_times.txt,4_I14-071_2023I14_1_1_4__7_A__|16,4_I14-071_2023I14_1_1_4__7_A__|16,"arrival_time,departure_time"
update,stop_times.txt,4_I14-071_2023I14_1_1_4__7_A__|20,4_I14-071_2023I14_1_1_4__7_A__|20,arrival_time
composite,stop_times.txt,4_I14-071_2023I14_1_1_4__7_A__|21,4_I14-071_2023I14_1_1_4__7_A__|21,"arrival_time,departure_time"
composite,stop_times.txt,4_I14-071_2023I14_2_1_4__7_A__|0,4_I14-071_2023I14_2_1_4__7_A__|0,"arrival_time,departure_time"
update,stop_times.txt,4_I14-071_2023I14_2_1_4__7_A__|3,4_I14-071_2023I14_2_1_4__7_A__|3,arrival_time
update,stop_times.txt,4_I14-071_2023I14_2_1_4__7_A__|6,4_I14-071_2023I14_2_1_4__7_A__|6,arrival_time
update,stop_times.txt,4_I14-071_2023I14_2_1_4__7_A__|8,4_I14-071_2023I14_2_1_4__7_A__|8,arrival_time
update,stop_times.txt,4_I14-071_2023I14_2_1_4__7_A__|11,4_I14-071_2023I14_2_1_4__7_A__|11,arrival_time
composite,stop_times.txt,4_I14-071_2023I14_2_1_4__7_A__|12,4_I14-071_2023I14_2_1_4__7_A__|12,"arrival_time,departure_time"
delete,stop_times.txt,4_I14-071_2023I14_2_1_4__7_A__|17,,
delete,stop_times.txt,4_I14-071_2023I14_2_1_4__7_A__|19,,
update,stop_times.txt,4_I14-071_2023I14_2_1_4__7_A__|21,4_I14-071_2023I14_2_1_4__7_A__|21,arrival_time
delete,stop_times.txt,4_I15-071_2023I15_1_1_4__7_A__|4,,
delete,stop_times.txt,4_I15-071_2023I15_1_1_4__7_A__|6,,
delete,stop_times.txt,4_I15-071_2023I15_1_1_4__7_A__|7,,
update,stop_times.txt,4_I15-071_2023I15_1_1_4__7_A__|17,4_I15-071_2023I15_1_1_4__7_A__|17,arrival_time
delete,stop_times.txt,4_I15-071_2023I15_1_1_4__7_A__|18,,
composite,stop_times.txt,4_I15-071_2023I15_1_1_4__7_A__|20,4_I15-071_2023I15_1_1_4__7_A__|20,"arrival_time,departure_time"
update,stop_times.txt,4_I15-071_2023I15_1_1_4__7_A__|21,4_I15-071_2023I15_1_1_4__7_A__|21,arrival_time
delete,stop_times.txt,4_I15-071_2023I15_1_1_4__7_A__|22,,
update,stop_times.txt,4_I15-071_2023I15_2_1_4__7_A__|0,4_I15-071_2023I15_2_1_4__7_A__|0,arrival_time
update,stop_times.txt,4_I15-071_2023I15_2_1_4__7_A__|2,4_I15-071_2023I15_2_1_4__7_A__|2,arrival_time
update,stop_times.txt,4_I15-071_2023I15_2_1_4__7_A__|4,4_I15-071_2023I15_2_1_4__7_A__|4,arrival_time
update,stop_times.txt,4_I15-071_2023I15_2_1_4__7_A__|6,4_I15-071_2023I15_2_1_4__7_A__|6,arrival_time
update,stop_times.txt,4_I15-071_2023I15_2_1_4__7_A__|7,4_I15-071_2023I15_2_1_4__7_A__|7,arrival_time
update,stop_times.txt,4_I15-071_2023I15_2_1_4__7_A__|14,4_I15-071_2023I15_2_1_4__7_A__|14,arrival_time
delete,stop_times.txt,4_I15-071_2023I15_2_1_4__7_A__|16,,
update,stop_times.txt,4_I15-071_2023I15_2_1_4__7_A__|18,4_I15-071_2023I15_2_1_4__7_A__|18,arrival_time
composite,stop_times.txt,4_I15-071_2023I15_2_1_4__7_A__|20,4_I15-071_2023I15_2_1_4__7_A__|20,"arrival_time,departure_time"
delete,stop_times.txt,4_I12-072_2023I12_1_1_4__7_B__|3,,
composite,stop_times.txt,4_I12-072_2023I12_1_1_4__7_B__|4,4_I12-072_2023I12_1_1_4__7_B__|4,"arrival_time,departure_time"
update,stop_times.txt,4_I12-072_2023I12_1_1_4__7_B__|6,4_I12-072_2023I12_1_1_4__7_B__|6,arrival_time
update,stop_times.txt,4_I12-072_2023I12_1_1_4__7_B__|7,4_I12-072_2023I12_1_1_4__7_B__|7,arrival_time
delete,stop_times.txt,4_I12-072_2023I12_2_1_4__7_B__|0,,
update,stop_times.txt,4_I12-072_2023I12_2_1_4__7_B__|2,4_I12-072_2023I12_2_1_4__7_B__|2,arrival_time
delete,stop_times.txt,4_I12-072_2023I12_2_1_4__7_B__|7,,
update,stop_times.txt,4_I13-072_2023I13_1_1_4__7_B__|1,4_I13-072_2023I13_1_1_4__7_B__|1,arrival_time
update,stop_times.txt,4_I13-072_2023I13_1_1_4__7_B__|3,4_I13-072_2023I13_1_1_4__7_B__|3,arrival_time
delete,stop_times.txt,4_I13-072_2023I13_1_1_4__7_B__|5,,
composite,stop_times.txt,4_I13-072_2023I13_2_1_4__7_B__|1,4_I13-072_2023I13_2_1_4__7_B__|1,"arrival_time,departure_time"
composite,stop_times.txt,4_I13-072_2023I13_2_1_4__7_B__|2,4_I13-072_2023I13_2_1_4__7_B__|2,"arrival_time,departure_time"
composite,stop_times.txt,4_I13-072_2023I13_2_1_4__7_B__|4,4_I13-072_2023I13_2_1_4__7_B__|4,"arrival_time,departure_time"
delete,stop_times.txt,4_I13-072_2023I13_2_1_4__7_B__|7,,
update,stop_times.txt,4_I14-072_2023I14_1_1_4__7_B__|0,4_I14-072_2023I14_1_1_4__7_B__|0,arrival_time
update,stop_times.txt,4_I14-072_2023I14_1_1_4__7_B__|5,4_I14-072_2023I14_1_1_4__7_B__|5,arrival_time
update,stop_times.txt,4_I14-072_2023I14_1_1_4__7_B__|7,4_I14-072_2023I14_1_1_4__7_B__|7,arrival_time
update,stop_times.txt,4_I14-072_2023I14_2_1_4__7_B__|2,4_I14-072_2023I14_2_1_4__7_B__|2,arrival_time
delete,stop_times.txt,4_I14-072_2023I14_2_1_4__7_B__|3,,
delete,stop_times.txt,4_I14-072_2023I14_2_1_4__7_B__|4,,
delete,stop_times.txt,4_I14-072_2023I14_2_1_4__7_B__|6,,
update,stop_times.txt,4_I15-072_2023I15_1_1_4__7_B__|3,4_I15-072_2023I15_1_1_4__7_B__|3,arrival_time
update,stop_times.txt,4_I15-072_2023I15_1_1_4__7_B__|4,4_I15-072_2023I15_1_1_4__7_B__|4,arrival_time
composite,stop_times.txt,4_I15-072_2023I15_2_1_4__7_B__|0,4_I15-072_2023I15_2_1_4__7_B__|0,"arrival_time,departure_time"
update,stop_times.txt,4_I12-008_2023I12_1_1_4__8___|1,4_I12-008_2023I12_1_1_4__8___|1,arrival_time
update,stop_times.txt,4_I12-008_2023I12_1_1_4__8___|2,4_I12-008_2023I12_1_1_4__8___|2,arrival_time
composite,stop_times.txt,4_I12-008_2023I12_1_1_4__8___|5,4_I12-008_2023I12_1_1_4__8___|5,"arrival_time,departure_time"
composite,stop_times.txt,4_I12-008_2023I12_1_1_4__8___|6,4_I12-008_2023I12_1_1_4__8___|6,"arrival_time,departure_time"
delete,stop_times.txt,4_I12-008_2023I12_1_1_4__8___|7,,
update,stop_times.txt,4_I12-008_2023I12_2_1_4__8___|4,4_I12-008_2023I12_2_1_4__8___|4,arrival_time
delete,stop_times.txt,4_I12-008_2023I12_2_1_4__8___|5,,
delete,stop_times.txt,4_I13-008_2023I13_1_1_4__8___|4,,
composite,stop_times.txt,4_I13-008_2023I13_1_1_4__8___|7,4_I13-008_2023I13_1_1_4__8___|7,"arrival_time,departure_time"
composite,stop_times.txt,4_I13-008_2023I13_2_1_4__8___|1,4_I13-008_2023I13_2_1_4__8___|1,"arrival_time,departure_time"
composite,stop_times.txt,4_I13-008_2023I13_2_1_4__8___|6,4_I13-008_2023I13_2_1_4__8___|6,"arrival_time,departure_time"
composite,stop_times.txt,4_I14-008_2023I14_1_1_4__8___|0,4_I14-008_2023I14_1_1_4__8___|0,"arrival_time,departure_time"
delete,stop_times.txt,4_I14-008_2023I14_1_1_4__8___|1,,
composite,stop_times.txt,4_I14-008_2023I14_1_1_4__8___|2,4_I14-008_2023I14_1_1_4__8___|2,"arrival_time,departure_time"
composite,stop_times.txt,4_I14-008_2023I14_1_1_4__8___|4,4_I14-008_2023I14_1_1_4__8___|4,"arrival_time,departure_time"
composite,stop_times.txt,4_I14-008_2023I14_1_1_4__8___|6,4_I14-008_2023I14_1_1_4__8___|6,"arrival_time,departure_time"
update,stop_times.txt,4_I14-008_2023I14_1_1_4__8___|7,4_I14-008_2023I14_1_1_4__8___|7,arrival_time
delete,stop_times.txt,4_I14-008_2023I14_2_1_4__8___|0,,
composite,stop_times.txt,4_I14-008_2023I14_2_1_4__8___|1,4_I14-008_2023I14_2_1_4__8___|1,"arrival_time,departure_time"
delete,stop_times.txt,4_I14-008_2023I14_2_1_4__8___|5,,
update,stop_times.txt,4_I14-008_2023I14_2_1_4__8___|6,4_I14-008_2023I14_2_1_4__8___|6,arrival_time
composite,stop_times.txt,4_I15-008_2023I15_1_1_4__8___|0,4_I15-008_2023I15_1_1_4__8___|0,"arrival_time,departure_time"
delete,stop_times.txt,4_I15-008_2023I15_1_1_4__8___|1,,
update,stop_times.txt,4_I15-008_2023I15_1_1_4__8___|3,4_I15-008_2023I15_1_1_4__8___|3,arrival_time
delete,stop_times.txt,4_I15-008_2023I15_1_1_4__8___|4,,
composite,stop_times.txt,4_I12-091_2023I12_1_1_4__9_A__|3,4_I12-091_2023I12_1_1_4__9_A__|3,"arrival_time,departure_time"
composite,stop_times.txt,4_I12-091_2023I12_1_1_4__9_A__|4,4_I12-091_2023I12_1_1_4__9_A__|4,"arrival_time,departure_time"
delete,stop_times.txt,4_I12-091_2023I12_1_1_4__9_A__|6,,
composite,stop_times.txt,4_I12-091_2023I12_1_1_4__9_A__|7,4_I12-091_2023I12_1_1_4__9_A__|7,"arrival_time,departure_time"
update,stop_times.txt,4_I12-091_2023I12_1_1_4__9_A__|10,4_I12-091_2023I12_1_1_4__9_A__|10,arrival_time
delete,stop_times.txt,4_I12-091_2023I12_1_1_4__9_A__|11,,
composite,stop_times.txt,4_I12-091_2023I12_1_1_4__9_A__|12,4_I12-091_2023I12_1_1_4__9_A__|12,"arrival_time,departure_time"
composite,stop_times.txt,4_I12-091_2023I12_1_1_4__9_A__|14,4_I12-091_2023I12_1_1_4__9_A__|14,"arrival_time,departure_time"
delete,stop_times.txt,4_I12-091_2023I12_1_1_4__9_A__|15,,
update,stop_times.txt,4_I12-091_2023I12_1_1_4__9_A__|17,4_I12-091_2023I12_1_1_4__9_A__|17,arrival_time
delete,stop_times.txt,4_I12-091_2023I12_1_1_4__9_A__|19,,
composite,stop_times.txt,4_I12-091_2023I12_1_1_4__9_A__|21,4_I12-091_2023I12_1_1_4__9_A__|21,"arrival_time,departure_time"
update,stop_times.txt,4_I12-091_2023I12_1_1_4__9_A__|22,4_I12-091_2023I12_1_1_4__9_A__|22,arrival_time
composite,stop_times.txt,4_I12-091_2023I12_2_1_4__9_A__|0,4_I12-091_2023I12_2_1_4__9_A__|0,"arrival_time,departure_time"
composite,stop_times.txt,4_I12-091_2023I12_2_1_4__9_A__|6,4_I12-091_2023I12_2_1_4__9_A__|6,"arrival_time,departure_time"
composite,stop_times.txt,4_I12-091_2023I12_2_1_4__9_A__|9,4_I12-091_2023I12_2_1_4__9_A__|9,"arrival_time,departure_time"
update,stop_times.txt,4_I12-091_2023I12_2_1_4__9_A__|10,4_I12-091_2023I12_2_1_4__9_A__|10,arrival_time
update,stop_times.txt,4_I12-091_2023I12_2_1_4__9_A__|11,4_I12-091_2023I12_2_1_4__9_A__|11,arrival_time
update,stop_times.txt,4_I12-091_2023I12_2_1_4__9_A__|13,4_I12-091_2023I12_2_1_4__9_A__|13,arrival_time
delete,stop_times.txt,4_I12-091_2023I12_2_1_4__9_A__|15,,
delete,stop_times.txt,4_I12-091_2023I12_2_1_4__9_A__|16,,
composite,stop_times.txt,4_I12-091_2023I12_2_1_4__9_A__|18,4_I12-091_2023I12_2_1_4__9_A__|18,"arrival_time,departure_time"
composite,stop_times.txt,4_I12-091_2023I12_2_1_4__9_A__|20,4_I12-091_2023I12_2_1_4__9_A__|20,"arrival_time,departure_time"
delete,stop_times.txt,4_I12-091_2023I12_2_1_4__9_A__|22,,
composite,stop_times.txt,4_I13-091_2023I13_1_1_4__9_A__|2,4_I13-091_2023I13_1_1_4__9_A__|2,"arrival_time,departure_time"
composite,stop_times.txt,4_I13-091_2023I13_1_1_4__9_A__|5,4_I13-091_2023I13_1_1_4__9_A__|5,"arrival_time,departure_time"
composite,stop_times.txt,4_I13-091_2023I13_1_1_4__9_A__|8,4_I13-091_2023I13_1_1_4__9_A__|8,"arrival_time,departure_time"
delete,stop_times.txt,4_I13-091_2023I13_1_1_4__9_A__|11,,
delete,stop_times.txt,4_I13-091_2023I13_1_1_4__9_A__|12,,
composite,stop_times.txt,4_I13-091_2023I13_1_1_4__9_A__|14,4_I13-091_2023I13_1_1_4__9_A__|14,"arrival_time,departure_time"
delete,stop_times.txt,4_I13-091_2023I13_1_1_4__9_A__|16,,
composite,stop_times.txt,4_I13-091_2023I13_1_1_4__9_A__|17,4_I13-091_2023I13_1_1_4__9_A__|17,"arrival_time,departure_time"
update,stop_times.txt,4_I13-091_2023I13_1_1_4__9_A__|22,4_I13-091_2023I13_1_1_4__9_A__|22,arrival_time
update,stop_times.txt,4_I13-091_2023I13_2_1_4__9_A__|1,4_I13-091_2023I13_2_1_4__9_A__|1,arrival_time
delete,stop_times.txt,4_I13-091_2023I13_2_1_4__9_A__|2,,
composite,stop_times.txt,4_I13-091_2023I13_2_1_4__9_A__|4,4_I13-091_2023I13_2_1_4__9_A__|4,"arrival_time,departure_time"
update,stop_times.txt,4_I13-091_2023I13_2_1_4__9_A__|7,4_I13-091_2023I13_2_1_4__9_A__|7,arrival_time
composite,stop_times.txt,4_I13-091_2023I13_2_1_4__9_A__|8,4_I13-091_2023I13_2_1_4__9_A__|8,"arrival_time,departure_time"
update,stop_times.txt,4_I13-091_2023I13_2_1_4__9_A__|10,4_I13-091_2023I13_2_1_4__9_A__|10,arrival_time
composite,stop_times.txt,4_I13-091_2023I13_2_1_4__9_A__|11,4_I13-091_2023I13_2_1_4__9_A__|11,"arrival_time,departure_time"
update,stop_times.txt,4_I13-091_2023I13_2_1_4__9_A__|12,4_I13-091_2023I13_2_1_4__9_A__|12,arrival_time
update,stop_times.txt,4_I13-091_2023I13_2_1_4__9_A__|14,4_I13-091_2023I13_2_1_4__9_A__|14,arrival_time
delete,stop_times.txt,4_I13-091_2023I13_2_1_4__9_A__|16,,
update,stop_times.txt,4_I13-091_2023I13_2_1_4__9_A__|17,4_I13-091_2023I13_2_1_4__9_A__|17,arrival_time
delete,stop_times.txt,4_I13-091_2023I13_2_1_4__9_A__|19,,
update,stop_times.txt,4_I13-091_2023I13_2_1_4__9_A__|22,4_I13-091_2023I13_2_1_4__9_A__|22,arrival_time
composite,stop_times.txt,4_I14-091_2023I14_1_1_4__9_A__|3,4_I14-091_2023I14_1_1_4__9_A__|3,"arrival_time,departure_time"
update,stop_times.txt,4_I14-091_2023I14_1_1_4__9_A__|10,4_I14-091_2023I14_1_1_4__9_A__|10,arrival_time
composite,stop_times.txt,4_I14-091_2023I14_1_1_4__9_A__|13,4_I14-091_2023I14_1_1_4__9_A__|13,"arrival_time,departure_time"
composite,stop_times.txt,4_I14-091_2023I14_1_1_4__9_A__|15,4_I14-091_2023I14_1_1_4__9_A__|15,"arrival_time,departure_time"
delete,stop_times.txt,4_I14-091_2023I14_1_1_4__9_A__|17,,
composite,stop_times.txt,4_I14-091_2023I14_1_1_4__9_A__|18,4_I14-091_2023I14_1_1_4__9_A__|18,"arrival_time,departure_time"
composite,stop_times.txt,4_I14-091_2023I14_1_1_4__9_A__|19,4_I14-091_2023I14_1_1_4__9_A__|19,"arrival_time,departure_time"
delete,stop_times.txt,4_I14-091_2023I14_1_1_4__9_A__|21,,
delete,stop_times.txt,4_I14-091_2023I14_2_1_4__9_A__|0,,
composite,stop_times.txt,4_I14-091_2023I14_2_1_4__9_A__|2,4_I14-091_2023I14_2_1_4__9_A__|2,"arrival_time,departure_time"
update,stop_times.txt,4_I14-091_2023I14_2_1_4__9_A__|3,4_I14-091_2023I14_2_1_4__9_A__|3,arrival_time
update,stop_times.txt,4_I14-091_2023I14_2_1_4__9_A__|7,4_I14-091_2023I14_2_1_4__9_A__|7,arrival_time
delete,stop_times.txt,4_I14-091_2023I14_2_1_4__9_A__|12,,
update,stop_times.txt,4_I14-091_2023I14_2_1_4__9_A__|13,4_I14-091_2023I14_2_1_4__9_A__|13,arrival_time
update,stop_times.txt,4_I14-091_2023I14_2_1_4__9_A__|16,4_I14-091_2023I14_2_1_4__9_A__|16,arrival_time
delete,stop_times.txt,4_I14-091_2023I14_2_1_4__9_A__|19,,
composite,stop_times.txt,4_I14-091_2023I14_2_1_4__9_A__|21,4_I14-091_2023I14_2_1_4__9_A__|21,"arrival_time,departure_time"
delete,stop_times.txt,4_I15-091_2023I15_1_1_4__9_A__|0,,
composite,stop_times.txt,4_I15-091_2023I15_1_1_4__9_A__|2,4_I15-091_2023I15_1_1_4__9_A__|2,"arrival_time,departure_time"
delete,stop_times.txt,4_I15-091_2023I15_1_1_4__9_A__|4,,
delete,stop_times.txt,4_I15-091_2023I15_1_1_4__9_A__|6,,
composite,stop_times.txt,4_I15-091_2023I15_1_1_4__9_A__|7,4_I15-091_2023I15_1_1_4__9_A__|7,"arrival_time,departure_time"
composite,stop_times.txt,4_I15-091_2023I15_1_1_4__9_A__|9,4_I15-091_2023I15_1_1_4__9_A__|9,"arrival_time,departure_time"
delete,stop_times.txt,4_I15-091_2023I15_1_1_4__9_A__|13,,
delete,stop_times.txt,4_I15-091_2023I15_1_1_4__9_A__|18,,
delete,stop_times.txt,4_I15-091_2023I15_1_1_4__9_A__|19,,
delete,stop_times.txt,4_I15-091_2023I15_1_1_4__9_A__|21,,
delete,stop_times.txt,4_I15-091_2023I15_1_1_4__9_A__|22,,
composite,stop_times.txt,4_I15-091_2023I15_2_1_4__9_A__|4,4_I15-091_2023I15_2_1_4__9_A__|4,"arrival_time,departure_time"
delete,stop_times.txt,4_I15-091_2023I15_2_1_4__9_A__|6,,
update,stop_times.txt,4_I15-091_2023I15_2_1_4__9_A__|7,4_I15-091_2023I15_2_1_4__9_A__|7,arrival_time
composite,stop_times.txt,4_I15-091_2023I15_2_1_4__9_A__|10,4_I15-091_2023I15_2_1_4__9_A__|10,"arrival_time,departure_time"
update,stop_times.txt,4_I15-091_2023I15_2_1_4__9_A__|15,4_I15-091_2023I15_2_1_4__9_A__|15,arrival_time
delete,stop_times.txt,4_I15-091_2023I15_2_1_4__9_A__|19,,
update,stop_times.txt,4_I15-091_2023I15_2_1_4__9_A__|20,4_I15-091_2023I15_2_1_4__9_A__|20,arrival_time
update,stop_times.txt,4_I15-091_2023I15_2_1_4__9_A__|21,4_I15-091_2023I15_2_1_4__9_A__|21,arrival_time
delete,stop_times.txt,4_I12-092_2023I12_1_1_4__9_B__|1,,
composite,stop_times.txt,4_I12-092_2023I12_2_1_4__9_B__|2,4_I12-092_2023I12_2_1_4__9_B__|2,"arrival_time,departure_time"
composite,stop_times.txt,4_I12-092_2023I12_2_1_4__9_B__|4,4_I12-092_2023I12_2_1_4__9_B__|4,"arrival_time,departure_time"
delete,stop_times.txt,4_I12-092_2023I12_2_1_4__9_B__|5,,
delete,stop_times.txt,4_I13-092_2023I13_1_1_4__9_B__|5,,
delete,stop_times.txt,4_I13-092_2023I13_2_1_4__9_B__|0,,
composite,stop_times.txt,4_I13-092_2023I13_2_1_4__9_B__|4,4_I13-092_2023I13_2_1_4__9_B__|4,"arrival_time,departure_time"
delete,stop_times.txt,4_I13-092_2023I13_2_1_4__9_B__|5,,
delete,stop_times.txt,4_I14-092_2023I14_1_1_4__9_B__|0,,
update,stop_times.txt,4_I14-092_2023I14_1_1_4__9_B__|1,4_I14-092_2023I14_1_1_4__9_B__|1,arrival_time
update,stop_times.txt,4_I14-092_2023I14_1_1_4__9_B__|2,4_I14-092_2023I14_1_1_4__9_B__|2,arrival_time
delete,stop_times.txt,4_I14-092_2023I14_1_1_4__9_B__|3,,
composite,stop_times.txt,4_I14-092_2023I14_1_1_4__9_B__|4,4_I14-092_2023I14_1_1_4__9_B__|4,"arrival_time,departure_time"
composite,stop_times.txt,4_I14-092_2023I14_1_1_4__9_B__|5,4_I14-092_2023I14_1_1_4__9_B__|5,"arrival_time,departure_time"
update,stop_times.txt,4_I14-092_2023I14_2_1_4__9_B__|1,4_I14-092_2023I14_2_1_4__9_B__|1,arrival_time
delete,stop_times.txt,4_I14-092_2023I14_2_1_4__9_B__|2,,
delete,stop_times.txt,4_I14-092_2023I14_2_1_4__9_B__|4,,
delete,stop_times.txt,4_I14-092_2023I14_2_1_4__9_B__|5,,
delete,stop_times.txt,4_I15-092_2023I15_1_1_4__9_B__|3,,
update,stop_times.txt,4_I15-092_2023I15_1_1_4__9_B__|4,4_I15-092_2023I15_1_1_4__9_B__|4,arrival_time
update,stop_times.txt,4_I15-092_2023I15_2_1_4__9_B__|4,4_I15-092_2023I15_2_1_4__9_B__|4,arrival_time
update,stop_times.txt,4_I12-101_2023I12_1_1_4__10_A__|2,4_I12-101_2023I12_1_1_4__10_A__|2,arrival_time
update,stop_times.txt,4_I12-101_2023I12_1_1_4__10_A__|3,4_I12-101_2023I12_1_1_4__10_A__|3,arrival_time
update,stop_times.txt,4_I12-101_2023I12_1_1_4__10_A__|4,4_I12-101_2023I12_1_1_4__10_A__|4,arrival_time
delete,stop_times.txt,4_I12-101_2023I12_1_1_4__10_A__|8,,
update,stop_times.txt,4_I12-101_2023I12_1_1_4__10_A__|9,4_I12-101_2023I12_1_1_4__10_A__|9,arrival_time
delete,stop_times.txt,4_I12-101_2023I12_1_1_4__10_A__|10,,
update,stop_times.txt,4_I12-101_2023I12_1_1_4__10_A__|11,4_I12-101_2023I12_1_1_4__10_A__|11,arrival_time
composite,stop_times.txt,4_I12-101_2023I12_1_1_4__10_A__|12,4_I12-101_2023I12_1_1_4__10_A__|12,"arrival_time,departure_time"
composite,stop_times.txt,4_I12-101_2023I12_1_1_4__10_A__|14,4_I12-101_2023I12_1_1_4__10_A__|14,"arrival_time,departure_time"
delete,stop_times.txt,4_I12-101_2023I12_1_1_4__10_A__|18,,
delete,stop_times.txt,4_I12-101_2023I12_1_1_4__10_A__|20,,
composite,stop_times.txt,4_I12-101_2023I12_2_1_4__10_A__|0,4_I12-101_2023I12_2_1_4__10_A__|0,"arrival_time,departure_time"
composite,stop_times.txt,4_I12-101_2023I12_2_1_4__10_A__|6,4_I12-101_2023I12_2_1_4__10_A__|6,"arrival_time,departure_time"
delete,stop_times.txt,4_I12-101_2023I12_2_1_4__10_A__|8,,
update,stop_times.txt,4_I12-101_2023I12_2_1_4__10_A__|10,4_I12-101_2023I12_2_1_4__10_A__|10,arrival_time
composite,stop_times.txt,4_I12-101_2023I12_2_1_4__10_A__|11,4_I12-101_2023I12_2_1_4__10_A__|11,"arrival_time,departure_time"
delete,stop_times.txt,4_I12-101_2023I12_2_1_4__10_A__|12,,
delete,stop_times.txt,4_I12-101_2023I12_2_1_4__10_A__|13,,
composite,stop_times.txt,4_I12-101_2023I12_2_1_4__10_A__|15,4_I12-101_2023I12_2_1_4__10_A__|15,"arrival_time,departure_time"
delete,stop_times.txt,4_I12-101_2023I12_2_1_4__10_A__|17,,
composite,stop_times.txt,4_I13-101_2023I13_1_1_4__10_A__|0,4_I13-101_2023I13_1_1_4__10_A__|0,"arrival_time,departure_time"
delete,stop_times.txt,4_I13-101_2023I13_1_1_4__10_A__|1,,
delete,stop_times.txt,4_I13-101_2023I13_1_1_4__10_A__|2,,
update,stop_times.txt,4_I13-101_2023I13_1_1_4__10_A__|4,4_I13-101_2023I13_1_1_4__10_A__|4,arrival_time
delete,stop_times.txt,4_I13-101_2023I13_1_1_4__10_A__|5,,
delete,stop_times.txt,4_I13-101_2023I13_1_1_4__10_A__|8,,
composite,stop_times.txt,4_I13-101_2023I13_1_1_4__10_A__|9,4_I13-101_2023I13_1_1_4__10_A__|9,"arrival_time,departure_time"
delete,stop_times.txt,4_I13-101_2023I13_1_1_4__10_A__|14,,
update,stop_times.txt,4_I13-101_2023I13_1_1_4__10_A__|19,4_I13-101_2023I13_1_1_4__10_A__|19,arrival_time
composite,stop_times.txt,4_I13-101_2023I13_2_1_4__10_A__|0,4_I13-101_2023I13_2_1_4__10_A__|0,"arrival_time,departure_time"
composite,stop_times.txt,4_I13-101_2023I13_2_1_4__10_A__|1,4_I13-101_2023I13_2_1_4__10_A__|1,"arrival_time,departure_time"
update,stop_times.txt,4_I13-101_2023I13_2_1_4__10_A__|4,4_I13-101_2023I13_2_1_4__10_A__|4,arrival_time
composite,stop_times.txt,4_I13-101_2023I13_2_1_4__10_A__|8,4_I13-101_2023I13_2_1_4__10_A__|8,"arrival_time,departure_time"
composite,stop_times.txt,4_I13-101_2023I13_2_1_4__10_A__|10,4_I13-101_2023I13_2_1_4__10_A__|10,"arrival_time,departure_time"
update,stop_times.txt,4_I13-101_2023I13_2_1_4__10_A__|12,4_I13-101_2023I13_2_1_4__10_A__|12,arrival_time
composite,stop_times.txt,4_I13-101_2023I13_2_1_4__10_A__|13,4_I13-101_2023I13_2_1_4__10_A__|13,"arrival_time,departure_time"
update,stop_times.txt,4_I13-101_2023I13_2_1_4__10_A__|17,4_I13-101_2023I13_2_1_4__10_A__|17,arrival_time
delete,stop_times.txt,4_I13-101_2023I13_2_1_4__10_A__|18,,
composite,stop_times.txt,4_I13-101_2023I13_2_1_4__10_A__|20,4_I13-101_2023I13_2_1_4__10_A__|20,"arrival_time,departure_time"
composite,stop_times.txt,4_I14-101_2023I14_1_1_4__10_A__|2,4_I14-101_2023I14_1_1_4__10_A__|2,"arrival_time,departure_time"
update,stop_times.txt,4_I14-101_2023I14_1_1_4__10_A__|3,4_I14-101_2023I14_1_1_4__10_A__|3,arrival_time
delete,stop_times.txt,4_I14-101_2023I14_1_1_4__10_A__|4,,
composite,stop_times.txt,4_I14-101_2023I14_1_1_4__10_A__|9,4_I14-101_2023I14_1_1_4__10_A__|9,"arrival_time,departure_time"
composite,stop_times.txt,4_I14-101_2023I14_1_1_4__10_A__|12,4_I14-101_2023I14_1_1_4__10_A__|12,"arrival_time,departure_time"
composite,stop_times.txt,4_I14-101_2023I14_1_1_4__10_A__|14,4_I14-101_2023I14_1_1_4__10_A__|14,"arrival_time,departure_time"
composite,stop_times.txt,4_I14-101_2023I14_1_1_4__10_A__|20,4_I14-101_2023I14_1_1_4__10_A__|20,"arrival_time,departure_time"
composite,stop_times.txt,4_I14-101_2023I14_2_1_4__10_A__|0,4_I14-101_2023I14_2_1_4__10_A__|0,"arrival_time,departure_time"
delete,stop_times.txt,4_I14-101_2023I14_2_1_4__10_A__|1,,
composite,stop_times.txt,4_I14-101_2023I14_2_1_4__10_A__|5,4_I14-101_2023I14_2_1_4__10_A__|5,"arrival_time,departure_time"
update,stop_times.txt,4_I14-101_2023I14_2_1_4__10_A__|9,4_I14-101_2023I14_2_1_4__10_A__|9,arrival_time
delete,stop_times.txt,4_I14-101_2023I14_2_1_4__10_A__|10,,
delete,stop_times.txt,4_I15-101_2023I15_1_1_4__10_A__|1,,
delete,stop_times.txt,4_I15-101_2023I15_1_1_4__10_A__|5,,
delete,stop_times.txt,4_I15-101_2023I15_1_1_4__10_A__|7,,
delete,stop_times.txt,4_I15-101_2023I15_1_1_4__10_A__|8,,
composite,stop_times.txt,4_I15-101_2023I15_1_1_4__10_A__|9,4_I15-101_2023I15_1_1_4__10_A__|9,"arrival_time,departure_time"
update,stop_times.txt,4_I15-101_2023I15_1_1_4__10_A__|10,4_I15-101_2023I15_1_1_4__10_A__|10,arrival_time
update,stop_times.txt,4_I15-101_2023I15_1_1_4__10_A__|12,4_I15-101_2023I15_1_1_4__10_A__|12,arrival_time
composite,stop_times.txt,4_I15-101_2023I15_1_1_4__10_A__|18,4_I15-101_2023I15_1_1_4__10_A__|18,"arrival_time,departure_time"
delete,stop_times.txt,4_I15-101_2023I15_1_1_4__10_A__|19,,
composite,stop_times.txt,4_I15-101_2023I15_1_1_4__10_A__|20,4_I15-101_2023I15_1_1_4__10_A__|20,"arrival_time,departure_time"
delete,stop_times.txt,4_I15-101_2023I15_2_1_4__10_A__|5,,
delete,stop_times.txt,4_I15-101_2023I15_2_1_4__10_A__|10,,
update,stop_times.txt,4_I15-101_2023I15_2_1_4__10_A__|16,4_I15-101_2023I15_2_1_4__10_A__|16,arrival_time
delete,stop_times.txt,4_I15-101_2023I15_2_1_4__10_A__|18,,
delete,stop_times.txt,4_I15-101_2023I15_2_1_4__10_A__|19,,
composite,stop_times.txt,4_I12-102_2023I12_1_1_4__10_B__|2,4_I12-102_2023I12_1_1_4__10_B__|2,"arrival_time,departure_time"
composite,stop_times.txt,4_I12-102_2023I12_1_1_4__10_B__|3,4_I12-102_2023I12_1_1_4__10_B__|3,"arrival_time,departure_time"
update,stop_times.txt,4_I12-102_2023I12_1_1_4__10_B__|5,4_I12-102_2023I12_1_1_4__10_B__|5,arrival_time
delete,stop_times.txt,4_I12-102_2023I12_1_1_4__10_B__|7,,
update,stop_times.txt,4_I12-102_2023I12_1_1_4__10_B__|8,4_I12-102_2023I12_1_1_4__10_B__|8,arrival_time
update,stop_times.txt,4_I12-102_2023I12_1_1_4__10_B__|9,4_I12-102_2023I12_1_1_4__10_B__|9,arrival_time
composite,stop_times.txt,4_I12-102_2023I12_2_1_4__10_B__|0,4_I12-102_2023I12_2_1_4__10_B__|0,"arrival_time,departure_time"
composite,stop_times.txt,4_I12-102_2023I12_2_1_4__10_B__|2,4_I12-102_2023I12_2_1_4__10_B__|2,"arrival_time,departure_time"
update,stop_times.txt,4_I12-102_2023I12_2_1_4__10_B__|3,4_I12-102_2023I12_2_1_4__10_B__|3,arrival_time
composite,stop_times.txt,4_I12-102_2023I12_2_1_4__10_B__|4,4_I12-102_2023I12_2_1_4__10_B__|4,"arrival_time,departure_time"
delete,stop_times.txt,4_I12-102_2023I12_2_1_4__10_B__|8,,
composite,stop_times.txt,4_I13-102_2023I13_1_1_4__10_B__|1,4_I13-102_2023I13_1_1_4__10_B__|1,"arrival_time,departure_time"
update,stop_times.txt,4_I13-102_2023I13_1_1_4__10_B__|2,4_I13-102_2023I13_1_1_4__10_B__|2,arrival_time
update,stop_times.txt,4_I13-102_2023I13_1_1_4__10_B__|5,4_I13-102_2023I13_1_1_4__10_B__|5,arrival_time
delete,stop_times.txt,4_I13-102_2023I13_1_1_4__10_B__|6,,
update,stop_times.txt,4_I13-102_2023I13_1_1_4__10_B__|7,4_I13-102_2023I13_1_1_4__10_B__|7,arrival_time
update,stop_times.txt,4_I13-102_2023I13_1_1_4__10_B__|8,4_I13-102_2023I13_1_1_4__10_B__|8,arrival_time
composite,stop_times.txt,4_I13-102_2023I13_1_1_4__10_B__|10,4_I13-102_2023I13_1_1_4__10_B__|10,"arrival_time,departure_time"
update,stop_times.txt,4_I13-102_2023I13_2_1_4__10_B__|0,4_I13-102_2023I13_2_1_4__10_B__|0,arrival_time
delete,stop_times.txt,4_I13-102_2023I13_2_1_4__10_B__|1,,
composite,stop_times.txt,4_I13-102_2023I13_2_1_4__10_B__|2,4_I13-102_2023I13_2_1_4__10_B__|2,"arrival_time,departure_time"
delete,stop_times.txt,4_I13-102_2023I13_2_1_4__10_B__|3,,
update,stop_times.txt,4_I13-102_2023I13_2_1_4__10_B__|4,4_I13-102_2023I13_2_1_4__10_B__|4,arrival_time
composite,stop_times.txt,4_I13-102_2023I13_2_1_4__10_B__|7,4_I13-102_2023I13_2_1_4__10_B__|7,"arrival_time,departure_time"
delete,stop_times.txt,4_I13-102_2023I13_2_1_4__10_B__|9,,
delete,stop_times.txt,4_I14-102_2023I14_1_1_4__10_B__|0,,
update,stop_times.txt,4_I14-102_2023I14_1_1_4__10_B__|5,4_I14-102_2023I14_1_1_4__10_B__|5,arrival_time
composite,stop_times.txt,4_I14-102_2023I14_1_1_4__10_B__|6,4_I14-102_2023I14_1_1_4__10_B__|6,"arrival_time,departure_time"
update,stop_times.txt,4_I14-102_2023I14_1_1_4__10_B__|7,4_I14-102_2023I14_1_1_4__10_B__|7,arrival_time
delete,stop_times.txt,4_I14-102_2023I14_2_1_4__10_B__|0,,
composite,stop_times.txt,4_I14-102_2023I14_2_1_4__10_B__|2,4_I14-102_2023I14_2_1_4__10_B__|2,"arrival_time,departure_time"
delete,stop_times.txt,4_I14-102_2023I14_2_1_4__10_B__|7,,
update,stop_times.txt,4_I14-102_2023I14_2_1_4__10_B__|10,4_I14-102_2023I14_2_1_4__10_B__|10,arrival_time
delete,stop_times.txt,4_I15-102_2023I15_1_1_4__10_B__|4,,
delete,stop_times.txt,4_I15-102_2023I15_2_1_4__10_B__|3,,
update,stop_times.txt,4_I15-102_2023I15_2_1_4__10_B__|10,4_I15-102_2023I15_2_1_4__10_B__|10,arrival_time
delete,stop_times.txt,4_I12-011_2023I12_1_1_4__11___|3,,
composite,stop_times.txt,4_I12-011_2023I12_1_1_4__11___|4,4_I12-011_2023I12_1_1_4__11___|4,"arrival_time,departure_time"
composite,stop_times.txt,4_I12-011_2023I12_1_1_4__11___|5,4_I12-011_2023I12_1_1_4__11___|5,"arrival_time,departure_time"
update,stop_times.txt,4_I12-011_2023I12_1_1_4__11___|6,4_I12-011_2023I12_1_1_4__11___|6,arrival_time
update,stop_times.txt,4_I12-011_2023I12_2_1_4__11___|5,4_I12-011_2023I12_2_1_4__11___|5,arrival_time
delete,stop_times.txt,4_I13-011_2023I13_1_1_4__11___|1,,
composite,stop_times.txt,4_I13-011_2023I13_1_1_4__11___|5,4_I13-011_2023I13_1_1_4__11___|5,"arrival_time,departure_time"
delete,stop_times.txt,4_I13-011_2023I13_1_1_4__11___|6,,
composite,stop_times.txt,4_I13-011_2023I13_2_1_4__11___|4,4_I13-011_2023I13_2_1_4__11___|4,"arrival_time,departure_time"
composite,stop_times.txt,4_I13-011_2023I13_2_1_4__11___|5,4_I13-011_2023I13_2_1_4__11___|5,"arrival_time,departure_time"
delete,stop_times.txt,4_I13-011_2023I13_2_1_4__11___|6,,
delete,stop_times.txt,4_I14-011_2023I14_1_1_4__11___|2,,
composite,stop_times.txt,4_I14-011_2023I14_1_1_4__11___|4,4_I14-011_2023I14_1_1_4__11___|4,"arrival_time,departure_time"
update,stop_times.txt,4_I14-011_2023I14_1_1_4__11___|5,4_I14-011_2023I14_1_1_4__11___|5,arrival_time
update,stop_times.txt,4_I14-011_2023I14_2_1_4__11___|0,4_I14-011_2023I14_2_1_4__11___|0,arrival_time
delete,stop_times.txt,4_I14-011_2023I14_2_1_4__11___|1,,
update,stop_times.txt,4_I14-011_2023I14_2_1_4__11___|3,4_I14-011_2023I14_2_1_4__11___|3,arrival_time
composite,stop_times.txt,4_I14-011_2023I14_2_1_4__11___|4,4_I14-011_2023I14_2_1_4__11___|4,"arrival_time,departure_time"
delete,stop_times.txt,4_I14-011_2023I14_2_1_4__11___|5,,
composite,stop_times.txt,4_I14-011_2023I14_2_1_4__11___|6,4_I14-011_2023I14_2_1_4__11___|6,"arrival_time,departure_time"
delete,stop_times.txt,4_I15-011_2023I15_1_1_4__11___|0,,
update,stop_times.txt,4_I15-011_2023I15_1_1_4__11___|4,4_I15-011_2023I15_1_1_4__11___|4,arrival_time
delete,stop_times.txt,4_I15-011_2023I15_1_1_4__11___|5,,
update,stop_times.txt,4_I15-011_2023I15_1_1_4__11___|6,4_I15-011_2023I15_1_1_4__11___|6,arrival_time
update,stop_times.txt,4_I15-011_2023I15_2_1_4__11___|0,4_I15-011_2023I15_2_1_4__11___|0,arrival_time
delete,stop_times.txt,4_I15-011_2023I15_2_1_4__11___|1,,
composite,stop_times.txt,4_I15-011_2023I15_2_1_4__11___|3,4_I15-011_2023I15_2_1_4__11___|3,"arrival_time,departure_time"
composite,stop_times.txt,4_I12-121_2023I12_1_1_4__12_1__|0,4_I12-121_2023I12_1_1_4__12_1__|0,"arrival_time,departure_time"
update,stop_times.txt,4_I12-121_2023I12_1_1_4__12_1__|5,4_I12-121_2023I12_1_1_4__12_1__|5,arrival_time
update,stop_times.txt,4_I12-121_2023I12_1_1_4__12_1__|6,4_I12-121_2023I12_1_1_4__12_1__|6,arrival_time
update,stop_times.txt,4_I12-121_2023I12_1_1_4__12_1__|7,4_I12-121_2023I12_1_1_4__12_1__|7,arrival_time
composite,stop_times.txt,4_I12-121_2023I12_1_1_4__12_1__|13,4_I12-121_2023I12_1_1_4__12_1__|13,"arrival_time,departure_time"
delete,stop_times.txt,4_I12-121_2023I12_1_1_4__12_1__|19,,
composite,stop_times.txt,4_I12-121_2023I12_1_1_4__12_1__|21,4_I12-121_2023I12_1_1_4__12_1__|21,"arrival_time,departure_time"
delete,stop_times.txt,4_I12-121_2023I12_1_1_4__12_1__|22,,
update,stop_times.txt,4_I13-121_2023I13_1_1_4__12_1__|6,4_I13-121_2023I13_1_1_4__12_1__|6,arrival_time
composite,stop_times.txt,4_I13-121_2023I13_1_1_4__12_1__|7,4_I13-121_2023I13_1_1_4__12_1__|7,"arrival_time,departure_time"
composite,stop_times.txt,4_I13-121_2023I13_1_1_4__12_1__|10,4_I13-121_2023I13_1_1_4__12_1__|10,"arrival_time,departure_time"
update,stop_times.txt,4_I13-121_2023I13_1_1_4__12_1__|13,4_I13-121_2023I13_1_1_4__12_1__|13,arrival_time
update,stop_times.txt,4_I13-121_2023I13_1_1_4__12_1__|20,4_I13-121_2023I13_1_1_4__12_1__|20,arrival_time
delete,stop_times.txt,4_I13-121_2023I13_1_1_4__12_1__|22,,
composite,stop_times.txt,4_I13-121_2023I13_1_1_4__12_1__|23,4_I13-121_2023I13_1_1_4__12_1__|23,"arrival_time,departure_time"
update,stop_times.txt,4_I13-121_2023I13_1_1_4__12_1__|27,4_I13-121_2023I13_1_1_4__12_1__|27,arrival_time
delete,stop_times.txt,4_I13-121_2023I13_1_1_4__12_1__|28,,
composite,stop_times.txt,4_I14-121_2023I14_1_1_4__12_1__|0,4_I14-121_2023I14_1_1_4__12_1__|0,"arrival_time,departure_time"
composite,stop_times.txt,4_I14-121_2023I14_1_1_4__12_1__|1,4_I14-121_2023I14_1_1_4__12_1__|1,"arrival_time,departure_time"
composite,stop_times.txt,4_I14-121_2023I14_1_1_4__12_1__|6,4_I14-121_2023I14_1_1_4__12_1__|6,"arrival_time,departure_time"
delete,stop_times.txt,4_I14-121_2023I14_1_1_4__12_1__|10,,
composite,stop_times.txt,4_I14-121_2023I14_1_1_4__12_1__|11,4_I14-121_2023I14_1_1_4__12_1__|11,"arrival_time,departure_time"
composite,stop_times.txt,4_I14-121_2023I14_1_1_4__12_1__|12,4_I14-121_2023I14_1_1_4__12_1__|12,"arrival_time,departure_time"
delete,stop_times.txt,4_I14-121_2023I14_1_1_4__12_1__|15,,
update,stop_times.txt,4_I14-121_2023I14_1_1_4__12_1__|16,4_I14-121_2023I14_1_1_4__12_1__|16,arrival_time
update,stop_times.txt,4_I14-121_2023I14_1_1_4__12_1__|17,4_I14-121_2023I14_1_1_4__12_1__|17,arrival_time
delete,stop_times.txt,4_I14-121_2023I14_1_1_4__12_1__|20,,
update,stop_times.txt,4_I14-121_2023I14_1_1_4__12_1__|21,4_I14-121_2023I14_1_1_4__12_1__|21,arrival_time
update,stop_times.txt,4_I14-121_2023I14_1_1_4__12_1__|27,4_I14-121_2023I14_1_1_4__12_1__|27,arrival_time
delete,stop_times.txt,4_I15-121_2023I15_1_1_4__12_1__|0,,
update,stop_times.txt,4_I15-121_2023I15_1_1_4__12_1__|1,4_I15-121_2023I15_1_1_4__12_1__|1,arrival_time
composite,stop_times.txt,4_I15-121_2023I15_1_1_4__12_1__|6,4_I15-121_2023I15_1_1_4__12_1__|6,"arrival_time,departure_time"
delete,stop_times.txt,4_I15-121_2023I15_1_1_4__12_1__|7,,
update,stop_times.txt,4_I15-121_2023I15_1_1_4__12_1__|8,4_I15-121_2023I15_1_1_4__12_1__|8,arrival_time
update,stop_times.txt,4_I15-121_2023I15_1_1_4__12_1__|10,4_I15-121_2023I15_1_1_4__12_1__|10,arrival_time
composite,stop_times.txt,4_I15-121_2023I15_1_1_4__12_1__|11,4_I15-121_2023I15_1_1_4__12_1__|11,"arrival_time,departure_time"
update,stop_times.txt,4_I15-121_2023I15_1_1_4__12_1__|16,4_I15-121_2023I15_1_1_4__12_1__|16,arrival_time
update,stop_times.txt,4_I15-121_2023I15_1_1_4__12_1__|17,4_I15-121_2023I15_1_1_4__12_1__|17,arrival_time
delete,stop_times.txt,4_I15-121_2023I15_1_1_4__12_1__|19,,
composite,stop_times.txt,4_I15-121_2023I15_1_1_4__12_1__|21,4_I15-121_2023I15_1_1_4__12_1__|21,"arrival_time,departure_time"
delete,stop_times.txt,4_I15-121_2023I15_1_1_4__12_1__|25,,
delete,stop_times.txt,4_I15-121_2023I15_1_1_4__12_1__|26,,
composite,stop_times.txt,4_I12-122_2023I12_1_1_4__12_2__|2,4_I12-122_2023I12_1_1_4__12_2__|2,"arrival_time,departure_time"
delete,stop_times.txt,4_I12-122_2023I12_1_1_4__12_2__|6,,
composite,stop_times.txt,4_I12-122_2023I12_1_1_4__12_2__|7,4_I12-122_2023I12_1_1_4__12_2__|7,"arrival_time,departure_time"
delete,stop_times.txt,4_I12-122_2023I12_1_1_4__12_2__|8,,
update,stop_times.txt,4_I12-122_2023I12_1_1_4__12_2__|11,4_I12-122_2023I12_1_1_4__12_2__|11,arrival_time
composite,stop_times.txt,4_I12-122_2023I12_1_1_4__12_2__|13,4_I12-122_2023I12_1_1_4__12_2__|13,"arrival_time,departure_time"
update,stop_times.txt,4_I12-122_2023I12_1_1_4__12_2__|14,4_I12-122_2023I12_1_1_4__12_2__|14,arrival_time
update,stop_times.txt,4_I12-122_2023I12_1_1_4__12_2__|26,4_I12-122_2023I12_1_1_4__12_2__|26,arrival_time
composite,stop_times.txt,4_I13-122_2023I13_1_1_4__12_2__|0,4_I13-122_2023I13_1_1_4__12_2__|0,"arrival_time,departure_time"
delete,stop_times.txt,4_I13-122_2023I13_1_1_4__12_2__|3,,
composite,stop_times.txt,4_I13-122_2023I13_1_1_4__12_2__|7,4_I13-122_2023I13_1_1_4__12_2__|7,"arrival_time,departure_time"
update,stop_times.txt,4_I13-122_2023I13_1_1_4__12_2__|11,4_I13-122_2023I13_1_1_4__12_2__|11,arrival_time
delete,stop_times.txt,4_I13-122_2023I13_1_1_4__12_2__|12,,
composite,stop_times.txt,4_I13-122_2023I13_1_1_4__12_2__|13,4_I13-122_2023I13_1_1_4__12_2__|13,"arrival_time,departure_time"
delete,stop_times.txt,4_I13-122_2023I13_1_1_4__12_2__|16,,
composite,stop_times.txt,4_I13-122_2023I13_1_1_4__12_2__|17,4_I13-122_2023I13_1_1_4__12_2__|17,"arrival_time,departure_time"
composite,stop_times.txt,4_I13-122_2023I13_1_1_4__12_2__|23,4_I13-122_2023I13_1_1_4__12_2__|23,"arrival_time,departure_time"
delete,stop_times.txt,4_I13-122_2023I13_1_1_4__12_2__|27,,
composite,stop_times.txt,4_I14-122_2023I14_1_1_4__12_2__|0,4_I14-122_2023I14_1_1_4__12_2__|0,"arrival_time,departure_time"
composite,stop_times.txt,4_I14-122_2023I14_1_1_4__12_2__|1,4_I14-122_2023I14_1_1_4__12_2__|1,"arrival_time,departure_time"
composite,stop_times.txt,4_I14-122_2023I14_1_1_4__12_2__|4,4_I14-122_2023I14_1_1_4__12_2__|4,"arrival_time,departure_time"
composite,stop_times.txt,4_I14-122_2023I14_1_1_4__12_2__|6,4_I14-122_2023I14_1_1_4__12_2__|6,"arrival_time,departure_time"
composite,stop_times.txt,4_I14-122_2023I14_1_1_4__12_2__|8,4_I14-122_2023I14_1_1_4__12_2__|8,"arrival_time,departure_time"
delete,stop_times.txt,4_I14-122_2023I14_1_1_4__12_2__|12,,
update,stop_times.txt,4_I14-122_2023I14_1_1_4__12_2__|13,4_I14-122_2023I14_1_1_4__12_2__|13,arrival_time
delete,stop_times.txt,4_I14-122_2023I14_1_1_4__12_2__|14,,
delete,stop_times.txt,4_I14-122_2023I14_1_1_4__12_2__|18,,
update,stop_times.txt,4_I14-122_2023I14_1_1_4__12_2__|23,4_I14-122_2023I14_1_1_4__12_2__|23,arrival_time
delete,stop_times.txt,4_I14-122_2023I14_1_1_4__12_2__|24,,
composite,stop_times.txt,4_I14-122_2023I14_1_1_4__12_2__|26,4_I14-122_2023I14_1_1_4__12_2__|26,"arrival_time,departure_time"
delete,stop_times.txt,4_I14-122_2023I14_1_1_4__12_2__|27,,
delete,stop_times.txt,4_I15-122_2023I15_1_1_4__12_2__|2,,
update,stop_times.txt,4_I15-122_2023I15_1_1_4__12_2__|5,4_I15-122_2023I15_1_1_4__12_2__|5,arrival_time
delete,stop_times.txt,4_I15-122_2023I15_1_1_4__12_2__|6,,
update,stop_times.txt,4_I15-122_2023I15_1_1_4__12_2__|9,4_I15-122_2023I15_1_1_4__12_2__|9,arrival_time
update,stop_times.txt,4_I15-122_2023I15_1_1_4__12_2__|11,4_I15-122_2023I15_1_1_4__12_2__|11,arrival_time
composite,stop_times.txt,4_I15-122_2023I15_1_1_4__12_2__|12,4_I15-122_2023I15_1_1_4__12_2__|12,"arrival_time,departure_time"
composite,stop_times.txt,4_I15-122_2023I15_1_1_4__12_2__|13,4_I15-122_2023I15_1_1_4__12_2__|13,"arrival_time,departure_time"
delete,stop_times.txt,4_I15-122_2023I15_1_1_4__12_2__|16,,
delete,stop_times.txt,4_I15-122_2023I15_1_1_4__12_2__|22,,
delete,stop_times.txt,4_I15-122_2023I15_1_1_4__12_2__|25,,
delete,stop_times.txt,4_I12-ROP_2023I12_2_1_4__R___|0,,
composite,stop_times.txt,4_I13-ROP_2023I13_2_1_4__R___|1,4_I13-ROP_2023I13_2_1_4__R___|1,"arrival_time,departure_time"
delete,stop_times.txt,4_I14-ROP_2023I14_2_1_4__R___|1,,
composite,stop_times.txt,4_I15-ROP_2023I15_2_1_4__R___|1,4_I15-ROP_2023I15_2_1_4__R___|1,"arrival_time,departure_time"
insert,stop_times.txt,,4_I12-091_2023I12_2_1_4__9_A__|1100016,"arrival_time,departure_time"
insert,stop_times.txt,,4_I14-061_2023I14_1_1_4__6_1__|1100029,"arrival_time,departure_time"
insert,stop_times.txt,,4_I15-121_2023I15_1_1_4__12_1__|1100027,"arrival_time,departure_time"
insert,stop_times.txt,,4_I15-101_2023I15_2_1_4__10_A__|1100019,"arrival_time,departure_time"
insert,stop_times.txt,,4_I15-005_2023I15_2_1_4__5___|1100028,"arrival_time,departure_time"
insert,stop_times.txt,,4_I14-011_2023I14_2_1_4__11___|1100007,"arrival_time,departure_time"
insert,stop_times.txt,,4_I13-008_2023I13_1_1_4__8___|1100012,"arrival_time,departure_time"
insert,stop_times.txt,,4_I15-004_2023I15_2_1_4__4___|1100015,"arrival_time,departure_time"
insert,stop_times.txt,,4_I15-091_2023I15_1_1_4__9_A__|1100020,"arrival_time,departure_time"
insert,stop_times.txt,,4_I15-101_2023I15_1_1_4__10_A__|1100018,"arrival_time,departure_time"
insert,stop_times.txt,,4_I15-001_2023I15_1_1_4__1___|1100034,"arrival_time,departure_time"
insert,stop_times.txt,,4_I12-004_2023I12_2_1_4__4___|1100019,"arrival_time,departure_time"
insert,stop_times.txt,,4_I12-091_2023I12_2_1_4__9_A__|1100031,"arrival_time,departure_time"
insert,stop_times.txt,,4_I12-001_2023I12_2_1_4__1___|1100013,"arrival_time,departure_time"
insert,stop_times.txt,,4_I14-062_2023I14_1_1_4__6_2__|1100023,"arrival_time,departure_time"
insert,stop_times.txt,,4_I15-001_2023I15_1_1_4__1___|1100038,"arrival_time,departure_time"
insert,stop_times.txt,,4_I15-071_2023I15_1_1_4__7_A__|1100031,"arrival_time,departure_time"
insert,stop_times.txt,,4_I14-091_2023I14_2_1_4__9_A__|1100032,"arrival_time,departure_time"
insert,stop_times.txt,,4_I12-001_2023I12_2_1_4__1___|1100046,"arrival_time,departure_time"
insert,stop_times.txt,,4_I14-072_2023I14_2_1_4__7_B__|1100020,"arrival_time,departure_time"
insert,stop_times.txt,,4_I14-008_2023I14_1_1_4__8___|1100021,"arrival_time,departure_time"
insert,stop_times.txt,,4_I15-071_2023I15_2_1_4__7_A__|1100021,"arrival_time,departure_time"
insert,stop_times.txt,,4_I15-001_2023I15_1_1_4__1___|1100027,"arrival_time,departure_time"
insert,stop_times.txt,,4_I15-005_2023I15_2_1_4__5___|1100045,"arrival_time,departure_time"
insert,stop_times.txt,,4_I13-002_2023I13_2_1_4__2___|1100034,"arrival_time,departure_time"
insert,stop_times.txt,,4_I15-072_2023I15_2_1_4__7_B__|1100027,"arrival_time,departure_time"
insert,stop_times.txt,,4_I13-004_2023I13_1_1_4__4___|1100047,"arrival_time,departure_time"
insert,stop_times.txt,,4_I12-002_2023I12_1_1_4__2___|1100034,"arrival_time,departure_time"
insert,stop_times.txt,,4_I14-004_2023I14_1_1_4__4___|1100037,"arrival_time,departure_time"
insert,stop_times.txt,,4_I14-071_2023I14_1_1_4__7_A__|1100042,"arrival_time,departure_time"
insert,stop_times.txt,,4_I12-101_2023I12_2_1_4__10_A__|1100030,"arrival_time,departure_time"
insert,stop_times.txt,,4_I14-008_2023I14_2_1_4__8___|1100034,"arrival_time,departure_time"
insert,stop_times.txt,,4_I15-061_2023I15_1_1_4__6_1__|1100033,"arrival_time,departure_time"
insert,stop_times.txt,,4_I13-001_2023I13_2_1_4__1___|1100045,"arrival_time,departure_time"
insert,stop_times.txt,,4_I14-005_2023I14_1_1_4__5___|1100047,"arrival_time,departure_time"
insert,stop_times.txt,,4_I15-121_2023I15_1_1_4__12_1__|1100045,"arrival_time,departure_time"
insert,stop_times.txt,,4_I13-091_2023I13_2_1_4__9_A__|1100046,"arrival_time,departure_time"
insert,stop_times.txt,,4_I14-071_2023I14_2_1_4__7_A__|1100060,"arrival_time,departure_time"
insert,stop_times.txt,,4_I14-071_2023I14_1_1_4__7_A__|1100049,"arrival_time,departure_time"
insert,stop_times.txt,,4_I14-091_2023I14_2_1_4__9_A__|1100051,"arrival_time,departure_time"
insert,stop_times.txt,,4_I13-101_2023I13_2_1_4__10_A__|1100043,"arrival_time,departure_time"
insert,stop_times.txt,,4_I14-122_2023I14_1_1_4__12_2__|1100055,"arrival_time,departure_time"
insert,stop_times.txt,,4_I15-102_2023I15_1_1_4__10_B__|1100042,"arrival_time,departure_time"
insert,stop_times.txt,,4_I12-002_2023I12_2_1_4__2___|1100062,"arrival_time,departure_time"
insert,stop_times.txt,,4_I15-005_2023I15_1_1_4__5___|1100059,"arrival_time,departure_time"
insert,stop_times.txt,,4_I12-101_2023I12_1_1_4__10_A__|1100058,"arrival_time,departure_time"
insert,stop_times.txt,,4_I14-061_2023I14_1_1_4__6_1__|1100072,"arrival_time,departure_time"
insert,stop_times.txt,,4_I14-001_2023I14_2_1_4__1___|1100054,"arrival_time,departure_time"
insert,stop_times.txt,,4_I12-062_2023I12_1_1_4__6_2__|1100054,"arrival_time,departure_time"
insert,stop_times.txt,,4_I13-061_2023I13_1_1_4__6_1__|1100075,"arrival_time,departure_time"
insert,stop_times.txt,,4_I12-062_2023I12_1_1_4__6_2__|1100067,"arrival_time,departure_time"
insert,stop_times.txt,,4_I12-092_2023I12_2_1_4__9_B__|1100053,"arrival_time,departure_time"
insert,stop_times.txt,,4_I14-091_2023I14_2_1_4__9_A__|1100069,"arrival_time,departure_time"
insert,stop_times.txt,,4_I15-005_2023I15_2_1_4__5___|1100081,"arrival_time,departure_time"
insert,stop_times.txt,,4_I12-005_2023I12_1_1_4__5___|1100068,"arrival_time,departure_time"
insert,stop_times.txt,,4_I14-071_2023I14_2_1_4__7_A__|1100064,"arrival_time,departure_time"
insert,stop_times.txt,,4_I13-091_2023I13_1_1_4__9_A__|1100066,"arrival_time,departure_time"
insert,stop_times.txt,,4_I12-001_2023I12_1_1_4__1___|1100062,"arrival_time,departure_time"
insert,stop_times.txt,,4_I15-071_2023I15_1_1_4__7_A__|1100076,"arrival_time,departure_time"
insert,stop_times.txt,,4_I15-101_2023I15_2_1_4__10_A__|1100075,"arrival_time,departure_time"
insert,stop_times.txt,,4_I14-121_2023I14_1_1_4__12_1__|1100073,"arrival_time,departure_time"
insert,stop_times.txt,,4_I13-005_2023I13_1_1_4__5___|1100088,"arrival_time,departure_time"
insert,stop_times.txt,,4_I15-004_2023I15_2_1_4__4___|1100076,"arrival_time,departure_time"
insert,stop_times.txt,,4_I13-001_2023I13_2_1_4__1___|1100091,"arrival_time,departure_time"
insert,stop_times.txt,,4_I14-091_2023I14_1_1_4__9_A__|1100070,"arrival_time,departure_time"
insert,stop_times.txt,,4_I15-101_2023I15_1_1_4__10_A__|1100072,"arrival_time,departure_time"
insert,stop_times.txt,,4_I15-008_2023I15_1_1_4__8___|1100066,"arrival_time,departure_time"
insert,stop_times.txt,,4_I12-122_2023I12_1_1_4__12_2__|1100085,"arrival_time,departure_time"
insert,stop_times.txt,,4_I13-121_2023I13_1_1_4__12_1__|1100076,"arrival_time,departure_time"
insert,stop_times.txt,,4_I12-072_2023I12_2_1_4__7_B__|1100073,"arrival_time,departure_time"
insert,stop_times.txt,,4_I12-004_2023I12_2_1_4__4___|1100079,"arrival_time,departure_time"
insert,stop_times.txt,,4_I14-071_2023I14_1_1_4__7_A__|1100076,"arrival_time,departure_time"
insert,stop_times.txt,,4_I12-071_2023I12_2_1_4__7_A__|1100082,"arrival_time,departure_time"
insert,stop_times.txt,,4_I14-101_2023I14_1_1_4__10_A__|1100092,"arrival_time,departure_time"
insert,stop_times.txt,,4_I12-001_2023I12_2_1_4__1___|1100087,"arrival_time,departure_time"
insert,stop_times.txt,,4_I15-071_2023I15_2_1_4__7_A__|1100083,"arrival_time,departure_time"
insert,stop_times.txt,,4_I14-002_2023I14_1_1_4__2___|1100086,"arrival_time,departure_time"
insert,stop_times.txt,,4_I13-121_2023I13_1_1_4__12_1__|1100094,"arrival_time,departure_time"
insert,stop_times.txt,,4_I13-004_2023I13_1_1_4__4___|1100078,"arrival_time,departure_time"
insert,stop_times.txt,,4_I14-121_2023I14_1_1_4__12_1__|1100105,"arrival_time,departure_time"
insert,stop_times.txt,,4_I13-061_2023I13_1_1_4__6_1__|1100090,"arrival_time,departure_time"
insert,stop_times.txt,,4_I15-062_2023I15_1_1_4__6_2__|1100098,"arrival_time,departure_time"
insert,stop_times.txt,,4_I15-101_2023I15_1_1_4__10_A__|1100089,"arrival_time,departure_time"
insert,stop_times.txt,,4_I14-091_2023I14_1_1_4__9_A__|1100097,"arrival_time,departure_time"
insert,stop_times.txt,,4_I14-061_2023I14_1_1_4__6_1__|1100106,"arrival_time,departure_time"
insert,stop_times.txt,,4_I15-001_2023I15_1_1_4__1___|1100109,"arrival_time,departure_time"
insert,stop_times.txt,,4_I15-002_2023I15_2_1_4__2___|1100101,"arrival_time,departure_time"
insert,stop_times.txt,,4_I12-122_2023I12_1_1_4__12_2__|1100113,"arrival_time,departure_time"
insert,stop_times.txt,,4_I12-122_2023I12_1_1_4__12_2__|1100110,"arrival_time,departure_time"
insert,stop_times.txt,,4_I12-122_2023I12_1_1_4__12_2__|1100099,"arrival_time,departure_time"
insert,stop_times.txt,,4_I12-005_2023I12_2_1_4__5___|1100117,"arrival_time,departure_time"
insert,stop_times.txt,,4_I14-004_2023I14_1_1_4__4___|1100106,"arrival_time,departure_time"
insert,stop_times.txt,,4_I14-071_2023I14_1_1_4__7_A__|1100096,"arrival_time,departure_time"
insert,stop_times.txt,,4_I14-001_2023I14_2_1_4__1___|1100125,"arrival_time,departure_time"
insert,stop_times.txt,,4_I12-002_2023I12_1_1_4__2___|1100109,"arrival_time,departure_time"
insert,stop_times.txt,,4_I13-061_2023I13_1_1_4__6_1__|1100095,"arrival_time,departure_time"
insert,stop_times.txt,,4_I12-001_2023I12_1_1_4__1___|1100108,"arrival_time,departure_time"
insert,stop_times.txt,,4_I15-001_2023I15_2_1_4__1___|1100119,"arrival_time,departure_time"
insert,stop_times.txt,,4_I13-101_2023I13_2_1_4__10_A__|1100111,"arrival_time,departure_time"
insert,stop_times.txt,,4_I13-001_2023I13_1_1_4__1___|1100119,"arrival_time,departure_time"
insert,stop_times.txt,,4_I12-002_2023I12_1_1_4__2___|1100107,"arrival_time,departure_time"
insert,stop_times.txt,,4_I15-001_2023I15_1_1_4__1___|1100128,"arrival_time,departure_time"
insert,stop_times.txt,,4_I12-001_2023I12_2_1_4__1___|1100105,"arrival_time,departure_time"
insert,stop_times.txt,,4_I14-001_2023I14_1_1_4__1___|1100113,"arrival_time,departure_time"
insert,stop_times.txt,,4_I12-ROP_2023I12_2_1_4__R___|1100105,"arrival_time,departure_time"
insert,stop_times.txt,,4_I14-008_2023I14_1_1_4__8___|1100110,"arrival_time,departure_time"
insert,stop_times.txt,,4_I12-008_2023I12_2_1_4__8___|1100108,"arrival_time,departure_time"
insert,stop_times.txt,,4_I13-001_2023I13_1_1_4__1___|1100117,"arrival_time,departure_time"
insert,stop_times.txt,,4_I12-001_2023I12_2_1_4__1___|1100111,"arrival_time,departure_time"
insert,stop_times.txt,,4_I12-061_2023I12_1_1_4__6_1__|1100110,"arrival_time,departure_time"
insert,stop_times.txt,,4_I12-011_2023I12_2_1_4__11___|1100111,"arrival_time,departure_time"
insert,stop_times.txt,,4_I15-005_2023I15_1_1_4__5___|1100130,"arrival_time,departure_time"
insert,stop_times.txt,,4_I15-062_2023I15_1_1_4__6_2__|1100135,"arrival_time,departure_time"
insert,stop_times.txt,,4_I14-071_2023I14_1_1_4__7_A__|1100130,"arrival_time,departure_time"
insert,stop_times.txt,,4_I13-122_2023I13_1_1_4__12_2__|1100137,"arrival_time,departure_time"
insert,stop_times.txt,,4_I13-062_2023I13_1_1_4__6_2__|1100135,"arrival_time,departure_time"
insert,stop_times.txt,,4_I15-061_2023I15_1_1_4__6_1__|1100121,"arrival_time,departure_time"
insert,stop_times.txt,,4_I14-005_2023I14_1_1_4__5___|1100129,"arrival_time,departure_time"
insert,stop_times.txt,,4_I15-005_2023I15_2_1_4__5___|1100149,"arrival_time,departure_time"
insert,stop_times.txt,,4_I15-091_2023I15_2_1_4__9_A__|1100138,"arrival_time,departure_time"
insert,stop_times.txt,,4_I15-001_2023I15_2_1_4__1___|1100133,"arrival_time,departure_time"
insert,stop_times.txt,,4_I15-061_2023I15_1_1_4__6_1__|1100147,"arrival_time,departure_time"
insert,stop_times.txt,,4_I13-102_2023I13_1_1_4__10_B__|1100129,"arrival_time,departure_time"
insert,stop_times.txt,,4_I14-001_2023I14_1_1_4__1___|1100135,"arrival_time,departure_time"
insert,stop_times.txt,,4_I12-008_2023I12_1_1_4__8___|1100129,"arrival_time,departure_time"
insert,stop_times.txt,,4_I15-072_2023I15_1_1_4__7_B__|1100127,"arrival_time,departure_time"
insert,stop_times.txt,,4_I12-101_2023I12_1_1_4__10_A__|1100136,"arrival_time,departure_time"
insert,stop_times.txt,,4_I13-004_2023I13_1_1_4__4___|1100147,"arrival_time,departure_time"
insert,stop_times.txt,,4_I12-001_2023I12_2_1_4__1___|1100160,"arrival_time,departure_time"
insert,stop_times.txt,,4_I14-005_2023I14_1_1_4__5___|1100150,"arrival_time,departure_time"
insert,stop_times.txt,,4_I15-121_2023I15_1_1_4__12_1__|1100145,"arrival_time,departure_time"
insert,stop_times.txt,,4_I14-002_2023I14_2_1_4__2___|1100150,"arrival_time,departure_time"
insert,stop_times.txt,,4_I14-005_2023I14_1_1_4__5___|1100153,"arrival_time,departure_time"
insert,stop_times.txt,,4_I13-061_2023I13_1_1_4__6_1__|1100134,"arrival_time,departure_time"
insert,stop_times.txt,,4_I13-061_2023I13_1_1_4__6_1__|1100162,"arrival_time,departure_time"
insert,stop_times.txt,,4_I13-005_2023I13_2_1_4__5___|1100154,"arrival_time,departure_time"
insert,stop_times.txt,,4_I15-071_2023I15_1_1_4__7_A__|1100141,"arrival_time,departure_time"
insert,stop_times.txt,,4_I15-002_2023I15_1_1_4__2___|1100153,"arrival_time,departure_time"
insert,stop_times.txt,,4_I15-001_2023I15_2_1_4__1___|1100147,"arrival_time,departure_time"
insert,stop_times.txt,,4_I15-071_2023I15_2_1_4__7_A__|1100160,"arrival_time,departure_time"
insert,stop_times.txt,,4_I15-004_2023I15_2_1_4__4___|1100154,"arrival_time,departure_time"
insert,stop_times.txt,,4_I15-001_2023I15_2_1_4__1___|1100167,"arrival_time,departure_time"
insert,stop_times.txt,,4_I15-101_2023I15_2_1_4__10_A__|1100154,"arrival_time,departure_time"
insert,stop_times.txt,,4_I12-005_2023I12_1_1_4__5___|1100149,"arrival_time,departure_time"
insert,stop_times.txt,,4_I14-061_2023I14_1_1_4__6_1__|1100167,"arrival_time,departure_time"
insert,stop_times.txt,,4_I14-001_2023I14_2_1_4__1___|1100156,"arrival_time,departure_time"
insert,stop_times.txt,,4_I13-071_2023I13_2_1_4__7_A__|1100150,"arrival_time,departure_time"
insert,stop_times.txt,,4_I15-008_2023I15_2_1_4__8___|1100149,"arrival_time,departure_time"
insert,stop_times.txt,,4_I15-001_2023I15_2_1_4__1___|1100155,"arrival_time,departure_time"
insert,stop_times.txt,,4_I14-002_2023I14_2_1_4__2___|1100151,"arrival_time,departure_time"
insert,stop_times.txt,,4_I15-101_2023I15_2_1_4__10_A__|1100159,"arrival_time,departure_time"
insert,stop_times.txt,,4_I15-005_2023I15_1_1_4__5___|1100171,"arrival_time,departure_time"
insert,stop_times.txt,,4_I14-061_2023I14_1_1_4__6_1__|1100163,"arrival_time,departure_time"
insert,stop_times.txt,,4_I14-005_2023I14_1_1_4__5___|1100175,"arrival_time,departure_time"
insert,stop_times.txt,,4_I13-004_2023I13_1_1_4__4___|1100172,"arrival_time,departure_time"
insert,stop_times.txt,,4_I15-001_2023I15_2_1_4__1___|1100159,"arrival_time,departure_time"
insert,stop_times.txt,,4_I15-005_2023I15_1_1_4__5___|1100184,"arrival_time,departure_time"
insert,stop_times.txt,,4_I15-001_2023I15_1_1_4__1___|1100180,"arrival_time,departure_time"
insert,stop_times.txt,,4_I13-004_2023I13_1_1_4__4___|1100162,"arrival_time,departure_time"
insert,stop_times.txt,,4_I14-002_2023I14_1_1_4__2___|1100173,"arrival_time,departure_time"
insert,stop_times.txt,,4_I13-061_2023I13_1_1_4__6_1__|1100167,"arrival_time,departure_time"
insert,stop_times.txt,,4_I13-071_2023I13_2_1_4__7_A__|1100164,"arrival_time,departure_time"
insert,stop_times.txt,,4_I13-062_2023I13_1_1_4__6_2__|1100185,"arrival_time,departure_time"
insert,stop_times.txt,,4_I14-122_2023I14_1_1_4__12_2__|1100180,"arrival_time,departure_time"
insert,stop_times.txt,,4_I13-101_2023I13_2_1_4__10_A__|1100176,"arrival_time,departure_time"
insert,stop_times.txt,,4_I13-062_2023I13_1_1_4__6_2__|1100174,"arrival_time,departure_time"
insert,stop_times.txt,,4_I14-001_2023I14_1_1_4__1___|1100166,"arrival_time,departure_time"
insert,stop_times.txt,,4_I13-062_2023I13_1_1_4__6_2__|1100189,"arrival_time,departure_time"
insert,stop_times.txt,,4_I14-005_2023I14_2_1_4__5___|1100197,"arrival_time,departure_time"
insert,stop_times.txt,,4_I14-072_2023I14_2_1_4__7_B__|1100175,"arrival_time,departure_time"
insert,stop_times.txt,,4_I12-091_2023I12_1_1_4__9_A__|1100187,"arrival_time,departure_time"
insert,stop_times.txt,,4_I12-091_2023I12_2_1_4__9_A__|1100194,"arrival_time,departure_time"
insert,stop_times.txt,,4_I13-102_2023I13_2_1_4__10_B__|1100175,"arrival_time,departure_time"
insert,stop_times.txt,,4_I15-091_2023I15_1_1_4__9_A__|1100179,"arrival_time,departure_time"
insert,stop_times.txt,,4_I15-091_2023I15_1_1_4__9_A__|1100197,"arrival_time,departure_time"
insert,stop_times.txt,,4_I14-002_2023I14_2_1_4__2___|1100177,"arrival_time,departure_time"
insert,stop_times.txt,,4_I14-101_2023I14_1_1_4__10_A__|1100181,"arrival_time,departure_time"
insert,stop_times.txt,,4_I12-062_2023I12_1_1_4__6_2__|1100198,"arrival_time,departure_time"
insert,stop_times.txt,,4_I13-121_2023I13_1_1_4__12_1__|1100185,"arrival_time,departure_time"
insert,stop_times.txt,,4_I15-008_2023I15_1_1_4__8___|1100186,"arrival_time,departure_time"
insert,stop_times.txt,,4_I13-005_2023I13_2_1_4__5___|1100207,"arrival_time,departure_time"
insert,stop_times.txt,,4_I12-004_2023I12_2_1_4__4___|1100200,"arrival_time,departure_time"
insert,stop_times.txt,,4_I12-062_2023I12_1_1_4__6_2__|1100183,"arrival_time,departure_time"
insert,stop_times.txt,,4_I12-002_2023I12_2_1_4__2___|1100195,"arrival_time,departure_time"
insert,stop_times.txt,,4_I15-101_2023I15_1_1_4__10_A__|1100190,"arrival_time,departure_time"
insert,stop_times.txt,,4_I12-071_2023I12_2_1_4__7_A__|1100199,"arrival_time,departure_time"
insert,stop_times.txt,,4_I15-122_2023I15_1_1_4__12_2__|1100195,"arrival_time,departure_time"
insert,stop_times.txt,,4_I15-071_2023I15_1_1_4__7_A__|1100191,"arrival_time,departure_time"
insert,stop_times.txt,,4_I13-008_2023I13_1_1_4__8___|1100192,"arrival_time,departure_time"
insert,stop_times.txt,,4_I14-091_2023I14_1_1_4__9_A__|1100194,"arrival_time,departure_time"
insert,stop_times.txt,,4_I12-101_2023I12_1_1_4__10_A__|1100210,"arrival_time,departure_time"
insert,stop_times.txt,,4_I14-102_2023I14_1_1_4__10_B__|1100192,"arrival_time,departure_time"
insert,stop_times.txt,,4_I13-091_2023I13_2_1_4__9_A__|1100196,"arrival_time,departure_time"
insert,stop_times.txt,,4_I12-091_2023I12_2_1_4__9_A__|1100195,"arrival_time,departure_time"
insert,stop_times.txt,,4_I12-072_2023I12_1_1_4__7_B__|1100199,"arrival_time,departure_time"
insert,stop_times.txt,,4_I13-092_2023I13_1_1_4__9_B__|1100197,"arrival_time,departure_time"
insert,stop_times.txt,,4_I13-011_2023I13_1_1_4__11___|1100200,"arrival_time,departure_time"
insert,stop_times.txt,,4_I12-122_2023I12_1_1_4__12_2__|1100207,"arrival_time,departure_time"
insert,stop_times.txt,,4_I13-001_2023I13_1_1_4__1___|1100202,"arrival_time,departure_time"
insert,stop_times.txt,,4_I14-091_2023I14_1_1_4__9_A__|1100203,"arrival_time,departure_time"
insert,stop_times.txt,,4_I14-004_2023I14_1_1_4__4___|1100205,"arrival_time,departure_time"
insert,stop_times.txt,,4_I14-071_2023I14_2_1_4__7_A__|1100223,"arrival_time,departure_time"
insert,stop_times.txt,,4_I13-005_2023I13_1_1_4__5___|1100218,"arrival_time,departure_time"
insert,stop_times.txt,,4_I14-071_2023I14_2_1_4__7_A__|1100224,"arrival_time,departure_time"
insert,stop_times.txt,,4_I14-004_2023I14_1_1_4__4___|1100207,"arrival_time,departure_time"
insert,stop_times.txt,,4_I12-005_2023I12_1_1_4__5___|1100209,"arrival_time,departure_time"
insert,stop_times.txt,,4_I13-005_2023I13_1_1_4__5___|1100217,"arrival_time,departure_time"
insert,stop_times.txt,,4_I14-102_2023I14_1_1_4__10_B__|1100213,"arrival_time,departure_time"
insert,stop_times.txt,,4_I12-005_2023I12_1_1_4__5___|1100223,"arrival_time,departure_time"
insert,stop_times.txt,,4_I14-004_2023I14_2_1_4__4___|1100223,"arrival_time,departure_time"
insert,stop_times.txt,,4_I12-005_2023I12_2_1_4__5___|1100229,"arrival_time,departure_time"
insert,stop_times.txt,,4_I13-002_2023I13_2_1_4__2___|1100213,"arrival_time,departure_time"
insert,stop_times.txt,,4_I14-062_2023I14_1_1_4__6_2__|1100213,"arrival_time,departure_time"
insert,stop_times.txt,,4_I15-061_2023I15_1_1_4__6_1__|1100226,"arrival_time,departure_time"
insert,stop_times.txt,,4_I12-091_2023I12_2_1_4__9_A__|1100231,"arrival_time,departure_time"
insert,stop_times.txt,,4_I12-072_2023I12_1_1_4__7_B__|1100218,"arrival_time,departure_time"
insert,stop_times.txt,,4_I13-005_2023I13_1_1_4__5___|1100246,"arrival_time,departure_time"
insert,stop_times.txt,,4_I12-071_2023I12_2_1_4__7_A__|1100232,"arrival_time,departure_time"
insert,stop_times.txt,,4_I13-011_2023I13_2_1_4__11___|1100222,"arrival_time,departure_time"
insert,stop_times.txt,,4_I15-071_2023I15_2_1_4__7_A__|1100223,"arrival_time,departure_time"
insert,stop_times.txt,,4_I13-002_2023I13_1_1_4__2___|1100232,"arrival_time,departure_time"
insert,stop_times.txt,,4_I14-101_2023I14_1_1_4__10_A__|1100235,"arrival_time,departure_time"
insert,stop_times.txt,,4_I12-005_2023I12_1_1_4__5___|1100244,"arrival_time,departure_time"
insert,stop_times.txt,,4_I12-091_2023I12_2_1_4__9_A__|1100229,"arrival_time,departure_time"
insert,stop_times.txt,,4_I12-102_2023I12_2_1_4__10_B__|1100230,"arrival_time,departure_time"
insert,stop_times.txt,,4_I12-004_2023I12_1_1_4__4___|1100241,"arrival_time,departure_time"
insert,stop_times.txt,,4_I12-005_2023I12_1_1_4__5___|1100256,"arrival_time,departure_time"
insert,stop_times.txt,,4_I12-072_2023I12_1_1_4__7_B__|1100232,"arrival_time,departure_time"
insert,stop_times.txt,,4_I12-002_2023I12_1_1_4__2___|1100247,"arrival_time,departure_time"
insert,stop_times.txt,,4_I14-005_2023I14_1_1_4__5___|1100258,"arrival_time,departure_time"
insert,stop_times.txt,,4_I15-011_2023I15_2_1_4__11___|1100233,"arrival_time,departure_time"
insert,stop_times.txt,,4_I15-122_2023I15_1_1_4__12_2__|1100249,"arrival_time,departure_time"
insert,stop_times.txt,,4_I14-001_2023I14_1_1_4__1___|1100243,"arrival_time,departure_time"
insert,stop_times.txt,,4_I14-001_2023I14_2_1_4__1___|1100259,"arrival_time,departure_time"
insert,stop_times.txt,,4_I14-005_2023I14_2_1_4__5___|1100251,"arrival_time,departure_time"
insert,stop_times.txt,,4_I12-091_2023I12_2_1_4__9_A__|1100253,"arrival_time,departure_time"
insert,stop_times.txt,,4_I13-091_2023I13_2_1_4__9_A__|1100247,"arrival_time,departure_time"
insert,stop_times.txt,,4_I15-121_2023I15_1_1_4__12_1__|1100261,"arrival_time,departure_time"
insert,stop_times.txt,,4_I12-091_2023I12_2_1_4__9_A__|1100254,"arrival_time,departure_time"
insert,stop_times.txt,,4_I15-121_2023I15_1_1_4__12_1__|1100246,"arrival_time,departure_time"
insert,stop_times.txt,,4_I14-091_2023I14_1_1_4__9_A__|1100262,"arrival_time,departure_time"
insert,stop_times.txt,,4_I15-008_2023I15_1_1_4__8___|1100242,"arrival_time,departure_time"
insert,stop_times.txt,,4_I13-004_2023I13_2_1_4__4___|1100242,"arrival_time,departure_time"
insert,stop_times.txt,,4_I14-005_2023I14_1_1_4__5___|1100263,"arrival_time,departure_time"
insert,stop_times.txt,,4_I14-091_2023I14_2_1_4__9_A__|1100245,"arrival_time,departure_time"
insert,stop_times.txt,,4_I14-001_2023I14_1_1_4__1___|1100246,"arrival_time,departure_time"
insert,stop_times.txt,,4_I12-071_2023I12_1_1_4__7_A__|1100259,"arrival_time,departure_time"
insert,stop_times.txt,,4_I15-005_2023I15_2_1_4__5___|1100275,"arrival_time,departure_time"
insert,stop_times.txt,,4_I15-001_2023I15_2_1_4__1___|1100272,"arrival_time,departure_time"
insert,stop_times.txt,,4_I13-062_2023I13_1_1_4__6_2__|1100251,"arrival_time,departure_time"
insert,stop_times.txt,,4_I15-071_2023I15_1_1_4__7_A__|1100256,"arrival_time,departure_time"
insert,stop_times.txt,,4_I15-072_2023I15_1_1_4__7_B__|1100254,"arrival_time,departure_time"
insert,stop_times.txt,,4_I15-092_2023I15_2_1_4__9_B__|1100252,"arrival_time,departure_time"
insert,stop_times.txt,,4_I12-062_2023I12_1_1_4__6_2__|1100273,"arrival_time,departure_time"
insert,stop_times.txt,,4_I13-091_2023I13_1_1_4__9_A__|1100263,"arrival_time,departure_time"
insert,stop_times.txt,,4_I15-001_2023I15_1_1_4__1___|1100259,"arrival_time,departure_time"
insert,stop_times.txt,,4_I14-061_2023I14_1_1_4__6_1__|1100283,"arrival_time,departure_time"
insert,stop_times.txt,,4_I13-071_2023I13_2_1_4__7_A__|1100279,"arrival_time,departure_time"
insert,stop_times.txt,,4_I12-001_2023I12_1_1_4__1___|1100285,"arrival_time,departure_time"
insert,stop_times.txt,,4_I15-005_2023I15_1_1_4__5___|1100259,"arrival_time,departure_time"
insert,stop_times.txt,,4_I15-002_2023I15_1_1_4__2___|1100273,"arrival_time,departure_time"
insert,stop_times.txt,,4_I14-004_2023I14_2_1_4__4___|1100276,"arrival_time,departure_time"
insert,stop_times.txt,,4_I13-061_2023I13_1_1_4__6_1__|1100281,"arrival_time,departure_time"
insert,stop_times.txt,,4_I13-091_2023I13_2_1_4__9_A__|1100285,"arrival_time,departure_time"
insert,stop_times.txt,,4_I15-121_2023I15_1_1_4__12_1__|1100282,"arrival_time,departure_time"
insert,stop_times.txt,,4_I15-062_2023I15_1_1_4__6_2__|1100289,"arrival_time,departure_time"
insert,stop_times.txt,,4_I15-004_2023I15_1_1_4__4___|1100280,"arrival_time,departure_time"
insert,stop_times.txt,,4_I12-005_2023I12_2_1_4__5___|1100292,"arrival_time,departure_time"
insert,stop_times.txt,,4_I14-061_2023I14_1_1_4__6_1__|1100280,"arrival_time,departure_time"
insert,stop_times.txt,,4_I13-002_2023I13_1_1_4__2___|1100273,"arrival_time,departure_time"
insert,stop_times.txt,,4_I15-071_2023I15_2_1_4__7_A__|1100281,"arrival_time,departure_time"
insert,stop_times.txt,,4_I12-122_2023I12_1_1_4__12_2__|1100278,"arrival_time,departure_time"
insert,stop_times.txt,,4_I12-122_2023I12_1_1_4__12_2__|1100273,"arrival_time,departure_time"
insert,stop_times.txt,,4_I14-ROP_2023I14_1_1_4__R___|1100274,"arrival_time,departure_time"
insert,stop_times.txt,,4_I14-101_2023I14_2_1_4__10_A__|1100282,"arrival_time,departure_time"
insert,stop_times.txt,,4_I15-101_2023I15_1_1_4__10_A__|1100292,"arrival_time,departure_time"
insert,stop_times.txt,,4_I12-122_2023I12_1_1_4__12_2__|1100288,"arrival_time,departure_time"
