agency.txt: insert=0, update=0, stale(待删除旧行)=0
calendar.txt: insert=0, update=0, stale(待删除旧行)=0
calendar_dates.txt: insert=0, update=0, stale(待删除旧行)=0
[跳过] fare_attributes.txt（无对照文件或未配置主键，delta_dir中保留原样）
[跳过] fare_rules.txt（无对照文件或未配置主键，delta_dir中保留原样）
[跳过] feed_info.txt（无对照文件或未配置主键，delta_dir中保留原样）
frequencies.txt: insert=0, update=0, stale(待删除旧行)=0
routes.txt: insert=0, update=0, stale(待删除旧行)=0
shapes.txt: insert=0, update=0, stale(待删除旧行)=0
stop_times.txt: insert=9559, update=19118, stale(待删除旧行)=28677
stops.txt: insert=0, update=0, stale(待删除旧行)=0
trips.txt: insert=0, update=0, stale(待删除旧行)=0

delta_rows: 28677
[完成] delta写入 results/skew_subpartition_k4_20261007/work_dist_20261007_p000_s1_split/delta，stale写入 results/skew_subpartition_k4_20261007/work_dist_20261007_p000_s1_split/stale
[done] 写入 /home/ztr/KG/dist_work/20261007_p000_s1_split/partition_0/mapping.ttl；替换了 1 处source路径
[done] 写入 /home/ztr/KG/dist_work/20261007_p000_s1_split/partition_1/mapping.ttl；替换了 1 处source路径
[done] 写入 /home/ztr/KG/dist_work/20261007_p000_s1_split/partition_2/mapping.ttl；替换了 1 处source路径
[done] 写入 /home/ztr/KG/dist_work/20261007_p000_s1_split/partition_3/mapping.ttl；替换了 1 处source路径
[done] 28677 条待删除IRI写入 results/skew_subpartition_k4_20261007/work_dist_20261007_p000_s1_split/stale_iris.txt
baseline=3774001, removed(按subject)=172134, delta_added=172062, updated=3773929
[sh] /home/ztr/miniconda3/bin/python3 compute_delta.py --before data/urbanos_before --after data/urbanos_skew_k4_p000_s1 --delta-dir results/skew_subpartition_k4_20261007/work_dist_20261007_p000_s1_split/delta --stale-dir results/skew_subpartition_k4_20261007/work_dist_20261007_p000_s1_split/stale
[partition] k=4, 各分区行数=[7315, 7267, 6875, 7220]
[sh] /home/ztr/miniconda3/bin/python3 normalize_mapping.py --mapping delta_mapping_base.ttl --data-dir /home/ztr/KG/dist_work/20261007_p000_s1_split/partition_0 --output /home/ztr/KG/dist_work/20261007_p000_s1_split/partition_0/mapping.ttl
[sh] /home/ztr/miniconda3/bin/python3 normalize_mapping.py --mapping delta_mapping_base.ttl --data-dir /home/ztr/KG/dist_work/20261007_p000_s1_split/partition_1 --output /home/ztr/KG/dist_work/20261007_p000_s1_split/partition_1/mapping.ttl
[sh] /home/ztr/miniconda3/bin/python3 normalize_mapping.py --mapping delta_mapping_base.ttl --data-dir /home/ztr/KG/dist_work/20261007_p000_s1_split/partition_2 --output /home/ztr/KG/dist_work/20261007_p000_s1_split/partition_2/mapping.ttl
[sh] /home/ztr/miniconda3/bin/python3 normalize_mapping.py --mapping delta_mapping_base.ttl --data-dir /home/ztr/KG/dist_work/20261007_p000_s1_split/partition_3 --output /home/ztr/KG/dist_work/20261007_p000_s1_split/partition_3/mapping.ttl
[dispatch] 已推送4个任务到tasks:queue
[result] 20261007_p000_s1_split-p2 status=ok attempts=0 mapped=1255ms worker=23b78ffaa58b lock_wait=0ms (1/4)
[result] 20261007_p000_s1_split-p0 status=ok attempts=0 mapped=1270ms worker=6331ebc89130 lock_wait=0ms (2/4)
[result] 20261007_p000_s1_split-p1 status=ok attempts=0 mapped=1290ms worker=cfe6aa420e8d lock_wait=0ms (3/4)
[result] 20261007_p000_s1_split-p3 status=ok attempts=0 mapped=1302ms worker=7832cce49622 lock_wait=0ms (4/4)
[merge] 合并完成 -> results/skew_subpartition_k4_20261007/work_dist_20261007_p000_s1_split/merged_delta.nq
[sh] /home/ztr/miniconda3/bin/python3 compute_stale_iris.py --stale-file results/skew_subpartition_k4_20261007/work_dist_20261007_p000_s1_split/stale/stop_times.txt --template http://transport.linkeddata.es/madrid/metro/stoptimes/{trip_id}-{stop_id}-{arrival_time} --output results/skew_subpartition_k4_20261007/work_dist_20261007_p000_s1_split/stale_iris.txt
[sh] /home/ztr/miniconda3/bin/python3 apply_delta_to_graph.py --baseline results/baseline_graph_urbanos.nq --stale-iris results/skew_subpartition_k4_20261007/work_dist_20261007_p000_s1_split/stale_iris.txt --delta results/skew_subpartition_k4_20261007/work_dist_20261007_p000_s1_split/merged_delta.nq --output results/skew_subpartition_k4_20261007/current_graph_check.nq

[done] 分布式增量更新完成: results/skew_subpartition_k4_20261007/current_graph_check.nq
[done] 端到端耗时 10.01s -> results/skew_subpartition_k4_20261007/time_distributed_20261007_p000_s1_split.log
agency.txt: insert=0, update=0, stale(待删除旧行)=0
calendar.txt: insert=0, update=0, stale(待删除旧行)=0
calendar_dates.txt: insert=0, update=0, stale(待删除旧行)=0
[跳过] fare_attributes.txt（无对照文件或未配置主键，delta_dir中保留原样）
[跳过] fare_rules.txt（无对照文件或未配置主键，delta_dir中保留原样）
[跳过] feed_info.txt（无对照文件或未配置主键，delta_dir中保留原样）
frequencies.txt: insert=0, update=0, stale(待删除旧行)=0
routes.txt: insert=0, update=0, stale(待删除旧行)=0
shapes.txt: insert=0, update=0, stale(待删除旧行)=0
stop_times.txt: insert=9559, update=19118, stale(待删除旧行)=28677
stops.txt: insert=0, update=0, stale(待删除旧行)=0
trips.txt: insert=0, update=0, stale(待删除旧行)=0

delta_rows: 28677
[完成] delta写入 results/skew_subpartition_k4_20261007/work_dist_20261007_p000_s1_unsplit/delta，stale写入 results/skew_subpartition_k4_20261007/work_dist_20261007_p000_s1_unsplit/stale
[done] 写入 /home/ztr/KG/dist_work/20261007_p000_s1_unsplit/partition_0/mapping.ttl；替换了 1 处source路径
[done] 写入 /home/ztr/KG/dist_work/20261007_p000_s1_unsplit/partition_1/mapping.ttl；替换了 1 处source路径
[done] 写入 /home/ztr/KG/dist_work/20261007_p000_s1_unsplit/partition_2/mapping.ttl；替换了 1 处source路径
[done] 写入 /home/ztr/KG/dist_work/20261007_p000_s1_unsplit/partition_3/mapping.ttl；替换了 1 处source路径
[done] 28677 条待删除IRI写入 results/skew_subpartition_k4_20261007/work_dist_20261007_p000_s1_unsplit/stale_iris.txt
baseline=3774001, removed(按subject)=172134, delta_added=172062, updated=3773929
[sh] /home/ztr/miniconda3/bin/python3 compute_delta.py --before data/urbanos_before --after data/urbanos_skew_k4_p000_s1 --delta-dir results/skew_subpartition_k4_20261007/work_dist_20261007_p000_s1_unsplit/delta --stale-dir results/skew_subpartition_k4_20261007/work_dist_20261007_p000_s1_unsplit/stale
[partition] k=4, 各分区行数=[7315, 7267, 6875, 7220]
[sh] /home/ztr/miniconda3/bin/python3 normalize_mapping.py --mapping delta_mapping_base.ttl --data-dir /home/ztr/KG/dist_work/20261007_p000_s1_unsplit/partition_0 --output /home/ztr/KG/dist_work/20261007_p000_s1_unsplit/partition_0/mapping.ttl
[sh] /home/ztr/miniconda3/bin/python3 normalize_mapping.py --mapping delta_mapping_base.ttl --data-dir /home/ztr/KG/dist_work/20261007_p000_s1_unsplit/partition_1 --output /home/ztr/KG/dist_work/20261007_p000_s1_unsplit/partition_1/mapping.ttl
[sh] /home/ztr/miniconda3/bin/python3 normalize_mapping.py --mapping delta_mapping_base.ttl --data-dir /home/ztr/KG/dist_work/20261007_p000_s1_unsplit/partition_2 --output /home/ztr/KG/dist_work/20261007_p000_s1_unsplit/partition_2/mapping.ttl
[sh] /home/ztr/miniconda3/bin/python3 normalize_mapping.py --mapping delta_mapping_base.ttl --data-dir /home/ztr/KG/dist_work/20261007_p000_s1_unsplit/partition_3 --output /home/ztr/KG/dist_work/20261007_p000_s1_unsplit/partition_3/mapping.ttl
[dispatch] 已推送4个任务到tasks:queue
[result] 20261007_p000_s1_unsplit-p1 status=ok attempts=0 mapped=903ms worker=6331ebc89130 lock_wait=0ms (1/4)
[result] 20261007_p000_s1_unsplit-p0 status=ok attempts=0 mapped=1144ms worker=23b78ffaa58b lock_wait=0ms (2/4)
[result] 20261007_p000_s1_unsplit-p2 status=ok attempts=0 mapped=1123ms worker=cfe6aa420e8d lock_wait=0ms (3/4)
[result] 20261007_p000_s1_unsplit-p3 status=ok attempts=0 mapped=1209ms worker=7832cce49622 lock_wait=0ms (4/4)
[merge] 合并完成 -> results/skew_subpartition_k4_20261007/work_dist_20261007_p000_s1_unsplit/merged_delta.nq
[sh] /home/ztr/miniconda3/bin/python3 compute_stale_iris.py --stale-file results/skew_subpartition_k4_20261007/work_dist_20261007_p000_s1_unsplit/stale/stop_times.txt --template http://transport.linkeddata.es/madrid/metro/stoptimes/{trip_id}-{stop_id}-{arrival_time} --output results/skew_subpartition_k4_20261007/work_dist_20261007_p000_s1_unsplit/stale_iris.txt
[sh] /home/ztr/miniconda3/bin/python3 apply_delta_to_graph.py --baseline results/baseline_graph_urbanos.nq --stale-iris results/skew_subpartition_k4_20261007/work_dist_20261007_p000_s1_unsplit/stale_iris.txt --delta results/skew_subpartition_k4_20261007/work_dist_20261007_p000_s1_unsplit/merged_delta.nq --output results/skew_subpartition_k4_20261007/current_graph_check.nq

[done] 分布式增量更新完成: results/skew_subpartition_k4_20261007/current_graph_check.nq
[done] 端到端耗时 9.70s -> results/skew_subpartition_k4_20261007/time_distributed_20261007_p000_s1_unsplit.log
[subpartition] verified delta p=000 seed=1
agency.txt: insert=0, update=0, stale(待删除旧行)=0
calendar.txt: insert=0, update=0, stale(待删除旧行)=0
calendar_dates.txt: insert=0, update=0, stale(待删除旧行)=0
[跳过] fare_attributes.txt（无对照文件或未配置主键，delta_dir中保留原样）
[跳过] fare_rules.txt（无对照文件或未配置主键，delta_dir中保留原样）
[跳过] feed_info.txt（无对照文件或未配置主键，delta_dir中保留原样）
frequencies.txt: insert=0, update=0, stale(待删除旧行)=0
routes.txt: insert=0, update=0, stale(待删除旧行)=0
shapes.txt: insert=0, update=0, stale(待删除旧行)=0
stop_times.txt: insert=9559, update=19118, stale(待删除旧行)=28677
stops.txt: insert=0, update=0, stale(待删除旧行)=0
trips.txt: insert=0, update=0, stale(待删除旧行)=0

delta_rows: 28677
[完成] delta写入 results/skew_subpartition_k4_20261007/work_dist_20261007_p025_s1_unsplit/delta，stale写入 results/skew_subpartition_k4_20261007/work_dist_20261007_p025_s1_unsplit/stale
[done] 写入 /home/ztr/KG/dist_work/20261007_p025_s1_unsplit/partition_0/mapping.ttl；替换了 1 处source路径
[done] 写入 /home/ztr/KG/dist_work/20261007_p025_s1_unsplit/partition_1/mapping.ttl；替换了 1 处source路径
[done] 写入 /home/ztr/KG/dist_work/20261007_p025_s1_unsplit/partition_2/mapping.ttl；替换了 1 处source路径
[done] 写入 /home/ztr/KG/dist_work/20261007_p025_s1_unsplit/partition_3/mapping.ttl；替换了 1 处source路径
[done] 28677 条待删除IRI写入 results/skew_subpartition_k4_20261007/work_dist_20261007_p025_s1_unsplit/stale_iris.txt
baseline=3774001, removed(按subject)=172144, delta_added=172062, updated=3773919
[sh] /home/ztr/miniconda3/bin/python3 compute_delta.py --before data/urbanos_before --after data/urbanos_skew_k4_p025_s1 --delta-dir results/skew_subpartition_k4_20261007/work_dist_20261007_p025_s1_unsplit/delta --stale-dir results/skew_subpartition_k4_20261007/work_dist_20261007_p025_s1_unsplit/stale
[partition] k=4, 各分区行数=[12547, 5501, 5127, 5502]
[sh] /home/ztr/miniconda3/bin/python3 normalize_mapping.py --mapping delta_mapping_base.ttl --data-dir /home/ztr/KG/dist_work/20261007_p025_s1_unsplit/partition_0 --output /home/ztr/KG/dist_work/20261007_p025_s1_unsplit/partition_0/mapping.ttl
[sh] /home/ztr/miniconda3/bin/python3 normalize_mapping.py --mapping delta_mapping_base.ttl --data-dir /home/ztr/KG/dist_work/20261007_p025_s1_unsplit/partition_1 --output /home/ztr/KG/dist_work/20261007_p025_s1_unsplit/partition_1/mapping.ttl
[sh] /home/ztr/miniconda3/bin/python3 normalize_mapping.py --mapping delta_mapping_base.ttl --data-dir /home/ztr/KG/dist_work/20261007_p025_s1_unsplit/partition_2 --output /home/ztr/KG/dist_work/20261007_p025_s1_unsplit/partition_2/mapping.ttl
[sh] /home/ztr/miniconda3/bin/python3 normalize_mapping.py --mapping delta_mapping_base.ttl --data-dir /home/ztr/KG/dist_work/20261007_p025_s1_unsplit/partition_3 --output /home/ztr/KG/dist_work/20261007_p025_s1_unsplit/partition_3/mapping.ttl
[dispatch] 已推送4个任务到tasks:queue
[result] 20261007_p025_s1_unsplit-p2 status=ok attempts=0 mapped=800ms worker=cfe6aa420e8d lock_wait=0ms (1/4)
[result] 20261007_p025_s1_unsplit-p1 status=ok attempts=0 mapped=861ms worker=23b78ffaa58b lock_wait=0ms (2/4)
[result] 20261007_p025_s1_unsplit-p3 status=ok attempts=0 mapped=873ms worker=7832cce49622 lock_wait=0ms (3/4)
[result] 20261007_p025_s1_unsplit-p0 status=ok attempts=0 mapped=1489ms worker=6331ebc89130 lock_wait=0ms (4/4)
[merge] 合并完成 -> results/skew_subpartition_k4_20261007/work_dist_20261007_p025_s1_unsplit/merged_delta.nq
[sh] /home/ztr/miniconda3/bin/python3 compute_stale_iris.py --stale-file results/skew_subpartition_k4_20261007/work_dist_20261007_p025_s1_unsplit/stale/stop_times.txt --template http://transport.linkeddata.es/madrid/metro/stoptimes/{trip_id}-{stop_id}-{arrival_time} --output results/skew_subpartition_k4_20261007/work_dist_20261007_p025_s1_unsplit/stale_iris.txt
[sh] /home/ztr/miniconda3/bin/python3 apply_delta_to_graph.py --baseline results/baseline_graph_urbanos.nq --stale-iris results/skew_subpartition_k4_20261007/work_dist_20261007_p025_s1_unsplit/stale_iris.txt --delta results/skew_subpartition_k4_20261007/work_dist_20261007_p025_s1_unsplit/merged_delta.nq --output results/skew_subpartition_k4_20261007/current_graph_check.nq

[done] 分布式增量更新完成: results/skew_subpartition_k4_20261007/current_graph_check.nq
[done] 端到端耗时 9.87s -> results/skew_subpartition_k4_20261007/time_distributed_20261007_p025_s1_unsplit.log
agency.txt: insert=0, update=0, stale(待删除旧行)=0
calendar.txt: insert=0, update=0, stale(待删除旧行)=0
calendar_dates.txt: insert=0, update=0, stale(待删除旧行)=0
[跳过] fare_attributes.txt（无对照文件或未配置主键，delta_dir中保留原样）
[跳过] fare_rules.txt（无对照文件或未配置主键，delta_dir中保留原样）
[跳过] feed_info.txt（无对照文件或未配置主键，delta_dir中保留原样）
frequencies.txt: insert=0, update=0, stale(待删除旧行)=0
routes.txt: insert=0, update=0, stale(待删除旧行)=0
shapes.txt: insert=0, update=0, stale(待删除旧行)=0
stop_times.txt: insert=9559, update=19118, stale(待删除旧行)=28677
stops.txt: insert=0, update=0, stale(待删除旧行)=0
trips.txt: insert=0, update=0, stale(待删除旧行)=0

delta_rows: 28677
[完成] delta写入 results/skew_subpartition_k4_20261007/work_dist_20261007_p025_s1_split/delta，stale写入 results/skew_subpartition_k4_20261007/work_dist_20261007_p025_s1_split/stale
[done] 写入 /home/ztr/KG/dist_work/20261007_p025_s1_split/partition_0/subpartition_0/mapping.ttl；替换了 1 处source路径
[done] 写入 /home/ztr/KG/dist_work/20261007_p025_s1_split/partition_0/subpartition_1/mapping.ttl；替换了 1 处source路径
[done] 写入 /home/ztr/KG/dist_work/20261007_p025_s1_split/partition_0/subpartition_2/mapping.ttl；替换了 1 处source路径
[done] 写入 /home/ztr/KG/dist_work/20261007_p025_s1_split/partition_0/subpartition_3/mapping.ttl；替换了 1 处source路径
[done] 写入 /home/ztr/KG/dist_work/20261007_p025_s1_split/partition_1/mapping.ttl；替换了 1 处source路径
[done] 写入 /home/ztr/KG/dist_work/20261007_p025_s1_split/partition_2/mapping.ttl；替换了 1 处source路径
[done] 写入 /home/ztr/KG/dist_work/20261007_p025_s1_split/partition_3/mapping.ttl；替换了 1 处source路径
[done] 28677 条待删除IRI写入 results/skew_subpartition_k4_20261007/work_dist_20261007_p025_s1_split/stale_iris.txt
baseline=3774001, removed(按subject)=172144, delta_added=172062, updated=3773919
[sh] /home/ztr/miniconda3/bin/python3 compute_delta.py --before data/urbanos_before --after data/urbanos_skew_k4_p025_s1 --delta-dir results/skew_subpartition_k4_20261007/work_dist_20261007_p025_s1_split/delta --stale-dir results/skew_subpartition_k4_20261007/work_dist_20261007_p025_s1_split/stale
[partition] k=4, 各分区行数=[12547, 5501, 5127, 5502]
[sh] /home/ztr/miniconda3/bin/python3 normalize_mapping.py --mapping delta_mapping_base.ttl --data-dir /home/ztr/KG/dist_work/20261007_p025_s1_split/partition_0/subpartition_0 --output /home/ztr/KG/dist_work/20261007_p025_s1_split/partition_0/subpartition_0/mapping.ttl
[sh] /home/ztr/miniconda3/bin/python3 normalize_mapping.py --mapping delta_mapping_base.ttl --data-dir /home/ztr/KG/dist_work/20261007_p025_s1_split/partition_0/subpartition_1 --output /home/ztr/KG/dist_work/20261007_p025_s1_split/partition_0/subpartition_1/mapping.ttl
[sh] /home/ztr/miniconda3/bin/python3 normalize_mapping.py --mapping delta_mapping_base.ttl --data-dir /home/ztr/KG/dist_work/20261007_p025_s1_split/partition_0/subpartition_2 --output /home/ztr/KG/dist_work/20261007_p025_s1_split/partition_0/subpartition_2/mapping.ttl
[sh] /home/ztr/miniconda3/bin/python3 normalize_mapping.py --mapping delta_mapping_base.ttl --data-dir /home/ztr/KG/dist_work/20261007_p025_s1_split/partition_0/subpartition_3 --output /home/ztr/KG/dist_work/20261007_p025_s1_split/partition_0/subpartition_3/mapping.ttl
[sh] /home/ztr/miniconda3/bin/python3 normalize_mapping.py --mapping delta_mapping_base.ttl --data-dir /home/ztr/KG/dist_work/20261007_p025_s1_split/partition_1 --output /home/ztr/KG/dist_work/20261007_p025_s1_split/partition_1/mapping.ttl
[sh] /home/ztr/miniconda3/bin/python3 normalize_mapping.py --mapping delta_mapping_base.ttl --data-dir /home/ztr/KG/dist_work/20261007_p025_s1_split/partition_2 --output /home/ztr/KG/dist_work/20261007_p025_s1_split/partition_2/mapping.ttl
[sh] /home/ztr/miniconda3/bin/python3 normalize_mapping.py --mapping delta_mapping_base.ttl --data-dir /home/ztr/KG/dist_work/20261007_p025_s1_split/partition_3 --output /home/ztr/KG/dist_work/20261007_p025_s1_split/partition_3/mapping.ttl
[dispatch] 已推送7个任务到tasks:queue
[result] 20261007_p025_s1_split-p0-s3 status=ok attempts=0 mapped=382ms worker=6331ebc89130 lock_wait=0ms (1/7)
[result] 20261007_p025_s1_split-p0-s2 status=ok attempts=0 mapped=432ms worker=7832cce49622 lock_wait=0ms (2/7)
[result] 20261007_p025_s1_split-p0-s0 status=ok attempts=0 mapped=454ms worker=cfe6aa420e8d lock_wait=0ms (3/7)
[result] 20261007_p025_s1_split-p0-s1 status=ok attempts=0 mapped=470ms worker=23b78ffaa58b lock_wait=0ms (4/7)
[result] 20261007_p025_s1_split-p1 status=ok attempts=0 mapped=544ms worker=6331ebc89130 lock_wait=0ms (5/7)
[result] 20261007_p025_s1_split-p2 status=ok attempts=0 mapped=589ms worker=7832cce49622 lock_wait=0ms (6/7)
[result] 20261007_p025_s1_split-p3 status=ok attempts=0 mapped=595ms worker=cfe6aa420e8d lock_wait=0ms (7/7)
[merge] 合并完成 -> results/skew_subpartition_k4_20261007/work_dist_20261007_p025_s1_split/merged_delta.nq
[sh] /home/ztr/miniconda3/bin/python3 compute_stale_iris.py --stale-file results/skew_subpartition_k4_20261007/work_dist_20261007_p025_s1_split/stale/stop_times.txt --template http://transport.linkeddata.es/madrid/metro/stoptimes/{trip_id}-{stop_id}-{arrival_time} --output results/skew_subpartition_k4_20261007/work_dist_20261007_p025_s1_split/stale_iris.txt
[sh] /home/ztr/miniconda3/bin/python3 apply_delta_to_graph.py --baseline results/baseline_graph_urbanos.nq --stale-iris results/skew_subpartition_k4_20261007/work_dist_20261007_p025_s1_split/stale_iris.txt --delta results/skew_subpartition_k4_20261007/work_dist_20261007_p025_s1_split/merged_delta.nq --output results/skew_subpartition_k4_20261007/current_graph_check.nq

[done] 分布式增量更新完成: results/skew_subpartition_k4_20261007/current_graph_check.nq
[done] 端到端耗时 9.30s -> results/skew_subpartition_k4_20261007/time_distributed_20261007_p025_s1_split.log
[subpartition] verified delta p=025 seed=1
agency.txt: insert=0, update=0, stale(待删除旧行)=0
calendar.txt: insert=0, update=0, stale(待删除旧行)=0
calendar_dates.txt: insert=0, update=0, stale(待删除旧行)=0
[跳过] fare_attributes.txt（无对照文件或未配置主键，delta_dir中保留原样）
[跳过] fare_rules.txt（无对照文件或未配置主键，delta_dir中保留原样）
[跳过] feed_info.txt（无对照文件或未配置主键，delta_dir中保留原样）
frequencies.txt: insert=0, update=0, stale(待删除旧行)=0
routes.txt: insert=0, update=0, stale(待删除旧行)=0
shapes.txt: insert=0, update=0, stale(待删除旧行)=0
stop_times.txt: insert=9559, update=19118, stale(待删除旧行)=28677
stops.txt: insert=0, update=0, stale(待删除旧行)=0
trips.txt: insert=0, update=0, stale(待删除旧行)=0

delta_rows: 28677
[完成] delta写入 results/skew_subpartition_k4_20261007/work_dist_20261007_p050_s1_split/delta，stale写入 results/skew_subpartition_k4_20261007/work_dist_20261007_p050_s1_split/stale
[done] 写入 /home/ztr/KG/dist_work/20261007_p050_s1_split/partition_0/subpartition_0/mapping.ttl；替换了 1 处source路径
[done] 写入 /home/ztr/KG/dist_work/20261007_p050_s1_split/partition_0/subpartition_1/mapping.ttl；替换了 1 处source路径
[done] 写入 /home/ztr/KG/dist_work/20261007_p050_s1_split/partition_0/subpartition_2/mapping.ttl；替换了 1 处source路径
[done] 写入 /home/ztr/KG/dist_work/20261007_p050_s1_split/partition_0/subpartition_3/mapping.ttl；替换了 1 处source路径
[done] 写入 /home/ztr/KG/dist_work/20261007_p050_s1_split/partition_1/mapping.ttl；替换了 1 处source路径
[done] 写入 /home/ztr/KG/dist_work/20261007_p050_s1_split/partition_2/mapping.ttl；替换了 1 处source路径
[done] 写入 /home/ztr/KG/dist_work/20261007_p050_s1_split/partition_3/mapping.ttl；替换了 1 处source路径
[done] 28677 条待删除IRI写入 results/skew_subpartition_k4_20261007/work_dist_20261007_p050_s1_split/stale_iris.txt
baseline=3774001, removed(按subject)=172113, delta_added=172057, updated=3773945
[sh] /home/ztr/miniconda3/bin/python3 compute_delta.py --before data/urbanos_before --after data/urbanos_skew_k4_p050_s1 --delta-dir results/skew_subpartition_k4_20261007/work_dist_20261007_p050_s1_split/delta --stale-dir results/skew_subpartition_k4_20261007/work_dist_20261007_p050_s1_split/stale
[partition] k=4, 各分区行数=[17805, 3708, 3441, 3723]
[sh] /home/ztr/miniconda3/bin/python3 normalize_mapping.py --mapping delta_mapping_base.ttl --data-dir /home/ztr/KG/dist_work/20261007_p050_s1_split/partition_0/subpartition_0 --output /home/ztr/KG/dist_work/20261007_p050_s1_split/partition_0/subpartition_0/mapping.ttl
[sh] /home/ztr/miniconda3/bin/python3 normalize_mapping.py --mapping delta_mapping_base.ttl --data-dir /home/ztr/KG/dist_work/20261007_p050_s1_split/partition_0/subpartition_1 --output /home/ztr/KG/dist_work/20261007_p050_s1_split/partition_0/subpartition_1/mapping.ttl
[sh] /home/ztr/miniconda3/bin/python3 normalize_mapping.py --mapping delta_mapping_base.ttl --data-dir /home/ztr/KG/dist_work/20261007_p050_s1_split/partition_0/subpartition_2 --output /home/ztr/KG/dist_work/20261007_p050_s1_split/partition_0/subpartition_2/mapping.ttl
[sh] /home/ztr/miniconda3/bin/python3 normalize_mapping.py --mapping delta_mapping_base.ttl --data-dir /home/ztr/KG/dist_work/20261007_p050_s1_split/partition_0/subpartition_3 --output /home/ztr/KG/dist_work/20261007_p050_s1_split/partition_0/subpartition_3/mapping.ttl
[sh] /home/ztr/miniconda3/bin/python3 normalize_mapping.py --mapping delta_mapping_base.ttl --data-dir /home/ztr/KG/dist_work/20261007_p050_s1_split/partition_1 --output /home/ztr/KG/dist_work/20261007_p050_s1_split/partition_1/mapping.ttl
[sh] /home/ztr/miniconda3/bin/python3 normalize_mapping.py --mapping delta_mapping_base.ttl --data-dir /home/ztr/KG/dist_work/20261007_p050_s1_split/partition_2 --output /home/ztr/KG/dist_work/20261007_p050_s1_split/partition_2/mapping.ttl
[sh] /home/ztr/miniconda3/bin/python3 normalize_mapping.py --mapping delta_mapping_base.ttl --data-dir /home/ztr/KG/dist_work/20261007_p050_s1_split/partition_3 --output /home/ztr/KG/dist_work/20261007_p050_s1_split/partition_3/mapping.ttl
[dispatch] 已推送7个任务到tasks:queue
[result] 20261007_p050_s1_split-p0-s1 status=ok attempts=0 mapped=408ms worker=6331ebc89130 lock_wait=0ms (1/7)
[result] 20261007_p050_s1_split-p0-s2 status=ok attempts=0 mapped=453ms worker=7832cce49622 lock_wait=0ms (2/7)
[result] 20261007_p050_s1_split-p0-s3 status=ok attempts=0 mapped=507ms worker=cfe6aa420e8d lock_wait=0ms (3/7)
[result] 20261007_p050_s1_split-p0-s0 status=ok attempts=0 mapped=640ms worker=23b78ffaa58b lock_wait=0ms (4/7)
[result] 20261007_p050_s1_split-p1 status=ok attempts=0 mapped=361ms worker=6331ebc89130 lock_wait=0ms (5/7)
[result] 20261007_p050_s1_split-p2 status=ok attempts=0 mapped=458ms worker=7832cce49622 lock_wait=0ms (6/7)
[result] 20261007_p050_s1_split-p3 status=ok attempts=0 mapped=470ms worker=cfe6aa420e8d lock_wait=0ms (7/7)
[merge] 合并完成 -> results/skew_subpartition_k4_20261007/work_dist_20261007_p050_s1_split/merged_delta.nq
[sh] /home/ztr/miniconda3/bin/python3 compute_stale_iris.py --stale-file results/skew_subpartition_k4_20261007/work_dist_20261007_p050_s1_split/stale/stop_times.txt --template http://transport.linkeddata.es/madrid/metro/stoptimes/{trip_id}-{stop_id}-{arrival_time} --output results/skew_subpartition_k4_20261007/work_dist_20261007_p050_s1_split/stale_iris.txt
[sh] /home/ztr/miniconda3/bin/python3 apply_delta_to_graph.py --baseline results/baseline_graph_urbanos.nq --stale-iris results/skew_subpartition_k4_20261007/work_dist_20261007_p050_s1_split/stale_iris.txt --delta results/skew_subpartition_k4_20261007/work_dist_20261007_p050_s1_split/merged_delta.nq --output results/skew_subpartition_k4_20261007/current_graph_check.nq

[done] 分布式增量更新完成: results/skew_subpartition_k4_20261007/current_graph_check.nq
[done] 端到端耗时 9.08s -> results/skew_subpartition_k4_20261007/time_distributed_20261007_p050_s1_split.log
agency.txt: insert=0, update=0, stale(待删除旧行)=0
calendar.txt: insert=0, update=0, stale(待删除旧行)=0
calendar_dates.txt: insert=0, update=0, stale(待删除旧行)=0
[跳过] fare_attributes.txt（无对照文件或未配置主键，delta_dir中保留原样）
[跳过] fare_rules.txt（无对照文件或未配置主键，delta_dir中保留原样）
[跳过] feed_info.txt（无对照文件或未配置主键，delta_dir中保留原样）
frequencies.txt: insert=0, update=0, stale(待删除旧行)=0
routes.txt: insert=0, update=0, stale(待删除旧行)=0
shapes.txt: insert=0, update=0, stale(待删除旧行)=0
stop_times.txt: insert=9559, update=19118, stale(待删除旧行)=28677
stops.txt: insert=0, update=0, stale(待删除旧行)=0
trips.txt: insert=0, update=0, stale(待删除旧行)=0

delta_rows: 28677
[完成] delta写入 results/skew_subpartition_k4_20261007/work_dist_20261007_p050_s1_unsplit/delta，stale写入 results/skew_subpartition_k4_20261007/work_dist_20261007_p050_s1_unsplit/stale
[done] 写入 /home/ztr/KG/dist_work/20261007_p050_s1_unsplit/partition_0/mapping.ttl；替换了 1 处source路径
[done] 写入 /home/ztr/KG/dist_work/20261007_p050_s1_unsplit/partition_1/mapping.ttl；替换了 1 处source路径
[done] 写入 /home/ztr/KG/dist_work/20261007_p050_s1_unsplit/partition_2/mapping.ttl；替换了 1 处source路径
[done] 写入 /home/ztr/KG/dist_work/20261007_p050_s1_unsplit/partition_3/mapping.ttl；替换了 1 处source路径
[done] 28677 条待删除IRI写入 results/skew_subpartition_k4_20261007/work_dist_20261007_p050_s1_unsplit/stale_iris.txt
baseline=3774001, removed(按subject)=172113, delta_added=172057, updated=3773945
[sh] /home/ztr/miniconda3/bin/python3 compute_delta.py --before data/urbanos_before --after data/urbanos_skew_k4_p050_s1 --delta-dir results/skew_subpartition_k4_20261007/work_dist_20261007_p050_s1_unsplit/delta --stale-dir results/skew_subpartition_k4_20261007/work_dist_20261007_p050_s1_unsplit/stale
[partition] k=4, 各分区行数=[17805, 3708, 3441, 3723]
[sh] /home/ztr/miniconda3/bin/python3 normalize_mapping.py --mapping delta_mapping_base.ttl --data-dir /home/ztr/KG/dist_work/20261007_p050_s1_unsplit/partition_0 --output /home/ztr/KG/dist_work/20261007_p050_s1_unsplit/partition_0/mapping.ttl
[sh] /home/ztr/miniconda3/bin/python3 normalize_mapping.py --mapping delta_mapping_base.ttl --data-dir /home/ztr/KG/dist_work/20261007_p050_s1_unsplit/partition_1 --output /home/ztr/KG/dist_work/20261007_p050_s1_unsplit/partition_1/mapping.ttl
[sh] /home/ztr/miniconda3/bin/python3 normalize_mapping.py --mapping delta_mapping_base.ttl --data-dir /home/ztr/KG/dist_work/20261007_p050_s1_unsplit/partition_2 --output /home/ztr/KG/dist_work/20261007_p050_s1_unsplit/partition_2/mapping.ttl
[sh] /home/ztr/miniconda3/bin/python3 normalize_mapping.py --mapping delta_mapping_base.ttl --data-dir /home/ztr/KG/dist_work/20261007_p050_s1_unsplit/partition_3 --output /home/ztr/KG/dist_work/20261007_p050_s1_unsplit/partition_3/mapping.ttl
[dispatch] 已推送4个任务到tasks:queue
[result] 20261007_p050_s1_unsplit-p2 status=ok attempts=0 mapped=379ms worker=7832cce49622 lock_wait=0ms (1/4)
[result] 20261007_p050_s1_unsplit-p1 status=ok attempts=0 mapped=417ms worker=6331ebc89130 lock_wait=0ms (2/4)
[result] 20261007_p050_s1_unsplit-p3 status=ok attempts=0 mapped=455ms worker=cfe6aa420e8d lock_wait=0ms (3/4)
[result] 20261007_p050_s1_unsplit-p0 status=ok attempts=0 mapped=1475ms worker=23b78ffaa58b lock_wait=0ms (4/4)
[merge] 合并完成 -> results/skew_subpartition_k4_20261007/work_dist_20261007_p050_s1_unsplit/merged_delta.nq
[sh] /home/ztr/miniconda3/bin/python3 compute_stale_iris.py --stale-file results/skew_subpartition_k4_20261007/work_dist_20261007_p050_s1_unsplit/stale/stop_times.txt --template http://transport.linkeddata.es/madrid/metro/stoptimes/{trip_id}-{stop_id}-{arrival_time} --output results/skew_subpartition_k4_20261007/work_dist_20261007_p050_s1_unsplit/stale_iris.txt
[sh] /home/ztr/miniconda3/bin/python3 apply_delta_to_graph.py --baseline results/baseline_graph_urbanos.nq --stale-iris results/skew_subpartition_k4_20261007/work_dist_20261007_p050_s1_unsplit/stale_iris.txt --delta results/skew_subpartition_k4_20261007/work_dist_20261007_p050_s1_unsplit/merged_delta.nq --output results/skew_subpartition_k4_20261007/current_graph_check.nq

[done] 分布式增量更新完成: results/skew_subpartition_k4_20261007/current_graph_check.nq
[done] 端到端耗时 9.73s -> results/skew_subpartition_k4_20261007/time_distributed_20261007_p050_s1_unsplit.log
[subpartition] verified delta p=050 seed=1
agency.txt: insert=0, update=0, stale(待删除旧行)=0
calendar.txt: insert=0, update=0, stale(待删除旧行)=0
calendar_dates.txt: insert=0, update=0, stale(待删除旧行)=0
[跳过] fare_attributes.txt（无对照文件或未配置主键，delta_dir中保留原样）
[跳过] fare_rules.txt（无对照文件或未配置主键，delta_dir中保留原样）
[跳过] feed_info.txt（无对照文件或未配置主键，delta_dir中保留原样）
frequencies.txt: insert=0, update=0, stale(待删除旧行)=0
routes.txt: insert=0, update=0, stale(待删除旧行)=0
shapes.txt: insert=0, update=0, stale(待删除旧行)=0
stop_times.txt: insert=9559, update=19118, stale(待删除旧行)=28677
stops.txt: insert=0, update=0, stale(待删除旧行)=0
trips.txt: insert=0, update=0, stale(待删除旧行)=0

delta_rows: 28677
[完成] delta写入 results/skew_subpartition_k4_20261007/work_dist_20261007_p075_s1_unsplit/delta，stale写入 results/skew_subpartition_k4_20261007/work_dist_20261007_p075_s1_unsplit/stale
[done] 写入 /home/ztr/KG/dist_work/20261007_p075_s1_unsplit/partition_0/mapping.ttl；替换了 1 处source路径
[done] 写入 /home/ztr/KG/dist_work/20261007_p075_s1_unsplit/partition_1/mapping.ttl；替换了 1 处source路径
[done] 写入 /home/ztr/KG/dist_work/20261007_p075_s1_unsplit/partition_2/mapping.ttl；替换了 1 处source路径
[done] 写入 /home/ztr/KG/dist_work/20261007_p075_s1_unsplit/partition_3/mapping.ttl；替换了 1 处source路径
[done] 28677 条待删除IRI写入 results/skew_subpartition_k4_20261007/work_dist_20261007_p075_s1_unsplit/stale_iris.txt
baseline=3774001, removed(按subject)=172109, delta_added=172047, updated=3773939
[sh] /home/ztr/miniconda3/bin/python3 compute_delta.py --before data/urbanos_before --after data/urbanos_skew_k4_p075_s1 --delta-dir results/skew_subpartition_k4_20261007/work_dist_20261007_p075_s1_unsplit/delta --stale-dir results/skew_subpartition_k4_20261007/work_dist_20261007_p075_s1_unsplit/stale
[partition] k=4, 各分区行数=[23219, 1829, 1710, 1919]
[sh] /home/ztr/miniconda3/bin/python3 normalize_mapping.py --mapping delta_mapping_base.ttl --data-dir /home/ztr/KG/dist_work/20261007_p075_s1_unsplit/partition_0 --output /home/ztr/KG/dist_work/20261007_p075_s1_unsplit/partition_0/mapping.ttl
[sh] /home/ztr/miniconda3/bin/python3 normalize_mapping.py --mapping delta_mapping_base.ttl --data-dir /home/ztr/KG/dist_work/20261007_p075_s1_unsplit/partition_1 --output /home/ztr/KG/dist_work/20261007_p075_s1_unsplit/partition_1/mapping.ttl
[sh] /home/ztr/miniconda3/bin/python3 normalize_mapping.py --mapping delta_mapping_base.ttl --data-dir /home/ztr/KG/dist_work/20261007_p075_s1_unsplit/partition_2 --output /home/ztr/KG/dist_work/20261007_p075_s1_unsplit/partition_2/mapping.ttl
[sh] /home/ztr/miniconda3/bin/python3 normalize_mapping.py --mapping delta_mapping_base.ttl --data-dir /home/ztr/KG/dist_work/20261007_p075_s1_unsplit/partition_3 --output /home/ztr/KG/dist_work/20261007_p075_s1_unsplit/partition_3/mapping.ttl
[dispatch] 已推送4个任务到tasks:queue
[result] 20261007_p075_s1_unsplit-p2 status=ok attempts=0 mapped=198ms worker=cfe6aa420e8d lock_wait=0ms (1/4)
[result] 20261007_p075_s1_unsplit-p3 status=ok attempts=0 mapped=213ms worker=23b78ffaa58b lock_wait=0ms (2/4)
[result] 20261007_p075_s1_unsplit-p1 status=ok attempts=0 mapped=235ms worker=6331ebc89130 lock_wait=0ms (3/4)
[result] 20261007_p075_s1_unsplit-p0 status=ok attempts=0 mapped=1615ms worker=7832cce49622 lock_wait=0ms (4/4)
[merge] 合并完成 -> results/skew_subpartition_k4_20261007/work_dist_20261007_p075_s1_unsplit/merged_delta.nq
[sh] /home/ztr/miniconda3/bin/python3 compute_stale_iris.py --stale-file results/skew_subpartition_k4_20261007/work_dist_20261007_p075_s1_unsplit/stale/stop_times.txt --template http://transport.linkeddata.es/madrid/metro/stoptimes/{trip_id}-{stop_id}-{arrival_time} --output results/skew_subpartition_k4_20261007/work_dist_20261007_p075_s1_unsplit/stale_iris.txt
[sh] /home/ztr/miniconda3/bin/python3 apply_delta_to_graph.py --baseline results/baseline_graph_urbanos.nq --stale-iris results/skew_subpartition_k4_20261007/work_dist_20261007_p075_s1_unsplit/stale_iris.txt --delta results/skew_subpartition_k4_20261007/work_dist_20261007_p075_s1_unsplit/merged_delta.nq --output results/skew_subpartition_k4_20261007/current_graph_check.nq

[done] 分布式增量更新完成: results/skew_subpartition_k4_20261007/current_graph_check.nq
[done] 端到端耗时 10.14s -> results/skew_subpartition_k4_20261007/time_distributed_20261007_p075_s1_unsplit.log
agency.txt: insert=0, update=0, stale(待删除旧行)=0
calendar.txt: insert=0, update=0, stale(待删除旧行)=0
calendar_dates.txt: insert=0, update=0, stale(待删除旧行)=0
[跳过] fare_attributes.txt（无对照文件或未配置主键，delta_dir中保留原样）
[跳过] fare_rules.txt（无对照文件或未配置主键，delta_dir中保留原样）
[跳过] feed_info.txt（无对照文件或未配置主键，delta_dir中保留原样）
frequencies.txt: insert=0, update=0, stale(待删除旧行)=0
routes.txt: insert=0, update=0, stale(待删除旧行)=0
shapes.txt: insert=0, update=0, stale(待删除旧行)=0
stop_times.txt: insert=9559, update=19118, stale(待删除旧行)=28677
stops.txt: insert=0, update=0, stale(待删除旧行)=0
trips.txt: insert=0, update=0, stale(待删除旧行)=0

delta_rows: 28677
[完成] delta写入 results/skew_subpartition_k4_20261007/work_dist_20261007_p075_s1_split/delta，stale写入 results/skew_subpartition_k4_20261007/work_dist_20261007_p075_s1_split/stale
[done] 写入 /home/ztr/KG/dist_work/20261007_p075_s1_split/partition_0/subpartition_0/mapping.ttl；替换了 1 处source路径
[done] 写入 /home/ztr/KG/dist_work/20261007_p075_s1_split/partition_0/subpartition_1/mapping.ttl；替换了 1 处source路径
[done] 写入 /home/ztr/KG/dist_work/20261007_p075_s1_split/partition_0/subpartition_2/mapping.ttl；替换了 1 处source路径
[done] 写入 /home/ztr/KG/dist_work/20261007_p075_s1_split/partition_0/subpartition_3/mapping.ttl；替换了 1 处source路径
[done] 写入 /home/ztr/KG/dist_work/20261007_p075_s1_split/partition_1/mapping.ttl；替换了 1 处source路径
[done] 写入 /home/ztr/KG/dist_work/20261007_p075_s1_split/partition_2/mapping.ttl；替换了 1 处source路径
[done] 写入 /home/ztr/KG/dist_work/20261007_p075_s1_split/partition_3/mapping.ttl；替换了 1 处source路径
[done] 28677 条待删除IRI写入 results/skew_subpartition_k4_20261007/work_dist_20261007_p075_s1_split/stale_iris.txt
baseline=3774001, removed(按subject)=172109, delta_added=172047, updated=3773939
[sh] /home/ztr/miniconda3/bin/python3 compute_delta.py --before data/urbanos_before --after data/urbanos_skew_k4_p075_s1 --delta-dir results/skew_subpartition_k4_20261007/work_dist_20261007_p075_s1_split/delta --stale-dir results/skew_subpartition_k4_20261007/work_dist_20261007_p075_s1_split/stale
[partition] k=4, 各分区行数=[23219, 1829, 1710, 1919]
[sh] /home/ztr/miniconda3/bin/python3 normalize_mapping.py --mapping delta_mapping_base.ttl --data-dir /home/ztr/KG/dist_work/20261007_p075_s1_split/partition_0/subpartition_0 --output /home/ztr/KG/dist_work/20261007_p075_s1_split/partition_0/subpartition_0/mapping.ttl
[sh] /home/ztr/miniconda3/bin/python3 normalize_mapping.py --mapping delta_mapping_base.ttl --data-dir /home/ztr/KG/dist_work/20261007_p075_s1_split/partition_0/subpartition_1 --output /home/ztr/KG/dist_work/20261007_p075_s1_split/partition_0/subpartition_1/mapping.ttl
[sh] /home/ztr/miniconda3/bin/python3 normalize_mapping.py --mapping delta_mapping_base.ttl --data-dir /home/ztr/KG/dist_work/20261007_p075_s1_split/partition_0/subpartition_2 --output /home/ztr/KG/dist_work/20261007_p075_s1_split/partition_0/subpartition_2/mapping.ttl
[sh] /home/ztr/miniconda3/bin/python3 normalize_mapping.py --mapping delta_mapping_base.ttl --data-dir /home/ztr/KG/dist_work/20261007_p075_s1_split/partition_0/subpartition_3 --output /home/ztr/KG/dist_work/20261007_p075_s1_split/partition_0/subpartition_3/mapping.ttl
[sh] /home/ztr/miniconda3/bin/python3 normalize_mapping.py --mapping delta_mapping_base.ttl --data-dir /home/ztr/KG/dist_work/20261007_p075_s1_split/partition_1 --output /home/ztr/KG/dist_work/20261007_p075_s1_split/partition_1/mapping.ttl
[sh] /home/ztr/miniconda3/bin/python3 normalize_mapping.py --mapping delta_mapping_base.ttl --data-dir /home/ztr/KG/dist_work/20261007_p075_s1_split/partition_2 --output /home/ztr/KG/dist_work/20261007_p075_s1_split/partition_2/mapping.ttl
[sh] /home/ztr/miniconda3/bin/python3 normalize_mapping.py --mapping delta_mapping_base.ttl --data-dir /home/ztr/KG/dist_work/20261007_p075_s1_split/partition_3 --output /home/ztr/KG/dist_work/20261007_p075_s1_split/partition_3/mapping.ttl
[dispatch] 已推送7个任务到tasks:queue
[result] 20261007_p075_s1_split-p0-s3 status=ok attempts=0 mapped=438ms worker=7832cce49622 lock_wait=0ms (1/7)
[result] 20261007_p075_s1_split-p0-s2 status=ok attempts=0 mapped=469ms worker=6331ebc89130 lock_wait=0ms (2/7)
[result] 20261007_p075_s1_split-p0-s0 status=ok attempts=0 mapped=536ms worker=cfe6aa420e8d lock_wait=0ms (3/7)
[result] 20261007_p075_s1_split-p1 status=ok attempts=0 mapped=146ms worker=7832cce49622 lock_wait=0ms (4/7)
[result] 20261007_p075_s1_split-p2 status=ok attempts=0 mapped=162ms worker=6331ebc89130 lock_wait=0ms (5/7)
[result] 20261007_p075_s1_split-p0-s1 status=ok attempts=0 mapped=687ms worker=23b78ffaa58b lock_wait=0ms (6/7)
[result] 20261007_p075_s1_split-p3 status=ok attempts=0 mapped=161ms worker=cfe6aa420e8d lock_wait=0ms (7/7)
[merge] 合并完成 -> results/skew_subpartition_k4_20261007/work_dist_20261007_p075_s1_split/merged_delta.nq
[sh] /home/ztr/miniconda3/bin/python3 compute_stale_iris.py --stale-file results/skew_subpartition_k4_20261007/work_dist_20261007_p075_s1_split/stale/stop_times.txt --template http://transport.linkeddata.es/madrid/metro/stoptimes/{trip_id}-{stop_id}-{arrival_time} --output results/skew_subpartition_k4_20261007/work_dist_20261007_p075_s1_split/stale_iris.txt
[sh] /home/ztr/miniconda3/bin/python3 apply_delta_to_graph.py --baseline results/baseline_graph_urbanos.nq --stale-iris results/skew_subpartition_k4_20261007/work_dist_20261007_p075_s1_split/stale_iris.txt --delta results/skew_subpartition_k4_20261007/work_dist_20261007_p075_s1_split/merged_delta.nq --output results/skew_subpartition_k4_20261007/current_graph_check.nq

[done] 分布式增量更新完成: results/skew_subpartition_k4_20261007/current_graph_check.nq
[done] 端到端耗时 8.88s -> results/skew_subpartition_k4_20261007/time_distributed_20261007_p075_s1_split.log
[subpartition] verified delta p=075 seed=1
agency.txt: insert=0, update=0, stale(待删除旧行)=0
calendar.txt: insert=0, update=0, stale(待删除旧行)=0
calendar_dates.txt: insert=0, update=0, stale(待删除旧行)=0
[跳过] fare_attributes.txt（无对照文件或未配置主键，delta_dir中保留原样）
[跳过] fare_rules.txt（无对照文件或未配置主键，delta_dir中保留原样）
[跳过] feed_info.txt（无对照文件或未配置主键，delta_dir中保留原样）
frequencies.txt: insert=0, update=0, stale(待删除旧行)=0
routes.txt: insert=0, update=0, stale(待删除旧行)=0
shapes.txt: insert=0, update=0, stale(待删除旧行)=0
stop_times.txt: insert=9559, update=19118, stale(待删除旧行)=28677
stops.txt: insert=0, update=0, stale(待删除旧行)=0
trips.txt: insert=0, update=0, stale(待删除旧行)=0

delta_rows: 28677
[完成] delta写入 results/skew_subpartition_k4_20261007/work_dist_20261007_p100_s1_split/delta，stale写入 results/skew_subpartition_k4_20261007/work_dist_20261007_p100_s1_split/stale
[done] 写入 /home/ztr/KG/dist_work/20261007_p100_s1_split/partition_0/subpartition_0/mapping.ttl；替换了 1 处source路径
[done] 写入 /home/ztr/KG/dist_work/20261007_p100_s1_split/partition_0/subpartition_1/mapping.ttl；替换了 1 处source路径
[done] 写入 /home/ztr/KG/dist_work/20261007_p100_s1_split/partition_0/subpartition_2/mapping.ttl；替换了 1 处source路径
[done] 写入 /home/ztr/KG/dist_work/20261007_p100_s1_split/partition_0/subpartition_3/mapping.ttl；替换了 1 处source路径
[done] 写入 /home/ztr/KG/dist_work/20261007_p100_s1_split/partition_1/mapping.ttl；替换了 1 处source路径
[done] 写入 /home/ztr/KG/dist_work/20261007_p100_s1_split/partition_2/mapping.ttl；替换了 1 处source路径
[done] 写入 /home/ztr/KG/dist_work/20261007_p100_s1_split/partition_3/mapping.ttl；替换了 1 处source路径
[done] 28677 条待删除IRI写入 results/skew_subpartition_k4_20261007/work_dist_20261007_p100_s1_split/stale_iris.txt
baseline=3774001, removed(按subject)=172102, delta_added=172047, updated=3773946
[sh] /home/ztr/miniconda3/bin/python3 compute_delta.py --before data/urbanos_before --after data/urbanos_skew_k4_p100_s1 --delta-dir results/skew_subpartition_k4_20261007/work_dist_20261007_p100_s1_split/delta --stale-dir results/skew_subpartition_k4_20261007/work_dist_20261007_p100_s1_split/stale
[partition] k=4, 各分区行数=[28677, 0, 0, 0]
[sh] /home/ztr/miniconda3/bin/python3 normalize_mapping.py --mapping delta_mapping_base.ttl --data-dir /home/ztr/KG/dist_work/20261007_p100_s1_split/partition_0/subpartition_0 --output /home/ztr/KG/dist_work/20261007_p100_s1_split/partition_0/subpartition_0/mapping.ttl
[sh] /home/ztr/miniconda3/bin/python3 normalize_mapping.py --mapping delta_mapping_base.ttl --data-dir /home/ztr/KG/dist_work/20261007_p100_s1_split/partition_0/subpartition_1 --output /home/ztr/KG/dist_work/20261007_p100_s1_split/partition_0/subpartition_1/mapping.ttl
[sh] /home/ztr/miniconda3/bin/python3 normalize_mapping.py --mapping delta_mapping_base.ttl --data-dir /home/ztr/KG/dist_work/20261007_p100_s1_split/partition_0/subpartition_2 --output /home/ztr/KG/dist_work/20261007_p100_s1_split/partition_0/subpartition_2/mapping.ttl
[sh] /home/ztr/miniconda3/bin/python3 normalize_mapping.py --mapping delta_mapping_base.ttl --data-dir /home/ztr/KG/dist_work/20261007_p100_s1_split/partition_0/subpartition_3 --output /home/ztr/KG/dist_work/20261007_p100_s1_split/partition_0/subpartition_3/mapping.ttl
[sh] /home/ztr/miniconda3/bin/python3 normalize_mapping.py --mapping delta_mapping_base.ttl --data-dir /home/ztr/KG/dist_work/20261007_p100_s1_split/partition_1 --output /home/ztr/KG/dist_work/20261007_p100_s1_split/partition_1/mapping.ttl
[sh] /home/ztr/miniconda3/bin/python3 normalize_mapping.py --mapping delta_mapping_base.ttl --data-dir /home/ztr/KG/dist_work/20261007_p100_s1_split/partition_2 --output /home/ztr/KG/dist_work/20261007_p100_s1_split/partition_2/mapping.ttl
[sh] /home/ztr/miniconda3/bin/python3 normalize_mapping.py --mapping delta_mapping_base.ttl --data-dir /home/ztr/KG/dist_work/20261007_p100_s1_split/partition_3 --output /home/ztr/KG/dist_work/20261007_p100_s1_split/partition_3/mapping.ttl
[dispatch] 已推送7个任务到tasks:queue
[result] 20261007_p100_s1_split-p0-s3 status=ok attempts=0 mapped=517ms worker=cfe6aa420e8d lock_wait=0ms (1/7)
[result] 20261007_p100_s1_split-p1 status=ok attempts=0 mapped=0ms worker=cfe6aa420e8d lock_wait=0ms (2/7)
[result] 20261007_p100_s1_split-p2 status=ok attempts=0 mapped=0ms worker=cfe6aa420e8d lock_wait=0ms (3/7)
[result] 20261007_p100_s1_split-p3 status=ok attempts=0 mapped=0ms worker=cfe6aa420e8d lock_wait=0ms (4/7)
[result] 20261007_p100_s1_split-p0-s0 status=ok attempts=0 mapped=598ms worker=7832cce49622 lock_wait=0ms (5/7)
[result] 20261007_p100_s1_split-p0-s1 status=ok attempts=0 mapped=615ms worker=6331ebc89130 lock_wait=0ms (6/7)
[result] 20261007_p100_s1_split-p0-s2 status=ok attempts=0 mapped=666ms worker=23b78ffaa58b lock_wait=0ms (7/7)
[merge] 合并完成 -> results/skew_subpartition_k4_20261007/work_dist_20261007_p100_s1_split/merged_delta.nq
[sh] /home/ztr/miniconda3/bin/python3 compute_stale_iris.py --stale-file results/skew_subpartition_k4_20261007/work_dist_20261007_p100_s1_split/stale/stop_times.txt --template http://transport.linkeddata.es/madrid/metro/stoptimes/{trip_id}-{stop_id}-{arrival_time} --output results/skew_subpartition_k4_20261007/work_dist_20261007_p100_s1_split/stale_iris.txt
[sh] /home/ztr/miniconda3/bin/python3 apply_delta_to_graph.py --baseline results/baseline_graph_urbanos.nq --stale-iris results/skew_subpartition_k4_20261007/work_dist_20261007_p100_s1_split/stale_iris.txt --delta results/skew_subpartition_k4_20261007/work_dist_20261007_p100_s1_split/merged_delta.nq --output results/skew_subpartition_k4_20261007/current_graph_check.nq

[done] 分布式增量更新完成: results/skew_subpartition_k4_20261007/current_graph_check.nq
[done] 端到端耗时 9.46s -> results/skew_subpartition_k4_20261007/time_distributed_20261007_p100_s1_split.log
agency.txt: insert=0, update=0, stale(待删除旧行)=0
calendar.txt: insert=0, update=0, stale(待删除旧行)=0
calendar_dates.txt: insert=0, update=0, stale(待删除旧行)=0
[跳过] fare_attributes.txt（无对照文件或未配置主键，delta_dir中保留原样）
[跳过] fare_rules.txt（无对照文件或未配置主键，delta_dir中保留原样）
[跳过] feed_info.txt（无对照文件或未配置主键，delta_dir中保留原样）
frequencies.txt: insert=0, update=0, stale(待删除旧行)=0
routes.txt: insert=0, update=0, stale(待删除旧行)=0
shapes.txt: insert=0, update=0, stale(待删除旧行)=0
stop_times.txt: insert=9559, update=19118, stale(待删除旧行)=28677
stops.txt: insert=0, update=0, stale(待删除旧行)=0
trips.txt: insert=0, update=0, stale(待删除旧行)=0

delta_rows: 28677
[完成] delta写入 results/skew_subpartition_k4_20261007/work_dist_20261007_p100_s1_unsplit/delta，stale写入 results/skew_subpartition_k4_20261007/work_dist_20261007_p100_s1_unsplit/stale
[done] 写入 /home/ztr/KG/dist_work/20261007_p100_s1_unsplit/partition_0/mapping.ttl；替换了 1 处source路径
[done] 写入 /home/ztr/KG/dist_work/20261007_p100_s1_unsplit/partition_1/mapping.ttl；替换了 1 处source路径
[done] 写入 /home/ztr/KG/dist_work/20261007_p100_s1_unsplit/partition_2/mapping.ttl；替换了 1 处source路径
[done] 写入 /home/ztr/KG/dist_work/20261007_p100_s1_unsplit/partition_3/mapping.ttl；替换了 1 处source路径
[done] 28677 条待删除IRI写入 results/skew_subpartition_k4_20261007/work_dist_20261007_p100_s1_unsplit/stale_iris.txt
baseline=3774001, removed(按subject)=172102, delta_added=172047, updated=3773946
[sh] /home/ztr/miniconda3/bin/python3 compute_delta.py --before data/urbanos_before --after data/urbanos_skew_k4_p100_s1 --delta-dir results/skew_subpartition_k4_20261007/work_dist_20261007_p100_s1_unsplit/delta --stale-dir results/skew_subpartition_k4_20261007/work_dist_20261007_p100_s1_unsplit/stale
[partition] k=4, 各分区行数=[28677, 0, 0, 0]
[sh] /home/ztr/miniconda3/bin/python3 normalize_mapping.py --mapping delta_mapping_base.ttl --data-dir /home/ztr/KG/dist_work/20261007_p100_s1_unsplit/partition_0 --output /home/ztr/KG/dist_work/20261007_p100_s1_unsplit/partition_0/mapping.ttl
[sh] /home/ztr/miniconda3/bin/python3 normalize_mapping.py --mapping delta_mapping_base.ttl --data-dir /home/ztr/KG/dist_work/20261007_p100_s1_unsplit/partition_1 --output /home/ztr/KG/dist_work/20261007_p100_s1_unsplit/partition_1/mapping.ttl
[sh] /home/ztr/miniconda3/bin/python3 normalize_mapping.py --mapping delta_mapping_base.ttl --data-dir /home/ztr/KG/dist_work/20261007_p100_s1_unsplit/partition_2 --output /home/ztr/KG/dist_work/20261007_p100_s1_unsplit/partition_2/mapping.ttl
[sh] /home/ztr/miniconda3/bin/python3 normalize_mapping.py --mapping delta_mapping_base.ttl --data-dir /home/ztr/KG/dist_work/20261007_p100_s1_unsplit/partition_3 --output /home/ztr/KG/dist_work/20261007_p100_s1_unsplit/partition_3/mapping.ttl
[dispatch] 已推送4个任务到tasks:queue
[result] 20261007_p100_s1_unsplit-p1 status=ok attempts=0 mapped=0ms worker=7832cce49622 lock_wait=0ms (1/4)
[result] 20261007_p100_s1_unsplit-p2 status=ok attempts=0 mapped=0ms worker=6331ebc89130 lock_wait=0ms (2/4)
[result] 20261007_p100_s1_unsplit-p3 status=ok attempts=0 mapped=0ms worker=23b78ffaa58b lock_wait=0ms (3/4)
[result] 20261007_p100_s1_unsplit-p0 status=ok attempts=0 mapped=1838ms worker=cfe6aa420e8d lock_wait=0ms (4/4)
[merge] 合并完成 -> results/skew_subpartition_k4_20261007/work_dist_20261007_p100_s1_unsplit/merged_delta.nq
[sh] /home/ztr/miniconda3/bin/python3 compute_stale_iris.py --stale-file results/skew_subpartition_k4_20261007/work_dist_20261007_p100_s1_unsplit/stale/stop_times.txt --template http://transport.linkeddata.es/madrid/metro/stoptimes/{trip_id}-{stop_id}-{arrival_time} --output results/skew_subpartition_k4_20261007/work_dist_20261007_p100_s1_unsplit/stale_iris.txt
[sh] /home/ztr/miniconda3/bin/python3 apply_delta_to_graph.py --baseline results/baseline_graph_urbanos.nq --stale-iris results/skew_subpartition_k4_20261007/work_dist_20261007_p100_s1_unsplit/stale_iris.txt --delta results/skew_subpartition_k4_20261007/work_dist_20261007_p100_s1_unsplit/merged_delta.nq --output results/skew_subpartition_k4_20261007/current_graph_check.nq

[done] 分布式增量更新完成: results/skew_subpartition_k4_20261007/current_graph_check.nq
[done] 端到端耗时 9.84s -> results/skew_subpartition_k4_20261007/time_distributed_20261007_p100_s1_unsplit.log
[subpartition] verified delta p=100 seed=1
agency.txt: insert=0, update=0, stale(待删除旧行)=0
calendar.txt: insert=0, update=0, stale(待删除旧行)=0
calendar_dates.txt: insert=0, update=0, stale(待删除旧行)=0
[跳过] fare_attributes.txt（无对照文件或未配置主键，delta_dir中保留原样）
[跳过] fare_rules.txt（无对照文件或未配置主键，delta_dir中保留原样）
[跳过] feed_info.txt（无对照文件或未配置主键，delta_dir中保留原样）
frequencies.txt: insert=0, update=0, stale(待删除旧行)=0
routes.txt: insert=0, update=0, stale(待删除旧行)=0
shapes.txt: insert=0, update=0, stale(待删除旧行)=0
stop_times.txt: insert=9559, update=19118, stale(待删除旧行)=28677
stops.txt: insert=0, update=0, stale(待删除旧行)=0
trips.txt: insert=0, update=0, stale(待删除旧行)=0

delta_rows: 28677
[完成] delta写入 results/skew_subpartition_k4_20261007/work_dist_20261007_p025_s2_split/delta，stale写入 results/skew_subpartition_k4_20261007/work_dist_20261007_p025_s2_split/stale
[done] 写入 /home/ztr/KG/dist_work/20261007_p025_s2_split/partition_0/subpartition_0/mapping.ttl；替换了 1 处source路径
[done] 写入 /home/ztr/KG/dist_work/20261007_p025_s2_split/partition_0/subpartition_1/mapping.ttl；替换了 1 处source路径
[done] 写入 /home/ztr/KG/dist_work/20261007_p025_s2_split/partition_0/subpartition_2/mapping.ttl；替换了 1 处source路径
[done] 写入 /home/ztr/KG/dist_work/20261007_p025_s2_split/partition_0/subpartition_3/mapping.ttl；替换了 1 处source路径
[done] 写入 /home/ztr/KG/dist_work/20261007_p025_s2_split/partition_1/mapping.ttl；替换了 1 处source路径
[done] 写入 /home/ztr/KG/dist_work/20261007_p025_s2_split/partition_2/mapping.ttl；替换了 1 处source路径
[done] 写入 /home/ztr/KG/dist_work/20261007_p025_s2_split/partition_3/mapping.ttl；替换了 1 处source路径
[done] 28677 条待删除IRI写入 results/skew_subpartition_k4_20261007/work_dist_20261007_p025_s2_split/stale_iris.txt
baseline=3774001, removed(按subject)=172153, delta_added=172062, updated=3773910
[sh] /home/ztr/miniconda3/bin/python3 compute_delta.py --before data/urbanos_before --after data/urbanos_skew_k4_p025_s2 --delta-dir results/skew_subpartition_k4_20261007/work_dist_20261007_p025_s2_split/delta --stale-dir results/skew_subpartition_k4_20261007/work_dist_20261007_p025_s2_split/stale
[partition] k=4, 各分区行数=[12523, 5582, 5110, 5462]
[sh] /home/ztr/miniconda3/bin/python3 normalize_mapping.py --mapping delta_mapping_base.ttl --data-dir /home/ztr/KG/dist_work/20261007_p025_s2_split/partition_0/subpartition_0 --output /home/ztr/KG/dist_work/20261007_p025_s2_split/partition_0/subpartition_0/mapping.ttl
[sh] /home/ztr/miniconda3/bin/python3 normalize_mapping.py --mapping delta_mapping_base.ttl --data-dir /home/ztr/KG/dist_work/20261007_p025_s2_split/partition_0/subpartition_1 --output /home/ztr/KG/dist_work/20261007_p025_s2_split/partition_0/subpartition_1/mapping.ttl
[sh] /home/ztr/miniconda3/bin/python3 normalize_mapping.py --mapping delta_mapping_base.ttl --data-dir /home/ztr/KG/dist_work/20261007_p025_s2_split/partition_0/subpartition_2 --output /home/ztr/KG/dist_work/20261007_p025_s2_split/partition_0/subpartition_2/mapping.ttl
[sh] /home/ztr/miniconda3/bin/python3 normalize_mapping.py --mapping delta_mapping_base.ttl --data-dir /home/ztr/KG/dist_work/20261007_p025_s2_split/partition_0/subpartition_3 --output /home/ztr/KG/dist_work/20261007_p025_s2_split/partition_0/subpartition_3/mapping.ttl
[sh] /home/ztr/miniconda3/bin/python3 normalize_mapping.py --mapping delta_mapping_base.ttl --data-dir /home/ztr/KG/dist_work/20261007_p025_s2_split/partition_1 --output /home/ztr/KG/dist_work/20261007_p025_s2_split/partition_1/mapping.ttl
[sh] /home/ztr/miniconda3/bin/python3 normalize_mapping.py --mapping delta_mapping_base.ttl --data-dir /home/ztr/KG/dist_work/20261007_p025_s2_split/partition_2 --output /home/ztr/KG/dist_work/20261007_p025_s2_split/partition_2/mapping.ttl
[sh] /home/ztr/miniconda3/bin/python3 normalize_mapping.py --mapping delta_mapping_base.ttl --data-dir /home/ztr/KG/dist_work/20261007_p025_s2_split/partition_3 --output /home/ztr/KG/dist_work/20261007_p025_s2_split/partition_3/mapping.ttl
[dispatch] 已推送7个任务到tasks:queue
[result] 20261007_p025_s2_split-p0-s0 status=ok attempts=0 mapped=262ms worker=7832cce49622 lock_wait=0ms (1/7)
[result] 20261007_p025_s2_split-p0-s3 status=ok attempts=0 mapped=277ms worker=cfe6aa420e8d lock_wait=0ms (2/7)
[result] 20261007_p025_s2_split-p0-s2 status=ok attempts=0 mapped=323ms worker=23b78ffaa58b lock_wait=0ms (3/7)
[result] 20261007_p025_s2_split-p0-s1 status=ok attempts=0 mapped=364ms worker=6331ebc89130 lock_wait=0ms (4/7)
[result] 20261007_p025_s2_split-p2 status=ok attempts=0 mapped=389ms worker=cfe6aa420e8d lock_wait=0ms (5/7)
[result] 20261007_p025_s2_split-p3 status=ok attempts=0 mapped=404ms worker=23b78ffaa58b lock_wait=0ms (6/7)
[result] 20261007_p025_s2_split-p1 status=ok attempts=0 mapped=543ms worker=7832cce49622 lock_wait=0ms (7/7)
[merge] 合并完成 -> results/skew_subpartition_k4_20261007/work_dist_20261007_p025_s2_split/merged_delta.nq
[sh] /home/ztr/miniconda3/bin/python3 compute_stale_iris.py --stale-file results/skew_subpartition_k4_20261007/work_dist_20261007_p025_s2_split/stale/stop_times.txt --template http://transport.linkeddata.es/madrid/metro/stoptimes/{trip_id}-{stop_id}-{arrival_time} --output results/skew_subpartition_k4_20261007/work_dist_20261007_p025_s2_split/stale_iris.txt
[sh] /home/ztr/miniconda3/bin/python3 apply_delta_to_graph.py --baseline results/baseline_graph_urbanos.nq --stale-iris results/skew_subpartition_k4_20261007/work_dist_20261007_p025_s2_split/stale_iris.txt --delta results/skew_subpartition_k4_20261007/work_dist_20261007_p025_s2_split/merged_delta.nq --output results/skew_subpartition_k4_20261007/current_graph_check.nq

[done] 分布式增量更新完成: results/skew_subpartition_k4_20261007/current_graph_check.nq
[done] 端到端耗时 8.73s -> results/skew_subpartition_k4_20261007/time_distributed_20261007_p025_s2_split.log
agency.txt: insert=0, update=0, stale(待删除旧行)=0
calendar.txt: insert=0, update=0, stale(待删除旧行)=0
calendar_dates.txt: insert=0, update=0, stale(待删除旧行)=0
[跳过] fare_attributes.txt（无对照文件或未配置主键，delta_dir中保留原样）
[跳过] fare_rules.txt（无对照文件或未配置主键，delta_dir中保留原样）
[跳过] feed_info.txt（无对照文件或未配置主键，delta_dir中保留原样）
frequencies.txt: insert=0, update=0, stale(待删除旧行)=0
routes.txt: insert=0, update=0, stale(待删除旧行)=0
shapes.txt: insert=0, update=0, stale(待删除旧行)=0
stop_times.txt: insert=9559, update=19118, stale(待删除旧行)=28677
stops.txt: insert=0, update=0, stale(待删除旧行)=0
trips.txt: insert=0, update=0, stale(待删除旧行)=0

delta_rows: 28677
[完成] delta写入 results/skew_subpartition_k4_20261007/work_dist_20261007_p025_s2_unsplit/delta，stale写入 results/skew_subpartition_k4_20261007/work_dist_20261007_p025_s2_unsplit/stale
[done] 写入 /home/ztr/KG/dist_work/20261007_p025_s2_unsplit/partition_0/mapping.ttl；替换了 1 处source路径
[done] 写入 /home/ztr/KG/dist_work/20261007_p025_s2_unsplit/partition_1/mapping.ttl；替换了 1 处source路径
[done] 写入 /home/ztr/KG/dist_work/20261007_p025_s2_unsplit/partition_2/mapping.ttl；替换了 1 处source路径
[done] 写入 /home/ztr/KG/dist_work/20261007_p025_s2_unsplit/partition_3/mapping.ttl；替换了 1 处source路径
[done] 28677 条待删除IRI写入 results/skew_subpartition_k4_20261007/work_dist_20261007_p025_s2_unsplit/stale_iris.txt
baseline=3774001, removed(按subject)=172153, delta_added=172062, updated=3773910
[sh] /home/ztr/miniconda3/bin/python3 compute_delta.py --before data/urbanos_before --after data/urbanos_skew_k4_p025_s2 --delta-dir results/skew_subpartition_k4_20261007/work_dist_20261007_p025_s2_unsplit/delta --stale-dir results/skew_subpartition_k4_20261007/work_dist_20261007_p025_s2_unsplit/stale
[partition] k=4, 各分区行数=[12523, 5582, 5110, 5462]
[sh] /home/ztr/miniconda3/bin/python3 normalize_mapping.py --mapping delta_mapping_base.ttl --data-dir /home/ztr/KG/dist_work/20261007_p025_s2_unsplit/partition_0 --output /home/ztr/KG/dist_work/20261007_p025_s2_unsplit/partition_0/mapping.ttl
[sh] /home/ztr/miniconda3/bin/python3 normalize_mapping.py --mapping delta_mapping_base.ttl --data-dir /home/ztr/KG/dist_work/20261007_p025_s2_unsplit/partition_1 --output /home/ztr/KG/dist_work/20261007_p025_s2_unsplit/partition_1/mapping.ttl
[sh] /home/ztr/miniconda3/bin/python3 normalize_mapping.py --mapping delta_mapping_base.ttl --data-dir /home/ztr/KG/dist_work/20261007_p025_s2_unsplit/partition_2 --output /home/ztr/KG/dist_work/20261007_p025_s2_unsplit/partition_2/mapping.ttl
[sh] /home/ztr/miniconda3/bin/python3 normalize_mapping.py --mapping delta_mapping_base.ttl --data-dir /home/ztr/KG/dist_work/20261007_p025_s2_unsplit/partition_3 --output /home/ztr/KG/dist_work/20261007_p025_s2_unsplit/partition_3/mapping.ttl
[dispatch] 已推送4个任务到tasks:queue
[result] 20261007_p025_s2_unsplit-p2 status=ok attempts=0 mapped=396ms worker=23b78ffaa58b lock_wait=0ms (1/4)
[result] 20261007_p025_s2_unsplit-p1 status=ok attempts=0 mapped=521ms worker=cfe6aa420e8d lock_wait=0ms (2/4)
[result] 20261007_p025_s2_unsplit-p3 status=ok attempts=0 mapped=577ms worker=7832cce49622 lock_wait=0ms (3/4)
[result] 20261007_p025_s2_unsplit-p0 status=ok attempts=0 mapped=892ms worker=6331ebc89130 lock_wait=0ms (4/4)
[merge] 合并完成 -> results/skew_subpartition_k4_20261007/work_dist_20261007_p025_s2_unsplit/merged_delta.nq
[sh] /home/ztr/miniconda3/bin/python3 compute_stale_iris.py --stale-file results/skew_subpartition_k4_20261007/work_dist_20261007_p025_s2_unsplit/stale/stop_times.txt --template http://transport.linkeddata.es/madrid/metro/stoptimes/{trip_id}-{stop_id}-{arrival_time} --output results/skew_subpartition_k4_20261007/work_dist_20261007_p025_s2_unsplit/stale_iris.txt
[sh] /home/ztr/miniconda3/bin/python3 apply_delta_to_graph.py --baseline results/baseline_graph_urbanos.nq --stale-iris results/skew_subpartition_k4_20261007/work_dist_20261007_p025_s2_unsplit/stale_iris.txt --delta results/skew_subpartition_k4_20261007/work_dist_20261007_p025_s2_unsplit/merged_delta.nq --output results/skew_subpartition_k4_20261007/current_graph_check.nq

[done] 分布式增量更新完成: results/skew_subpartition_k4_20261007/current_graph_check.nq
[done] 端到端耗时 8.66s -> results/skew_subpartition_k4_20261007/time_distributed_20261007_p025_s2_unsplit.log
[subpartition] verified delta p=025 seed=2
agency.txt: insert=0, update=0, stale(待删除旧行)=0
calendar.txt: insert=0, update=0, stale(待删除旧行)=0
calendar_dates.txt: insert=0, update=0, stale(待删除旧行)=0
[跳过] fare_attributes.txt（无对照文件或未配置主键，delta_dir中保留原样）
[跳过] fare_rules.txt（无对照文件或未配置主键，delta_dir中保留原样）
[跳过] feed_info.txt（无对照文件或未配置主键，delta_dir中保留原样）
frequencies.txt: insert=0, update=0, stale(待删除旧行)=0
routes.txt: insert=0, update=0, stale(待删除旧行)=0
shapes.txt: insert=0, update=0, stale(待删除旧行)=0
stop_times.txt: insert=9559, update=19118, stale(待删除旧行)=28677
stops.txt: insert=0, update=0, stale(待删除旧行)=0
trips.txt: insert=0, update=0, stale(待删除旧行)=0

delta_rows: 28677
[完成] delta写入 results/skew_subpartition_k4_20261007/work_dist_20261007_p050_s2_unsplit/delta，stale写入 results/skew_subpartition_k4_20261007/work_dist_20261007_p050_s2_unsplit/stale
[done] 写入 /home/ztr/KG/dist_work/20261007_p050_s2_unsplit/partition_0/mapping.ttl；替换了 1 处source路径
[done] 写入 /home/ztr/KG/dist_work/20261007_p050_s2_unsplit/partition_1/mapping.ttl；替换了 1 处source路径
[done] 写入 /home/ztr/KG/dist_work/20261007_p050_s2_unsplit/partition_2/mapping.ttl；替换了 1 处source路径
[done] 写入 /home/ztr/KG/dist_work/20261007_p050_s2_unsplit/partition_3/mapping.ttl；替换了 1 处source路径
[done] 28677 条待删除IRI写入 results/skew_subpartition_k4_20261007/work_dist_20261007_p050_s2_unsplit/stale_iris.txt
baseline=3774001, removed(按subject)=172131, delta_added=172062, updated=3773932
[sh] /home/ztr/miniconda3/bin/python3 compute_delta.py --before data/urbanos_before --after data/urbanos_skew_k4_p050_s2 --delta-dir results/skew_subpartition_k4_20261007/work_dist_20261007_p050_s2_unsplit/delta --stale-dir results/skew_subpartition_k4_20261007/work_dist_20261007_p050_s2_unsplit/stale
[partition] k=4, 各分区行数=[17814, 3662, 3537, 3664]
[sh] /home/ztr/miniconda3/bin/python3 normalize_mapping.py --mapping delta_mapping_base.ttl --data-dir /home/ztr/KG/dist_work/20261007_p050_s2_unsplit/partition_0 --output /home/ztr/KG/dist_work/20261007_p050_s2_unsplit/partition_0/mapping.ttl
[sh] /home/ztr/miniconda3/bin/python3 normalize_mapping.py --mapping delta_mapping_base.ttl --data-dir /home/ztr/KG/dist_work/20261007_p050_s2_unsplit/partition_1 --output /home/ztr/KG/dist_work/20261007_p050_s2_unsplit/partition_1/mapping.ttl
[sh] /home/ztr/miniconda3/bin/python3 normalize_mapping.py --mapping delta_mapping_base.ttl --data-dir /home/ztr/KG/dist_work/20261007_p050_s2_unsplit/partition_2 --output /home/ztr/KG/dist_work/20261007_p050_s2_unsplit/partition_2/mapping.ttl
[sh] /home/ztr/miniconda3/bin/python3 normalize_mapping.py --mapping delta_mapping_base.ttl --data-dir /home/ztr/KG/dist_work/20261007_p050_s2_unsplit/partition_3 --output /home/ztr/KG/dist_work/20261007_p050_s2_unsplit/partition_3/mapping.ttl
[dispatch] 已推送4个任务到tasks:queue
[result] 20261007_p050_s2_unsplit-p3 status=ok attempts=0 mapped=294ms worker=6331ebc89130 lock_wait=0ms (1/4)
[result] 20261007_p050_s2_unsplit-p1 status=ok attempts=0 mapped=351ms worker=cfe6aa420e8d lock_wait=0ms (2/4)
[result] 20261007_p050_s2_unsplit-p2 status=ok attempts=0 mapped=362ms worker=7832cce49622 lock_wait=0ms (3/4)
[result] 20261007_p050_s2_unsplit-p0 status=ok attempts=0 mapped=1171ms worker=23b78ffaa58b lock_wait=0ms (4/4)
[merge] 合并完成 -> results/skew_subpartition_k4_20261007/work_dist_20261007_p050_s2_unsplit/merged_delta.nq
[sh] /home/ztr/miniconda3/bin/python3 compute_stale_iris.py --stale-file results/skew_subpartition_k4_20261007/work_dist_20261007_p050_s2_unsplit/stale/stop_times.txt --template http://transport.linkeddata.es/madrid/metro/stoptimes/{trip_id}-{stop_id}-{arrival_time} --output results/skew_subpartition_k4_20261007/work_dist_20261007_p050_s2_unsplit/stale_iris.txt
[sh] /home/ztr/miniconda3/bin/python3 apply_delta_to_graph.py --baseline results/baseline_graph_urbanos.nq --stale-iris results/skew_subpartition_k4_20261007/work_dist_20261007_p050_s2_unsplit/stale_iris.txt --delta results/skew_subpartition_k4_20261007/work_dist_20261007_p050_s2_unsplit/merged_delta.nq --output results/skew_subpartition_k4_20261007/current_graph_check.nq

[done] 分布式增量更新完成: results/skew_subpartition_k4_20261007/current_graph_check.nq
[done] 端到端耗时 10.18s -> results/skew_subpartition_k4_20261007/time_distributed_20261007_p050_s2_unsplit.log
agency.txt: insert=0, update=0, stale(待删除旧行)=0
calendar.txt: insert=0, update=0, stale(待删除旧行)=0
calendar_dates.txt: insert=0, update=0, stale(待删除旧行)=0
[跳过] fare_attributes.txt（无对照文件或未配置主键，delta_dir中保留原样）
[跳过] fare_rules.txt（无对照文件或未配置主键，delta_dir中保留原样）
[跳过] feed_info.txt（无对照文件或未配置主键，delta_dir中保留原样）
frequencies.txt: insert=0, update=0, stale(待删除旧行)=0
routes.txt: insert=0, update=0, stale(待删除旧行)=0
shapes.txt: insert=0, update=0, stale(待删除旧行)=0
stop_times.txt: insert=9559, update=19118, stale(待删除旧行)=28677
stops.txt: insert=0, update=0, stale(待删除旧行)=0
trips.txt: insert=0, update=0, stale(待删除旧行)=0

delta_rows: 28677
[完成] delta写入 results/skew_subpartition_k4_20261007/work_dist_20261007_p050_s2_split/delta，stale写入 results/skew_subpartition_k4_20261007/work_dist_20261007_p050_s2_split/stale
[done] 写入 /home/ztr/KG/dist_work/20261007_p050_s2_split/partition_0/subpartition_0/mapping.ttl；替换了 1 处source路径
[done] 写入 /home/ztr/KG/dist_work/20261007_p050_s2_split/partition_0/subpartition_1/mapping.ttl；替换了 1 处source路径
[done] 写入 /home/ztr/KG/dist_work/20261007_p050_s2_split/partition_0/subpartition_2/mapping.ttl；替换了 1 处source路径
[done] 写入 /home/ztr/KG/dist_work/20261007_p050_s2_split/partition_0/subpartition_3/mapping.ttl；替换了 1 处source路径
[done] 写入 /home/ztr/KG/dist_work/20261007_p050_s2_split/partition_1/mapping.ttl；替换了 1 处source路径
[done] 写入 /home/ztr/KG/dist_work/20261007_p050_s2_split/partition_2/mapping.ttl；替换了 1 处source路径
[done] 写入 /home/ztr/KG/dist_work/20261007_p050_s2_split/partition_3/mapping.ttl；替换了 1 处source路径
[done] 28677 条待删除IRI写入 results/skew_subpartition_k4_20261007/work_dist_20261007_p050_s2_split/stale_iris.txt
baseline=3774001, removed(按subject)=172131, delta_added=172062, updated=3773932
[sh] /home/ztr/miniconda3/bin/python3 compute_delta.py --before data/urbanos_before --after data/urbanos_skew_k4_p050_s2 --delta-dir results/skew_subpartition_k4_20261007/work_dist_20261007_p050_s2_split/delta --stale-dir results/skew_subpartition_k4_20261007/work_dist_20261007_p050_s2_split/stale
[partition] k=4, 各分区行数=[17814, 3662, 3537, 3664]
[sh] /home/ztr/miniconda3/bin/python3 normalize_mapping.py --mapping delta_mapping_base.ttl --data-dir /home/ztr/KG/dist_work/20261007_p050_s2_split/partition_0/subpartition_0 --output /home/ztr/KG/dist_work/20261007_p050_s2_split/partition_0/subpartition_0/mapping.ttl
[sh] /home/ztr/miniconda3/bin/python3 normalize_mapping.py --mapping delta_mapping_base.ttl --data-dir /home/ztr/KG/dist_work/20261007_p050_s2_split/partition_0/subpartition_1 --output /home/ztr/KG/dist_work/20261007_p050_s2_split/partition_0/subpartition_1/mapping.ttl
[sh] /home/ztr/miniconda3/bin/python3 normalize_mapping.py --mapping delta_mapping_base.ttl --data-dir /home/ztr/KG/dist_work/20261007_p050_s2_split/partition_0/subpartition_2 --output /home/ztr/KG/dist_work/20261007_p050_s2_split/partition_0/subpartition_2/mapping.ttl
[sh] /home/ztr/miniconda3/bin/python3 normalize_mapping.py --mapping delta_mapping_base.ttl --data-dir /home/ztr/KG/dist_work/20261007_p050_s2_split/partition_0/subpartition_3 --output /home/ztr/KG/dist_work/20261007_p050_s2_split/partition_0/subpartition_3/mapping.ttl
[sh] /home/ztr/miniconda3/bin/python3 normalize_mapping.py --mapping delta_mapping_base.ttl --data-dir /home/ztr/KG/dist_work/20261007_p050_s2_split/partition_1 --output /home/ztr/KG/dist_work/20261007_p050_s2_split/partition_1/mapping.ttl
[sh] /home/ztr/miniconda3/bin/python3 normalize_mapping.py --mapping delta_mapping_base.ttl --data-dir /home/ztr/KG/dist_work/20261007_p050_s2_split/partition_2 --output /home/ztr/KG/dist_work/20261007_p050_s2_split/partition_2/mapping.ttl
[sh] /home/ztr/miniconda3/bin/python3 normalize_mapping.py --mapping delta_mapping_base.ttl --data-dir /home/ztr/KG/dist_work/20261007_p050_s2_split/partition_3 --output /home/ztr/KG/dist_work/20261007_p050_s2_split/partition_3/mapping.ttl
[dispatch] 已推送7个任务到tasks:queue
[result] 20261007_p050_s2_split-p0-s2 status=ok attempts=0 mapped=289ms worker=7832cce49622 lock_wait=0ms (1/7)
[result] 20261007_p050_s2_split-p0-s3 status=ok attempts=0 mapped=319ms worker=23b78ffaa58b lock_wait=0ms (2/7)
[result] 20261007_p050_s2_split-p0-s0 status=ok attempts=0 mapped=389ms worker=6331ebc89130 lock_wait=0ms (3/7)
[result] 20261007_p050_s2_split-p0-s1 status=ok attempts=0 mapped=404ms worker=cfe6aa420e8d lock_wait=0ms (4/7)
[result] 20261007_p050_s2_split-p1 status=ok attempts=0 mapped=323ms worker=7832cce49622 lock_wait=0ms (5/7)
[result] 20261007_p050_s2_split-p3 status=ok attempts=0 mapped=265ms worker=6331ebc89130 lock_wait=0ms (6/7)
[result] 20261007_p050_s2_split-p2 status=ok attempts=0 mapped=337ms worker=23b78ffaa58b lock_wait=0ms (7/7)
[merge] 合并完成 -> results/skew_subpartition_k4_20261007/work_dist_20261007_p050_s2_split/merged_delta.nq
[sh] /home/ztr/miniconda3/bin/python3 compute_stale_iris.py --stale-file results/skew_subpartition_k4_20261007/work_dist_20261007_p050_s2_split/stale/stop_times.txt --template http://transport.linkeddata.es/madrid/metro/stoptimes/{trip_id}-{stop_id}-{arrival_time} --output results/skew_subpartition_k4_20261007/work_dist_20261007_p050_s2_split/stale_iris.txt
[sh] /home/ztr/miniconda3/bin/python3 apply_delta_to_graph.py --baseline results/baseline_graph_urbanos.nq --stale-iris results/skew_subpartition_k4_20261007/work_dist_20261007_p050_s2_split/stale_iris.txt --delta results/skew_subpartition_k4_20261007/work_dist_20261007_p050_s2_split/merged_delta.nq --output results/skew_subpartition_k4_20261007/current_graph_check.nq

[done] 分布式增量更新完成: results/skew_subpartition_k4_20261007/current_graph_check.nq
[done] 端到端耗时 8.71s -> results/skew_subpartition_k4_20261007/time_distributed_20261007_p050_s2_split.log
[subpartition] verified delta p=050 seed=2
agency.txt: insert=0, update=0, stale(待删除旧行)=0
calendar.txt: insert=0, update=0, stale(待删除旧行)=0
calendar_dates.txt: insert=0, update=0, stale(待删除旧行)=0
[跳过] fare_attributes.txt（无对照文件或未配置主键，delta_dir中保留原样）
[跳过] fare_rules.txt（无对照文件或未配置主键，delta_dir中保留原样）
[跳过] feed_info.txt（无对照文件或未配置主键，delta_dir中保留原样）
frequencies.txt: insert=0, update=0, stale(待删除旧行)=0
routes.txt: insert=0, update=0, stale(待删除旧行)=0
shapes.txt: insert=0, update=0, stale(待删除旧行)=0
stop_times.txt: insert=9559, update=19118, stale(待删除旧行)=28677
stops.txt: insert=0, update=0, stale(待删除旧行)=0
trips.txt: insert=0, update=0, stale(待删除旧行)=0

delta_rows: 28677
[完成] delta写入 results/skew_subpartition_k4_20261007/work_dist_20261007_p075_s2_split/delta，stale写入 results/skew_subpartition_k4_20261007/work_dist_20261007_p075_s2_split/stale
[done] 写入 /home/ztr/KG/dist_work/20261007_p075_s2_split/partition_0/subpartition_0/mapping.ttl；替换了 1 处source路径
[done] 写入 /home/ztr/KG/dist_work/20261007_p075_s2_split/partition_0/subpartition_1/mapping.ttl；替换了 1 处source路径
[done] 写入 /home/ztr/KG/dist_work/20261007_p075_s2_split/partition_0/subpartition_2/mapping.ttl；替换了 1 处source路径
[done] 写入 /home/ztr/KG/dist_work/20261007_p075_s2_split/partition_0/subpartition_3/mapping.ttl；替换了 1 处source路径
[done] 写入 /home/ztr/KG/dist_work/20261007_p075_s2_split/partition_1/mapping.ttl；替换了 1 处source路径
[done] 写入 /home/ztr/KG/dist_work/20261007_p075_s2_split/partition_2/mapping.ttl；替换了 1 处source路径
[done] 写入 /home/ztr/KG/dist_work/20261007_p075_s2_split/partition_3/mapping.ttl；替换了 1 处source路径
[done] 28677 条待删除IRI写入 results/skew_subpartition_k4_20261007/work_dist_20261007_p075_s2_split/stale_iris.txt
baseline=3774001, removed(按subject)=172106, delta_added=172052, updated=3773947
[sh] /home/ztr/miniconda3/bin/python3 compute_delta.py --before data/urbanos_before --after data/urbanos_skew_k4_p075_s2 --delta-dir results/skew_subpartition_k4_20261007/work_dist_20261007_p075_s2_split/delta --stale-dir results/skew_subpartition_k4_20261007/work_dist_20261007_p075_s2_split/stale
[partition] k=4, 各分区行数=[23178, 1847, 1774, 1878]
[sh] /home/ztr/miniconda3/bin/python3 normalize_mapping.py --mapping delta_mapping_base.ttl --data-dir /home/ztr/KG/dist_work/20261007_p075_s2_split/partition_0/subpartition_0 --output /home/ztr/KG/dist_work/20261007_p075_s2_split/partition_0/subpartition_0/mapping.ttl
[sh] /home/ztr/miniconda3/bin/python3 normalize_mapping.py --mapping delta_mapping_base.ttl --data-dir /home/ztr/KG/dist_work/20261007_p075_s2_split/partition_0/subpartition_1 --output /home/ztr/KG/dist_work/20261007_p075_s2_split/partition_0/subpartition_1/mapping.ttl
[sh] /home/ztr/miniconda3/bin/python3 normalize_mapping.py --mapping delta_mapping_base.ttl --data-dir /home/ztr/KG/dist_work/20261007_p075_s2_split/partition_0/subpartition_2 --output /home/ztr/KG/dist_work/20261007_p075_s2_split/partition_0/subpartition_2/mapping.ttl
[sh] /home/ztr/miniconda3/bin/python3 normalize_mapping.py --mapping delta_mapping_base.ttl --data-dir /home/ztr/KG/dist_work/20261007_p075_s2_split/partition_0/subpartition_3 --output /home/ztr/KG/dist_work/20261007_p075_s2_split/partition_0/subpartition_3/mapping.ttl
[sh] /home/ztr/miniconda3/bin/python3 normalize_mapping.py --mapping delta_mapping_base.ttl --data-dir /home/ztr/KG/dist_work/20261007_p075_s2_split/partition_1 --output /home/ztr/KG/dist_work/20261007_p075_s2_split/partition_1/mapping.ttl
[sh] /home/ztr/miniconda3/bin/python3 normalize_mapping.py --mapping delta_mapping_base.ttl --data-dir /home/ztr/KG/dist_work/20261007_p075_s2_split/partition_2 --output /home/ztr/KG/dist_work/20261007_p075_s2_split/partition_2/mapping.ttl
[sh] /home/ztr/miniconda3/bin/python3 normalize_mapping.py --mapping delta_mapping_base.ttl --data-dir /home/ztr/KG/dist_work/20261007_p075_s2_split/partition_3 --output /home/ztr/KG/dist_work/20261007_p075_s2_split/partition_3/mapping.ttl
[dispatch] 已推送7个任务到tasks:queue
[result] 20261007_p075_s2_split-p0-s3 status=ok attempts=0 mapped=436ms worker=23b78ffaa58b lock_wait=0ms (1/7)
[result] 20261007_p075_s2_split-p0-s0 status=ok attempts=0 mapped=450ms worker=cfe6aa420e8d lock_wait=0ms (2/7)
[result] 20261007_p075_s2_split-p0-s1 status=ok attempts=0 mapped=480ms worker=7832cce49622 lock_wait=0ms (3/7)
[result] 20261007_p075_s2_split-p0-s2 status=ok attempts=0 mapped=504ms worker=6331ebc89130 lock_wait=0ms (4/7)
[result] 20261007_p075_s2_split-p2 status=ok attempts=0 mapped=210ms worker=cfe6aa420e8d lock_wait=0ms (5/7)
[result] 20261007_p075_s2_split-p1 status=ok attempts=0 mapped=243ms worker=23b78ffaa58b lock_wait=0ms (6/7)
[result] 20261007_p075_s2_split-p3 status=ok attempts=0 mapped=212ms worker=7832cce49622 lock_wait=0ms (7/7)
[merge] 合并完成 -> results/skew_subpartition_k4_20261007/work_dist_20261007_p075_s2_split/merged_delta.nq
[sh] /home/ztr/miniconda3/bin/python3 compute_stale_iris.py --stale-file results/skew_subpartition_k4_20261007/work_dist_20261007_p075_s2_split/stale/stop_times.txt --template http://transport.linkeddata.es/madrid/metro/stoptimes/{trip_id}-{stop_id}-{arrival_time} --output results/skew_subpartition_k4_20261007/work_dist_20261007_p075_s2_split/stale_iris.txt
[sh] /home/ztr/miniconda3/bin/python3 apply_delta_to_graph.py --baseline results/baseline_graph_urbanos.nq --stale-iris results/skew_subpartition_k4_20261007/work_dist_20261007_p075_s2_split/stale_iris.txt --delta results/skew_subpartition_k4_20261007/work_dist_20261007_p075_s2_split/merged_delta.nq --output results/skew_subpartition_k4_20261007/current_graph_check.nq

[done] 分布式增量更新完成: results/skew_subpartition_k4_20261007/current_graph_check.nq
[done] 端到端耗时 8.74s -> results/skew_subpartition_k4_20261007/time_distributed_20261007_p075_s2_split.log
agency.txt: insert=0, update=0, stale(待删除旧行)=0
calendar.txt: insert=0, update=0, stale(待删除旧行)=0
calendar_dates.txt: insert=0, update=0, stale(待删除旧行)=0
[跳过] fare_attributes.txt（无对照文件或未配置主键，delta_dir中保留原样）
[跳过] fare_rules.txt（无对照文件或未配置主键，delta_dir中保留原样）
[跳过] feed_info.txt（无对照文件或未配置主键，delta_dir中保留原样）
frequencies.txt: insert=0, update=0, stale(待删除旧行)=0
routes.txt: insert=0, update=0, stale(待删除旧行)=0
shapes.txt: insert=0, update=0, stale(待删除旧行)=0
stop_times.txt: insert=9559, update=19118, stale(待删除旧行)=28677
stops.txt: insert=0, update=0, stale(待删除旧行)=0
trips.txt: insert=0, update=0, stale(待删除旧行)=0

delta_rows: 28677
[完成] delta写入 results/skew_subpartition_k4_20261007/work_dist_20261007_p075_s2_unsplit/delta，stale写入 results/skew_subpartition_k4_20261007/work_dist_20261007_p075_s2_unsplit/stale
[done] 写入 /home/ztr/KG/dist_work/20261007_p075_s2_unsplit/partition_0/mapping.ttl；替换了 1 处source路径
[done] 写入 /home/ztr/KG/dist_work/20261007_p075_s2_unsplit/partition_1/mapping.ttl；替换了 1 处source路径
[done] 写入 /home/ztr/KG/dist_work/20261007_p075_s2_unsplit/partition_2/mapping.ttl；替换了 1 处source路径
[done] 写入 /home/ztr/KG/dist_work/20261007_p075_s2_unsplit/partition_3/mapping.ttl；替换了 1 处source路径
[done] 28677 条待删除IRI写入 results/skew_subpartition_k4_20261007/work_dist_20261007_p075_s2_unsplit/stale_iris.txt
baseline=3774001, removed(按subject)=172106, delta_added=172052, updated=3773947
[sh] /home/ztr/miniconda3/bin/python3 compute_delta.py --before data/urbanos_before --after data/urbanos_skew_k4_p075_s2 --delta-dir results/skew_subpartition_k4_20261007/work_dist_20261007_p075_s2_unsplit/delta --stale-dir results/skew_subpartition_k4_20261007/work_dist_20261007_p075_s2_unsplit/stale
[partition] k=4, 各分区行数=[23178, 1847, 1774, 1878]
[sh] /home/ztr/miniconda3/bin/python3 normalize_mapping.py --mapping delta_mapping_base.ttl --data-dir /home/ztr/KG/dist_work/20261007_p075_s2_unsplit/partition_0 --output /home/ztr/KG/dist_work/20261007_p075_s2_unsplit/partition_0/mapping.ttl
[sh] /home/ztr/miniconda3/bin/python3 normalize_mapping.py --mapping delta_mapping_base.ttl --data-dir /home/ztr/KG/dist_work/20261007_p075_s2_unsplit/partition_1 --output /home/ztr/KG/dist_work/20261007_p075_s2_unsplit/partition_1/mapping.ttl
[sh] /home/ztr/miniconda3/bin/python3 normalize_mapping.py --mapping delta_mapping_base.ttl --data-dir /home/ztr/KG/dist_work/20261007_p075_s2_unsplit/partition_2 --output /home/ztr/KG/dist_work/20261007_p075_s2_unsplit/partition_2/mapping.ttl
[sh] /home/ztr/miniconda3/bin/python3 normalize_mapping.py --mapping delta_mapping_base.ttl --data-dir /home/ztr/KG/dist_work/20261007_p075_s2_unsplit/partition_3 --output /home/ztr/KG/dist_work/20261007_p075_s2_unsplit/partition_3/mapping.ttl
[dispatch] 已推送4个任务到tasks:queue
[result] 20261007_p075_s2_unsplit-p3 status=ok attempts=0 mapped=175ms worker=7832cce49622 lock_wait=0ms (1/4)
[result] 20261007_p075_s2_unsplit-p1 status=ok attempts=0 mapped=178ms worker=cfe6aa420e8d lock_wait=0ms (2/4)
[result] 20261007_p075_s2_unsplit-p2 status=ok attempts=0 mapped=245ms worker=23b78ffaa58b lock_wait=0ms (3/4)
[result] 20261007_p075_s2_unsplit-p0 status=ok attempts=0 mapped=1566ms worker=6331ebc89130 lock_wait=0ms (4/4)
[merge] 合并完成 -> results/skew_subpartition_k4_20261007/work_dist_20261007_p075_s2_unsplit/merged_delta.nq
[sh] /home/ztr/miniconda3/bin/python3 compute_stale_iris.py --stale-file results/skew_subpartition_k4_20261007/work_dist_20261007_p075_s2_unsplit/stale/stop_times.txt --template http://transport.linkeddata.es/madrid/metro/stoptimes/{trip_id}-{stop_id}-{arrival_time} --output results/skew_subpartition_k4_20261007/work_dist_20261007_p075_s2_unsplit/stale_iris.txt
[sh] /home/ztr/miniconda3/bin/python3 apply_delta_to_graph.py --baseline results/baseline_graph_urbanos.nq --stale-iris results/skew_subpartition_k4_20261007/work_dist_20261007_p075_s2_unsplit/stale_iris.txt --delta results/skew_subpartition_k4_20261007/work_dist_20261007_p075_s2_unsplit/merged_delta.nq --output results/skew_subpartition_k4_20261007/current_graph_check.nq

[done] 分布式增量更新完成: results/skew_subpartition_k4_20261007/current_graph_check.nq
[done] 端到端耗时 10.20s -> results/skew_subpartition_k4_20261007/time_distributed_20261007_p075_s2_unsplit.log
[subpartition] verified delta p=075 seed=2
agency.txt: insert=0, update=0, stale(待删除旧行)=0
calendar.txt: insert=0, update=0, stale(待删除旧行)=0
calendar_dates.txt: insert=0, update=0, stale(待删除旧行)=0
[跳过] fare_attributes.txt（无对照文件或未配置主键，delta_dir中保留原样）
[跳过] fare_rules.txt（无对照文件或未配置主键，delta_dir中保留原样）
[跳过] feed_info.txt（无对照文件或未配置主键，delta_dir中保留原样）
frequencies.txt: insert=0, update=0, stale(待删除旧行)=0
routes.txt: insert=0, update=0, stale(待删除旧行)=0
shapes.txt: insert=0, update=0, stale(待删除旧行)=0
stop_times.txt: insert=9559, update=19118, stale(待删除旧行)=28677
stops.txt: insert=0, update=0, stale(待删除旧行)=0
trips.txt: insert=0, update=0, stale(待删除旧行)=0

delta_rows: 28677
[完成] delta写入 results/skew_subpartition_k4_20261007/work_dist_20261007_p100_s2_unsplit/delta，stale写入 results/skew_subpartition_k4_20261007/work_dist_20261007_p100_s2_unsplit/stale
[done] 写入 /home/ztr/KG/dist_work/20261007_p100_s2_unsplit/partition_0/mapping.ttl；替换了 1 处source路径
[done] 写入 /home/ztr/KG/dist_work/20261007_p100_s2_unsplit/partition_1/mapping.ttl；替换了 1 处source路径
[done] 写入 /home/ztr/KG/dist_work/20261007_p100_s2_unsplit/partition_2/mapping.ttl；替换了 1 处source路径
[done] 写入 /home/ztr/KG/dist_work/20261007_p100_s2_unsplit/partition_3/mapping.ttl；替换了 1 处source路径
[done] 28677 条待删除IRI写入 results/skew_subpartition_k4_20261007/work_dist_20261007_p100_s2_unsplit/stale_iris.txt
baseline=3774001, removed(按subject)=172105, delta_added=172052, updated=3773948
[sh] /home/ztr/miniconda3/bin/python3 compute_delta.py --before data/urbanos_before --after data/urbanos_skew_k4_p100_s2 --delta-dir results/skew_subpartition_k4_20261007/work_dist_20261007_p100_s2_unsplit/delta --stale-dir results/skew_subpartition_k4_20261007/work_dist_20261007_p100_s2_unsplit/stale
[partition] k=4, 各分区行数=[28677, 0, 0, 0]
[sh] /home/ztr/miniconda3/bin/python3 normalize_mapping.py --mapping delta_mapping_base.ttl --data-dir /home/ztr/KG/dist_work/20261007_p100_s2_unsplit/partition_0 --output /home/ztr/KG/dist_work/20261007_p100_s2_unsplit/partition_0/mapping.ttl
[sh] /home/ztr/miniconda3/bin/python3 normalize_mapping.py --mapping delta_mapping_base.ttl --data-dir /home/ztr/KG/dist_work/20261007_p100_s2_unsplit/partition_1 --output /home/ztr/KG/dist_work/20261007_p100_s2_unsplit/partition_1/mapping.ttl
[sh] /home/ztr/miniconda3/bin/python3 normalize_mapping.py --mapping delta_mapping_base.ttl --data-dir /home/ztr/KG/dist_work/20261007_p100_s2_unsplit/partition_2 --output /home/ztr/KG/dist_work/20261007_p100_s2_unsplit/partition_2/mapping.ttl
[sh] /home/ztr/miniconda3/bin/python3 normalize_mapping.py --mapping delta_mapping_base.ttl --data-dir /home/ztr/KG/dist_work/20261007_p100_s2_unsplit/partition_3 --output /home/ztr/KG/dist_work/20261007_p100_s2_unsplit/partition_3/mapping.ttl
[dispatch] 已推送4个任务到tasks:queue
[result] 20261007_p100_s2_unsplit-p1 status=ok attempts=0 mapped=0ms worker=cfe6aa420e8d lock_wait=0ms (1/4)
[result] 20261007_p100_s2_unsplit-p2 status=ok attempts=0 mapped=0ms worker=23b78ffaa58b lock_wait=0ms (2/4)
[result] 20261007_p100_s2_unsplit-p3 status=ok attempts=0 mapped=0ms worker=6331ebc89130 lock_wait=0ms (3/4)
[result] 20261007_p100_s2_unsplit-p0 status=ok attempts=0 mapped=1895ms worker=7832cce49622 lock_wait=0ms (4/4)
[merge] 合并完成 -> results/skew_subpartition_k4_20261007/work_dist_20261007_p100_s2_unsplit/merged_delta.nq
[sh] /home/ztr/miniconda3/bin/python3 compute_stale_iris.py --stale-file results/skew_subpartition_k4_20261007/work_dist_20261007_p100_s2_unsplit/stale/stop_times.txt --template http://transport.linkeddata.es/madrid/metro/stoptimes/{trip_id}-{stop_id}-{arrival_time} --output results/skew_subpartition_k4_20261007/work_dist_20261007_p100_s2_unsplit/stale_iris.txt
[sh] /home/ztr/miniconda3/bin/python3 apply_delta_to_graph.py --baseline results/baseline_graph_urbanos.nq --stale-iris results/skew_subpartition_k4_20261007/work_dist_20261007_p100_s2_unsplit/stale_iris.txt --delta results/skew_subpartition_k4_20261007/work_dist_20261007_p100_s2_unsplit/merged_delta.nq --output results/skew_subpartition_k4_20261007/current_graph_check.nq

[done] 分布式增量更新完成: results/skew_subpartition_k4_20261007/current_graph_check.nq
[done] 端到端耗时 10.02s -> results/skew_subpartition_k4_20261007/time_distributed_20261007_p100_s2_unsplit.log
agency.txt: insert=0, update=0, stale(待删除旧行)=0
calendar.txt: insert=0, update=0, stale(待删除旧行)=0
calendar_dates.txt: insert=0, update=0, stale(待删除旧行)=0
[跳过] fare_attributes.txt（无对照文件或未配置主键，delta_dir中保留原样）
[跳过] fare_rules.txt（无对照文件或未配置主键，delta_dir中保留原样）
[跳过] feed_info.txt（无对照文件或未配置主键，delta_dir中保留原样）
frequencies.txt: insert=0, update=0, stale(待删除旧行)=0
routes.txt: insert=0, update=0, stale(待删除旧行)=0
shapes.txt: insert=0, update=0, stale(待删除旧行)=0
stop_times.txt: insert=9559, update=19118, stale(待删除旧行)=28677
stops.txt: insert=0, update=0, stale(待删除旧行)=0
trips.txt: insert=0, update=0, stale(待删除旧行)=0

delta_rows: 28677
[完成] delta写入 results/skew_subpartition_k4_20261007/work_dist_20261007_p100_s2_split/delta，stale写入 results/skew_subpartition_k4_20261007/work_dist_20261007_p100_s2_split/stale
[done] 写入 /home/ztr/KG/dist_work/20261007_p100_s2_split/partition_0/subpartition_0/mapping.ttl；替换了 1 处source路径
[done] 写入 /home/ztr/KG/dist_work/20261007_p100_s2_split/partition_0/subpartition_1/mapping.ttl；替换了 1 处source路径
[done] 写入 /home/ztr/KG/dist_work/20261007_p100_s2_split/partition_0/subpartition_2/mapping.ttl；替换了 1 处source路径
[done] 写入 /home/ztr/KG/dist_work/20261007_p100_s2_split/partition_0/subpartition_3/mapping.ttl；替换了 1 处source路径
[done] 写入 /home/ztr/KG/dist_work/20261007_p100_s2_split/partition_1/mapping.ttl；替换了 1 处source路径
[done] 写入 /home/ztr/KG/dist_work/20261007_p100_s2_split/partition_2/mapping.ttl；替换了 1 处source路径
[done] 写入 /home/ztr/KG/dist_work/20261007_p100_s2_split/partition_3/mapping.ttl；替换了 1 处source路径
[done] 28677 条待删除IRI写入 results/skew_subpartition_k4_20261007/work_dist_20261007_p100_s2_split/stale_iris.txt
baseline=3774001, removed(按subject)=172105, delta_added=172052, updated=3773948
[sh] /home/ztr/miniconda3/bin/python3 compute_delta.py --before data/urbanos_before --after data/urbanos_skew_k4_p100_s2 --delta-dir results/skew_subpartition_k4_20261007/work_dist_20261007_p100_s2_split/delta --stale-dir results/skew_subpartition_k4_20261007/work_dist_20261007_p100_s2_split/stale
[partition] k=4, 各分区行数=[28677, 0, 0, 0]
[sh] /home/ztr/miniconda3/bin/python3 normalize_mapping.py --mapping delta_mapping_base.ttl --data-dir /home/ztr/KG/dist_work/20261007_p100_s2_split/partition_0/subpartition_0 --output /home/ztr/KG/dist_work/20261007_p100_s2_split/partition_0/subpartition_0/mapping.ttl
[sh] /home/ztr/miniconda3/bin/python3 normalize_mapping.py --mapping delta_mapping_base.ttl --data-dir /home/ztr/KG/dist_work/20261007_p100_s2_split/partition_0/subpartition_1 --output /home/ztr/KG/dist_work/20261007_p100_s2_split/partition_0/subpartition_1/mapping.ttl
[sh] /home/ztr/miniconda3/bin/python3 normalize_mapping.py --mapping delta_mapping_base.ttl --data-dir /home/ztr/KG/dist_work/20261007_p100_s2_split/partition_0/subpartition_2 --output /home/ztr/KG/dist_work/20261007_p100_s2_split/partition_0/subpartition_2/mapping.ttl
[sh] /home/ztr/miniconda3/bin/python3 normalize_mapping.py --mapping delta_mapping_base.ttl --data-dir /home/ztr/KG/dist_work/20261007_p100_s2_split/partition_0/subpartition_3 --output /home/ztr/KG/dist_work/20261007_p100_s2_split/partition_0/subpartition_3/mapping.ttl
[sh] /home/ztr/miniconda3/bin/python3 normalize_mapping.py --mapping delta_mapping_base.ttl --data-dir /home/ztr/KG/dist_work/20261007_p100_s2_split/partition_1 --output /home/ztr/KG/dist_work/20261007_p100_s2_split/partition_1/mapping.ttl
[sh] /home/ztr/miniconda3/bin/python3 normalize_mapping.py --mapping delta_mapping_base.ttl --data-dir /home/ztr/KG/dist_work/20261007_p100_s2_split/partition_2 --output /home/ztr/KG/dist_work/20261007_p100_s2_split/partition_2/mapping.ttl
[sh] /home/ztr/miniconda3/bin/python3 normalize_mapping.py --mapping delta_mapping_base.ttl --data-dir /home/ztr/KG/dist_work/20261007_p100_s2_split/partition_3 --output /home/ztr/KG/dist_work/20261007_p100_s2_split/partition_3/mapping.ttl
[dispatch] 已推送7个任务到tasks:queue
[result] 20261007_p100_s2_split-p0-s3 status=ok attempts=0 mapped=474ms worker=7832cce49622 lock_wait=0ms (1/7)
[result] 20261007_p100_s2_split-p1 status=ok attempts=0 mapped=0ms worker=7832cce49622 lock_wait=0ms (2/7)
[result] 20261007_p100_s2_split-p2 status=ok attempts=0 mapped=0ms worker=7832cce49622 lock_wait=0ms (3/7)
[result] 20261007_p100_s2_split-p3 status=ok attempts=0 mapped=0ms worker=7832cce49622 lock_wait=0ms (4/7)
[result] 20261007_p100_s2_split-p0-s2 status=ok attempts=0 mapped=523ms worker=6331ebc89130 lock_wait=0ms (5/7)
[result] 20261007_p100_s2_split-p0-s1 status=ok attempts=0 mapped=573ms worker=23b78ffaa58b lock_wait=0ms (6/7)
[result] 20261007_p100_s2_split-p0-s0 status=ok attempts=0 mapped=608ms worker=cfe6aa420e8d lock_wait=0ms (7/7)
[merge] 合并完成 -> results/skew_subpartition_k4_20261007/work_dist_20261007_p100_s2_split/merged_delta.nq
[sh] /home/ztr/miniconda3/bin/python3 compute_stale_iris.py --stale-file results/skew_subpartition_k4_20261007/work_dist_20261007_p100_s2_split/stale/stop_times.txt --template http://transport.linkeddata.es/madrid/metro/stoptimes/{trip_id}-{stop_id}-{arrival_time} --output results/skew_subpartition_k4_20261007/work_dist_20261007_p100_s2_split/stale_iris.txt
[sh] /home/ztr/miniconda3/bin/python3 apply_delta_to_graph.py --baseline results/baseline_graph_urbanos.nq --stale-iris results/skew_subpartition_k4_20261007/work_dist_20261007_p100_s2_split/stale_iris.txt --delta results/skew_subpartition_k4_20261007/work_dist_20261007_p100_s2_split/merged_delta.nq --output results/skew_subpartition_k4_20261007/current_graph_check.nq

[done] 分布式增量更新完成: results/skew_subpartition_k4_20261007/current_graph_check.nq
[done] 端到端耗时 8.46s -> results/skew_subpartition_k4_20261007/time_distributed_20261007_p100_s2_split.log
[subpartition] verified delta p=100 seed=2
agency.txt: insert=0, update=0, stale(待删除旧行)=0
calendar.txt: insert=0, update=0, stale(待删除旧行)=0
calendar_dates.txt: insert=0, update=0, stale(待删除旧行)=0
[跳过] fare_attributes.txt（无对照文件或未配置主键，delta_dir中保留原样）
[跳过] fare_rules.txt（无对照文件或未配置主键，delta_dir中保留原样）
[跳过] feed_info.txt（无对照文件或未配置主键，delta_dir中保留原样）
frequencies.txt: insert=0, update=0, stale(待删除旧行)=0
routes.txt: insert=0, update=0, stale(待删除旧行)=0
shapes.txt: insert=0, update=0, stale(待删除旧行)=0
stop_times.txt: insert=9559, update=19118, stale(待删除旧行)=28677
stops.txt: insert=0, update=0, stale(待删除旧行)=0
trips.txt: insert=0, update=0, stale(待删除旧行)=0

delta_rows: 28677
[完成] delta写入 results/skew_subpartition_k4_20261007/work_dist_20261007_p000_s2_unsplit/delta，stale写入 results/skew_subpartition_k4_20261007/work_dist_20261007_p000_s2_unsplit/stale
[done] 写入 /home/ztr/KG/dist_work/20261007_p000_s2_unsplit/partition_0/mapping.ttl；替换了 1 处source路径
[done] 写入 /home/ztr/KG/dist_work/20261007_p000_s2_unsplit/partition_1/mapping.ttl；替换了 1 处source路径
[done] 写入 /home/ztr/KG/dist_work/20261007_p000_s2_unsplit/partition_2/mapping.ttl；替换了 1 处source路径
[done] 写入 /home/ztr/KG/dist_work/20261007_p000_s2_unsplit/partition_3/mapping.ttl；替换了 1 处source路径
[done] 28677 条待删除IRI写入 results/skew_subpartition_k4_20261007/work_dist_20261007_p000_s2_unsplit/stale_iris.txt
baseline=3774001, removed(按subject)=172141, delta_added=172062, updated=3773922
[sh] /home/ztr/miniconda3/bin/python3 compute_delta.py --before data/urbanos_before --after data/urbanos_skew_k4_p000_s2 --delta-dir results/skew_subpartition_k4_20261007/work_dist_20261007_p000_s2_unsplit/delta --stale-dir results/skew_subpartition_k4_20261007/work_dist_20261007_p000_s2_unsplit/stale
[partition] k=4, 各分区行数=[7295, 7112, 6999, 7271]
[sh] /home/ztr/miniconda3/bin/python3 normalize_mapping.py --mapping delta_mapping_base.ttl --data-dir /home/ztr/KG/dist_work/20261007_p000_s2_unsplit/partition_0 --output /home/ztr/KG/dist_work/20261007_p000_s2_unsplit/partition_0/mapping.ttl
[sh] /home/ztr/miniconda3/bin/python3 normalize_mapping.py --mapping delta_mapping_base.ttl --data-dir /home/ztr/KG/dist_work/20261007_p000_s2_unsplit/partition_1 --output /home/ztr/KG/dist_work/20261007_p000_s2_unsplit/partition_1/mapping.ttl
[sh] /home/ztr/miniconda3/bin/python3 normalize_mapping.py --mapping delta_mapping_base.ttl --data-dir /home/ztr/KG/dist_work/20261007_p000_s2_unsplit/partition_2 --output /home/ztr/KG/dist_work/20261007_p000_s2_unsplit/partition_2/mapping.ttl
[sh] /home/ztr/miniconda3/bin/python3 normalize_mapping.py --mapping delta_mapping_base.ttl --data-dir /home/ztr/KG/dist_work/20261007_p000_s2_unsplit/partition_3 --output /home/ztr/KG/dist_work/20261007_p000_s2_unsplit/partition_3/mapping.ttl
[dispatch] 已推送4个任务到tasks:queue
[result] 20261007_p000_s2_unsplit-p2 status=ok attempts=0 mapped=495ms worker=23b78ffaa58b lock_wait=0ms (1/4)
[result] 20261007_p000_s2_unsplit-p3 status=ok attempts=0 mapped=566ms worker=cfe6aa420e8d lock_wait=0ms (2/4)
[result] 20261007_p000_s2_unsplit-p0 status=ok attempts=0 mapped=586ms worker=7832cce49622 lock_wait=0ms (3/4)
[result] 20261007_p000_s2_unsplit-p1 status=ok attempts=0 mapped=665ms worker=6331ebc89130 lock_wait=0ms (4/4)
[merge] 合并完成 -> results/skew_subpartition_k4_20261007/work_dist_20261007_p000_s2_unsplit/merged_delta.nq
[sh] /home/ztr/miniconda3/bin/python3 compute_stale_iris.py --stale-file results/skew_subpartition_k4_20261007/work_dist_20261007_p000_s2_unsplit/stale/stop_times.txt --template http://transport.linkeddata.es/madrid/metro/stoptimes/{trip_id}-{stop_id}-{arrival_time} --output results/skew_subpartition_k4_20261007/work_dist_20261007_p000_s2_unsplit/stale_iris.txt
[sh] /home/ztr/miniconda3/bin/python3 apply_delta_to_graph.py --baseline results/baseline_graph_urbanos.nq --stale-iris results/skew_subpartition_k4_20261007/work_dist_20261007_p000_s2_unsplit/stale_iris.txt --delta results/skew_subpartition_k4_20261007/work_dist_20261007_p000_s2_unsplit/merged_delta.nq --output results/skew_subpartition_k4_20261007/current_graph_check.nq

[done] 分布式增量更新完成: results/skew_subpartition_k4_20261007/current_graph_check.nq
[done] 端到端耗时 9.20s -> results/skew_subpartition_k4_20261007/time_distributed_20261007_p000_s2_unsplit.log
agency.txt: insert=0, update=0, stale(待删除旧行)=0
calendar.txt: insert=0, update=0, stale(待删除旧行)=0
calendar_dates.txt: insert=0, update=0, stale(待删除旧行)=0
[跳过] fare_attributes.txt（无对照文件或未配置主键，delta_dir中保留原样）
[跳过] fare_rules.txt（无对照文件或未配置主键，delta_dir中保留原样）
[跳过] feed_info.txt（无对照文件或未配置主键，delta_dir中保留原样）
frequencies.txt: insert=0, update=0, stale(待删除旧行)=0
routes.txt: insert=0, update=0, stale(待删除旧行)=0
shapes.txt: insert=0, update=0, stale(待删除旧行)=0
stop_times.txt: insert=9559, update=19118, stale(待删除旧行)=28677
stops.txt: insert=0, update=0, stale(待删除旧行)=0
trips.txt: insert=0, update=0, stale(待删除旧行)=0

delta_rows: 28677
[完成] delta写入 results/skew_subpartition_k4_20261007/work_dist_20261007_p000_s2_split/delta，stale写入 results/skew_subpartition_k4_20261007/work_dist_20261007_p000_s2_split/stale
[done] 写入 /home/ztr/KG/dist_work/20261007_p000_s2_split/partition_0/mapping.ttl；替换了 1 处source路径
[done] 写入 /home/ztr/KG/dist_work/20261007_p000_s2_split/partition_1/mapping.ttl；替换了 1 处source路径
[done] 写入 /home/ztr/KG/dist_work/20261007_p000_s2_split/partition_2/mapping.ttl；替换了 1 处source路径
[done] 写入 /home/ztr/KG/dist_work/20261007_p000_s2_split/partition_3/mapping.ttl；替换了 1 处source路径
[done] 28677 条待删除IRI写入 results/skew_subpartition_k4_20261007/work_dist_20261007_p000_s2_split/stale_iris.txt
baseline=3774001, removed(按subject)=172141, delta_added=172062, updated=3773922
[sh] /home/ztr/miniconda3/bin/python3 compute_delta.py --before data/urbanos_before --after data/urbanos_skew_k4_p000_s2 --delta-dir results/skew_subpartition_k4_20261007/work_dist_20261007_p000_s2_split/delta --stale-dir results/skew_subpartition_k4_20261007/work_dist_20261007_p000_s2_split/stale
[partition] k=4, 各分区行数=[7295, 7112, 6999, 7271]
[sh] /home/ztr/miniconda3/bin/python3 normalize_mapping.py --mapping delta_mapping_base.ttl --data-dir /home/ztr/KG/dist_work/20261007_p000_s2_split/partition_0 --output /home/ztr/KG/dist_work/20261007_p000_s2_split/partition_0/mapping.ttl
[sh] /home/ztr/miniconda3/bin/python3 normalize_mapping.py --mapping delta_mapping_base.ttl --data-dir /home/ztr/KG/dist_work/20261007_p000_s2_split/partition_1 --output /home/ztr/KG/dist_work/20261007_p000_s2_split/partition_1/mapping.ttl
[sh] /home/ztr/miniconda3/bin/python3 normalize_mapping.py --mapping delta_mapping_base.ttl --data-dir /home/ztr/KG/dist_work/20261007_p000_s2_split/partition_2 --output /home/ztr/KG/dist_work/20261007_p000_s2_split/partition_2/mapping.ttl
[sh] /home/ztr/miniconda3/bin/python3 normalize_mapping.py --mapping delta_mapping_base.ttl --data-dir /home/ztr/KG/dist_work/20261007_p000_s2_split/partition_3 --output /home/ztr/KG/dist_work/20261007_p000_s2_split/partition_3/mapping.ttl
[dispatch] 已推送4个任务到tasks:queue
[result] 20261007_p000_s2_split-p3 status=ok attempts=0 mapped=567ms worker=6331ebc89130 lock_wait=0ms (1/4)
[result] 20261007_p000_s2_split-p2 status=ok attempts=0 mapped=600ms worker=7832cce49622 lock_wait=0ms (2/4)
[result] 20261007_p000_s2_split-p0 status=ok attempts=0 mapped=660ms worker=23b78ffaa58b lock_wait=0ms (3/4)
[result] 20261007_p000_s2_split-p1 status=ok attempts=0 mapped=671ms worker=cfe6aa420e8d lock_wait=0ms (4/4)
[merge] 合并完成 -> results/skew_subpartition_k4_20261007/work_dist_20261007_p000_s2_split/merged_delta.nq
[sh] /home/ztr/miniconda3/bin/python3 compute_stale_iris.py --stale-file results/skew_subpartition_k4_20261007/work_dist_20261007_p000_s2_split/stale/stop_times.txt --template http://transport.linkeddata.es/madrid/metro/stoptimes/{trip_id}-{stop_id}-{arrival_time} --output results/skew_subpartition_k4_20261007/work_dist_20261007_p000_s2_split/stale_iris.txt
[sh] /home/ztr/miniconda3/bin/python3 apply_delta_to_graph.py --baseline results/baseline_graph_urbanos.nq --stale-iris results/skew_subpartition_k4_20261007/work_dist_20261007_p000_s2_split/stale_iris.txt --delta results/skew_subpartition_k4_20261007/work_dist_20261007_p000_s2_split/merged_delta.nq --output results/skew_subpartition_k4_20261007/current_graph_check.nq

[done] 分布式增量更新完成: results/skew_subpartition_k4_20261007/current_graph_check.nq
[done] 端到端耗时 9.28s -> results/skew_subpartition_k4_20261007/time_distributed_20261007_p000_s2_split.log
[subpartition] verified delta p=000 seed=2
agency.txt: insert=0, update=0, stale(待删除旧行)=0
calendar.txt: insert=0, update=0, stale(待删除旧行)=0
calendar_dates.txt: insert=0, update=0, stale(待删除旧行)=0
[跳过] fare_attributes.txt（无对照文件或未配置主键，delta_dir中保留原样）
[跳过] fare_rules.txt（无对照文件或未配置主键，delta_dir中保留原样）
[跳过] feed_info.txt（无对照文件或未配置主键，delta_dir中保留原样）
frequencies.txt: insert=0, update=0, stale(待删除旧行)=0
routes.txt: insert=0, update=0, stale(待删除旧行)=0
shapes.txt: insert=0, update=0, stale(待删除旧行)=0
stop_times.txt: insert=9559, update=19118, stale(待删除旧行)=28677
stops.txt: insert=0, update=0, stale(待删除旧行)=0
trips.txt: insert=0, update=0, stale(待删除旧行)=0

delta_rows: 28677
[完成] delta写入 results/skew_subpartition_k4_20261007/work_dist_20261007_p050_s3_split/delta，stale写入 results/skew_subpartition_k4_20261007/work_dist_20261007_p050_s3_split/stale
[done] 写入 /home/ztr/KG/dist_work/20261007_p050_s3_split/partition_0/subpartition_0/mapping.ttl；替换了 1 处source路径
[done] 写入 /home/ztr/KG/dist_work/20261007_p050_s3_split/partition_0/subpartition_1/mapping.ttl；替换了 1 处source路径
[done] 写入 /home/ztr/KG/dist_work/20261007_p050_s3_split/partition_0/subpartition_2/mapping.ttl；替换了 1 处source路径
[done] 写入 /home/ztr/KG/dist_work/20261007_p050_s3_split/partition_0/subpartition_3/mapping.ttl；替换了 1 处source路径
[done] 写入 /home/ztr/KG/dist_work/20261007_p050_s3_split/partition_1/mapping.ttl；替换了 1 处source路径
[done] 写入 /home/ztr/KG/dist_work/20261007_p050_s3_split/partition_2/mapping.ttl；替换了 1 处source路径
[done] 写入 /home/ztr/KG/dist_work/20261007_p050_s3_split/partition_3/mapping.ttl；替换了 1 处source路径
[done] 28677 条待删除IRI写入 results/skew_subpartition_k4_20261007/work_dist_20261007_p050_s3_split/stale_iris.txt
baseline=3774001, removed(按subject)=172135, delta_added=172062, updated=3773928
[sh] /home/ztr/miniconda3/bin/python3 compute_delta.py --before data/urbanos_before --after data/urbanos_skew_k4_p050_s3 --delta-dir results/skew_subpartition_k4_20261007/work_dist_20261007_p050_s3_split/delta --stale-dir results/skew_subpartition_k4_20261007/work_dist_20261007_p050_s3_split/stale
[partition] k=4, 各分区行数=[17740, 3684, 3548, 3705]
[sh] /home/ztr/miniconda3/bin/python3 normalize_mapping.py --mapping delta_mapping_base.ttl --data-dir /home/ztr/KG/dist_work/20261007_p050_s3_split/partition_0/subpartition_0 --output /home/ztr/KG/dist_work/20261007_p050_s3_split/partition_0/subpartition_0/mapping.ttl
[sh] /home/ztr/miniconda3/bin/python3 normalize_mapping.py --mapping delta_mapping_base.ttl --data-dir /home/ztr/KG/dist_work/20261007_p050_s3_split/partition_0/subpartition_1 --output /home/ztr/KG/dist_work/20261007_p050_s3_split/partition_0/subpartition_1/mapping.ttl
[sh] /home/ztr/miniconda3/bin/python3 normalize_mapping.py --mapping delta_mapping_base.ttl --data-dir /home/ztr/KG/dist_work/20261007_p050_s3_split/partition_0/subpartition_2 --output /home/ztr/KG/dist_work/20261007_p050_s3_split/partition_0/subpartition_2/mapping.ttl
[sh] /home/ztr/miniconda3/bin/python3 normalize_mapping.py --mapping delta_mapping_base.ttl --data-dir /home/ztr/KG/dist_work/20261007_p050_s3_split/partition_0/subpartition_3 --output /home/ztr/KG/dist_work/20261007_p050_s3_split/partition_0/subpartition_3/mapping.ttl
[sh] /home/ztr/miniconda3/bin/python3 normalize_mapping.py --mapping delta_mapping_base.ttl --data-dir /home/ztr/KG/dist_work/20261007_p050_s3_split/partition_1 --output /home/ztr/KG/dist_work/20261007_p050_s3_split/partition_1/mapping.ttl
[sh] /home/ztr/miniconda3/bin/python3 normalize_mapping.py --mapping delta_mapping_base.ttl --data-dir /home/ztr/KG/dist_work/20261007_p050_s3_split/partition_2 --output /home/ztr/KG/dist_work/20261007_p050_s3_split/partition_2/mapping.ttl
[sh] /home/ztr/miniconda3/bin/python3 normalize_mapping.py --mapping delta_mapping_base.ttl --data-dir /home/ztr/KG/dist_work/20261007_p050_s3_split/partition_3 --output /home/ztr/KG/dist_work/20261007_p050_s3_split/partition_3/mapping.ttl
[dispatch] 已推送7个任务到tasks:queue
[result] 20261007_p050_s3_split-p0-s2 status=ok attempts=0 mapped=296ms worker=23b78ffaa58b lock_wait=0ms (1/7)
[result] 20261007_p050_s3_split-p0-s1 status=ok attempts=0 mapped=296ms worker=7832cce49622 lock_wait=0ms (2/7)
[result] 20261007_p050_s3_split-p0-s3 status=ok attempts=0 mapped=314ms worker=cfe6aa420e8d lock_wait=0ms (3/7)
[result] 20261007_p050_s3_split-p0-s0 status=ok attempts=0 mapped=430ms worker=6331ebc89130 lock_wait=0ms (4/7)
[result] 20261007_p050_s3_split-p2 status=ok attempts=0 mapped=232ms worker=7832cce49622 lock_wait=0ms (5/7)
[result] 20261007_p050_s3_split-p3 status=ok attempts=0 mapped=279ms worker=cfe6aa420e8d lock_wait=0ms (6/7)
[result] 20261007_p050_s3_split-p1 status=ok attempts=0 mapped=293ms worker=23b78ffaa58b lock_wait=0ms (7/7)
[merge] 合并完成 -> results/skew_subpartition_k4_20261007/work_dist_20261007_p050_s3_split/merged_delta.nq
[sh] /home/ztr/miniconda3/bin/python3 compute_stale_iris.py --stale-file results/skew_subpartition_k4_20261007/work_dist_20261007_p050_s3_split/stale/stop_times.txt --template http://transport.linkeddata.es/madrid/metro/stoptimes/{trip_id}-{stop_id}-{arrival_time} --output results/skew_subpartition_k4_20261007/work_dist_20261007_p050_s3_split/stale_iris.txt
[sh] /home/ztr/miniconda3/bin/python3 apply_delta_to_graph.py --baseline results/baseline_graph_urbanos.nq --stale-iris results/skew_subpartition_k4_20261007/work_dist_20261007_p050_s3_split/stale_iris.txt --delta results/skew_subpartition_k4_20261007/work_dist_20261007_p050_s3_split/merged_delta.nq --output results/skew_subpartition_k4_20261007/current_graph_check.nq

[done] 分布式增量更新完成: results/skew_subpartition_k4_20261007/current_graph_check.nq
[done] 端到端耗时 8.82s -> results/skew_subpartition_k4_20261007/time_distributed_20261007_p050_s3_split.log
agency.txt: insert=0, update=0, stale(待删除旧行)=0
calendar.txt: insert=0, update=0, stale(待删除旧行)=0
calendar_dates.txt: insert=0, update=0, stale(待删除旧行)=0
[跳过] fare_attributes.txt（无对照文件或未配置主键，delta_dir中保留原样）
[跳过] fare_rules.txt（无对照文件或未配置主键，delta_dir中保留原样）
[跳过] feed_info.txt（无对照文件或未配置主键，delta_dir中保留原样）
frequencies.txt: insert=0, update=0, stale(待删除旧行)=0
routes.txt: insert=0, update=0, stale(待删除旧行)=0
shapes.txt: insert=0, update=0, stale(待删除旧行)=0
stop_times.txt: insert=9559, update=19118, stale(待删除旧行)=28677
stops.txt: insert=0, update=0, stale(待删除旧行)=0
trips.txt: insert=0, update=0, stale(待删除旧行)=0

delta_rows: 28677
[完成] delta写入 results/skew_subpartition_k4_20261007/work_dist_20261007_p050_s3_unsplit/delta，stale写入 results/skew_subpartition_k4_20261007/work_dist_20261007_p050_s3_unsplit/stale
[done] 写入 /home/ztr/KG/dist_work/20261007_p050_s3_unsplit/partition_0/mapping.ttl；替换了 1 处source路径
[done] 写入 /home/ztr/KG/dist_work/20261007_p050_s3_unsplit/partition_1/mapping.ttl；替换了 1 处source路径
[done] 写入 /home/ztr/KG/dist_work/20261007_p050_s3_unsplit/partition_2/mapping.ttl；替换了 1 处source路径
[done] 写入 /home/ztr/KG/dist_work/20261007_p050_s3_unsplit/partition_3/mapping.ttl；替换了 1 处source路径
[done] 28677 条待删除IRI写入 results/skew_subpartition_k4_20261007/work_dist_20261007_p050_s3_unsplit/stale_iris.txt
baseline=3774001, removed(按subject)=172135, delta_added=172062, updated=3773928
[sh] /home/ztr/miniconda3/bin/python3 compute_delta.py --before data/urbanos_before --after data/urbanos_skew_k4_p050_s3 --delta-dir results/skew_subpartition_k4_20261007/work_dist_20261007_p050_s3_unsplit/delta --stale-dir results/skew_subpartition_k4_20261007/work_dist_20261007_p050_s3_unsplit/stale
[partition] k=4, 各分区行数=[17740, 3684, 3548, 3705]
[sh] /home/ztr/miniconda3/bin/python3 normalize_mapping.py --mapping delta_mapping_base.ttl --data-dir /home/ztr/KG/dist_work/20261007_p050_s3_unsplit/partition_0 --output /home/ztr/KG/dist_work/20261007_p050_s3_unsplit/partition_0/mapping.ttl
[sh] /home/ztr/miniconda3/bin/python3 normalize_mapping.py --mapping delta_mapping_base.ttl --data-dir /home/ztr/KG/dist_work/20261007_p050_s3_unsplit/partition_1 --output /home/ztr/KG/dist_work/20261007_p050_s3_unsplit/partition_1/mapping.ttl
[sh] /home/ztr/miniconda3/bin/python3 normalize_mapping.py --mapping delta_mapping_base.ttl --data-dir /home/ztr/KG/dist_work/20261007_p050_s3_unsplit/partition_2 --output /home/ztr/KG/dist_work/20261007_p050_s3_unsplit/partition_2/mapping.ttl
[sh] /home/ztr/miniconda3/bin/python3 normalize_mapping.py --mapping delta_mapping_base.ttl --data-dir /home/ztr/KG/dist_work/20261007_p050_s3_unsplit/partition_3 --output /home/ztr/KG/dist_work/20261007_p050_s3_unsplit/partition_3/mapping.ttl
[dispatch] 已推送4个任务到tasks:queue
[result] 20261007_p050_s3_unsplit-p2 status=ok attempts=0 mapped=277ms worker=cfe6aa420e8d lock_wait=0ms (1/4)
[result] 20261007_p050_s3_unsplit-p3 status=ok attempts=0 mapped=282ms worker=23b78ffaa58b lock_wait=0ms (2/4)
[result] 20261007_p050_s3_unsplit-p1 status=ok attempts=0 mapped=291ms worker=7832cce49622 lock_wait=0ms (3/4)
[result] 20261007_p050_s3_unsplit-p0 status=ok attempts=0 mapped=1235ms worker=6331ebc89130 lock_wait=0ms (4/4)
[merge] 合并完成 -> results/skew_subpartition_k4_20261007/work_dist_20261007_p050_s3_unsplit/merged_delta.nq
[sh] /home/ztr/miniconda3/bin/python3 compute_stale_iris.py --stale-file results/skew_subpartition_k4_20261007/work_dist_20261007_p050_s3_unsplit/stale/stop_times.txt --template http://transport.linkeddata.es/madrid/metro/stoptimes/{trip_id}-{stop_id}-{arrival_time} --output results/skew_subpartition_k4_20261007/work_dist_20261007_p050_s3_unsplit/stale_iris.txt
[sh] /home/ztr/miniconda3/bin/python3 apply_delta_to_graph.py --baseline results/baseline_graph_urbanos.nq --stale-iris results/skew_subpartition_k4_20261007/work_dist_20261007_p050_s3_unsplit/stale_iris.txt --delta results/skew_subpartition_k4_20261007/work_dist_20261007_p050_s3_unsplit/merged_delta.nq --output results/skew_subpartition_k4_20261007/current_graph_check.nq

[done] 分布式增量更新完成: results/skew_subpartition_k4_20261007/current_graph_check.nq
[done] 端到端耗时 9.01s -> results/skew_subpartition_k4_20261007/time_distributed_20261007_p050_s3_unsplit.log
[subpartition] verified delta p=050 seed=3
agency.txt: insert=0, update=0, stale(待删除旧行)=0
calendar.txt: insert=0, update=0, stale(待删除旧行)=0
calendar_dates.txt: insert=0, update=0, stale(待删除旧行)=0
[跳过] fare_attributes.txt（无对照文件或未配置主键，delta_dir中保留原样）
[跳过] fare_rules.txt（无对照文件或未配置主键，delta_dir中保留原样）
[跳过] feed_info.txt（无对照文件或未配置主键，delta_dir中保留原样）
frequencies.txt: insert=0, update=0, stale(待删除旧行)=0
routes.txt: insert=0, update=0, stale(待删除旧行)=0
shapes.txt: insert=0, update=0, stale(待删除旧行)=0
stop_times.txt: insert=9559, update=19118, stale(待删除旧行)=28677
stops.txt: insert=0, update=0, stale(待删除旧行)=0
trips.txt: insert=0, update=0, stale(待删除旧行)=0

delta_rows: 28677
[完成] delta写入 results/skew_subpartition_k4_20261007/work_dist_20261007_p075_s3_unsplit/delta，stale写入 results/skew_subpartition_k4_20261007/work_dist_20261007_p075_s3_unsplit/stale
[done] 写入 /home/ztr/KG/dist_work/20261007_p075_s3_unsplit/partition_0/mapping.ttl；替换了 1 处source路径
[done] 写入 /home/ztr/KG/dist_work/20261007_p075_s3_unsplit/partition_1/mapping.ttl；替换了 1 处source路径
[done] 写入 /home/ztr/KG/dist_work/20261007_p075_s3_unsplit/partition_2/mapping.ttl；替换了 1 处source路径
[done] 写入 /home/ztr/KG/dist_work/20261007_p075_s3_unsplit/partition_3/mapping.ttl；替换了 1 处source路径
[done] 28677 条待删除IRI写入 results/skew_subpartition_k4_20261007/work_dist_20261007_p075_s3_unsplit/stale_iris.txt
baseline=3774001, removed(按subject)=172107, delta_added=172042, updated=3773936
[sh] /home/ztr/miniconda3/bin/python3 compute_delta.py --before data/urbanos_before --after data/urbanos_skew_k4_p075_s3 --delta-dir results/skew_subpartition_k4_20261007/work_dist_20261007_p075_s3_unsplit/delta --stale-dir results/skew_subpartition_k4_20261007/work_dist_20261007_p075_s3_unsplit/stale
[partition] k=4, 各分区行数=[23198, 1891, 1707, 1881]
[sh] /home/ztr/miniconda3/bin/python3 normalize_mapping.py --mapping delta_mapping_base.ttl --data-dir /home/ztr/KG/dist_work/20261007_p075_s3_unsplit/partition_0 --output /home/ztr/KG/dist_work/20261007_p075_s3_unsplit/partition_0/mapping.ttl
[sh] /home/ztr/miniconda3/bin/python3 normalize_mapping.py --mapping delta_mapping_base.ttl --data-dir /home/ztr/KG/dist_work/20261007_p075_s3_unsplit/partition_1 --output /home/ztr/KG/dist_work/20261007_p075_s3_unsplit/partition_1/mapping.ttl
[sh] /home/ztr/miniconda3/bin/python3 normalize_mapping.py --mapping delta_mapping_base.ttl --data-dir /home/ztr/KG/dist_work/20261007_p075_s3_unsplit/partition_2 --output /home/ztr/KG/dist_work/20261007_p075_s3_unsplit/partition_2/mapping.ttl
[sh] /home/ztr/miniconda3/bin/python3 normalize_mapping.py --mapping delta_mapping_base.ttl --data-dir /home/ztr/KG/dist_work/20261007_p075_s3_unsplit/partition_3 --output /home/ztr/KG/dist_work/20261007_p075_s3_unsplit/partition_3/mapping.ttl
[dispatch] 已推送4个任务到tasks:queue
[result] 20261007_p075_s3_unsplit-p2 status=ok attempts=0 mapped=147ms worker=7832cce49622 lock_wait=0ms (1/4)
[result] 20261007_p075_s3_unsplit-p1 status=ok attempts=0 mapped=174ms worker=23b78ffaa58b lock_wait=0ms (2/4)
[result] 20261007_p075_s3_unsplit-p3 status=ok attempts=0 mapped=173ms worker=6331ebc89130 lock_wait=0ms (3/4)
[result] 20261007_p075_s3_unsplit-p0 status=ok attempts=0 mapped=1571ms worker=cfe6aa420e8d lock_wait=0ms (4/4)
[merge] 合并完成 -> results/skew_subpartition_k4_20261007/work_dist_20261007_p075_s3_unsplit/merged_delta.nq
[sh] /home/ztr/miniconda3/bin/python3 compute_stale_iris.py --stale-file results/skew_subpartition_k4_20261007/work_dist_20261007_p075_s3_unsplit/stale/stop_times.txt --template http://transport.linkeddata.es/madrid/metro/stoptimes/{trip_id}-{stop_id}-{arrival_time} --output results/skew_subpartition_k4_20261007/work_dist_20261007_p075_s3_unsplit/stale_iris.txt
[sh] /home/ztr/miniconda3/bin/python3 apply_delta_to_graph.py --baseline results/baseline_graph_urbanos.nq --stale-iris results/skew_subpartition_k4_20261007/work_dist_20261007_p075_s3_unsplit/stale_iris.txt --delta results/skew_subpartition_k4_20261007/work_dist_20261007_p075_s3_unsplit/merged_delta.nq --output results/skew_subpartition_k4_20261007/current_graph_check.nq

[done] 分布式增量更新完成: results/skew_subpartition_k4_20261007/current_graph_check.nq
[done] 端到端耗时 9.74s -> results/skew_subpartition_k4_20261007/time_distributed_20261007_p075_s3_unsplit.log
agency.txt: insert=0, update=0, stale(待删除旧行)=0
calendar.txt: insert=0, update=0, stale(待删除旧行)=0
calendar_dates.txt: insert=0, update=0, stale(待删除旧行)=0
[跳过] fare_attributes.txt（无对照文件或未配置主键，delta_dir中保留原样）
[跳过] fare_rules.txt（无对照文件或未配置主键，delta_dir中保留原样）
[跳过] feed_info.txt（无对照文件或未配置主键，delta_dir中保留原样）
frequencies.txt: insert=0, update=0, stale(待删除旧行)=0
routes.txt: insert=0, update=0, stale(待删除旧行)=0
shapes.txt: insert=0, update=0, stale(待删除旧行)=0
stop_times.txt: insert=9559, update=19118, stale(待删除旧行)=28677
stops.txt: insert=0, update=0, stale(待删除旧行)=0
trips.txt: insert=0, update=0, stale(待删除旧行)=0

delta_rows: 28677
[完成] delta写入 results/skew_subpartition_k4_20261007/work_dist_20261007_p075_s3_split/delta，stale写入 results/skew_subpartition_k4_20261007/work_dist_20261007_p075_s3_split/stale
[done] 写入 /home/ztr/KG/dist_work/20261007_p075_s3_split/partition_0/subpartition_0/mapping.ttl；替换了 1 处source路径
[done] 写入 /home/ztr/KG/dist_work/20261007_p075_s3_split/partition_0/subpartition_1/mapping.ttl；替换了 1 处source路径
[done] 写入 /home/ztr/KG/dist_work/20261007_p075_s3_split/partition_0/subpartition_2/mapping.ttl；替换了 1 处source路径
[done] 写入 /home/ztr/KG/dist_work/20261007_p075_s3_split/partition_0/subpartition_3/mapping.ttl；替换了 1 处source路径
[done] 写入 /home/ztr/KG/dist_work/20261007_p075_s3_split/partition_1/mapping.ttl；替换了 1 处source路径
[done] 写入 /home/ztr/KG/dist_work/20261007_p075_s3_split/partition_2/mapping.ttl；替换了 1 处source路径
[done] 写入 /home/ztr/KG/dist_work/20261007_p075_s3_split/partition_3/mapping.ttl；替换了 1 处source路径
[done] 28677 条待删除IRI写入 results/skew_subpartition_k4_20261007/work_dist_20261007_p075_s3_split/stale_iris.txt
baseline=3774001, removed(按subject)=172107, delta_added=172042, updated=3773936
[sh] /home/ztr/miniconda3/bin/python3 compute_delta.py --before data/urbanos_before --after data/urbanos_skew_k4_p075_s3 --delta-dir results/skew_subpartition_k4_20261007/work_dist_20261007_p075_s3_split/delta --stale-dir results/skew_subpartition_k4_20261007/work_dist_20261007_p075_s3_split/stale
[partition] k=4, 各分区行数=[23198, 1891, 1707, 1881]
[sh] /home/ztr/miniconda3/bin/python3 normalize_mapping.py --mapping delta_mapping_base.ttl --data-dir /home/ztr/KG/dist_work/20261007_p075_s3_split/partition_0/subpartition_0 --output /home/ztr/KG/dist_work/20261007_p075_s3_split/partition_0/subpartition_0/mapping.ttl
[sh] /home/ztr/miniconda3/bin/python3 normalize_mapping.py --mapping delta_mapping_base.ttl --data-dir /home/ztr/KG/dist_work/20261007_p075_s3_split/partition_0/subpartition_1 --output /home/ztr/KG/dist_work/20261007_p075_s3_split/partition_0/subpartition_1/mapping.ttl
[sh] /home/ztr/miniconda3/bin/python3 normalize_mapping.py --mapping delta_mapping_base.ttl --data-dir /home/ztr/KG/dist_work/20261007_p075_s3_split/partition_0/subpartition_2 --output /home/ztr/KG/dist_work/20261007_p075_s3_split/partition_0/subpartition_2/mapping.ttl
[sh] /home/ztr/miniconda3/bin/python3 normalize_mapping.py --mapping delta_mapping_base.ttl --data-dir /home/ztr/KG/dist_work/20261007_p075_s3_split/partition_0/subpartition_3 --output /home/ztr/KG/dist_work/20261007_p075_s3_split/partition_0/subpartition_3/mapping.ttl
[sh] /home/ztr/miniconda3/bin/python3 normalize_mapping.py --mapping delta_mapping_base.ttl --data-dir /home/ztr/KG/dist_work/20261007_p075_s3_split/partition_1 --output /home/ztr/KG/dist_work/20261007_p075_s3_split/partition_1/mapping.ttl
[sh] /home/ztr/miniconda3/bin/python3 normalize_mapping.py --mapping delta_mapping_base.ttl --data-dir /home/ztr/KG/dist_work/20261007_p075_s3_split/partition_2 --output /home/ztr/KG/dist_work/20261007_p075_s3_split/partition_2/mapping.ttl
[sh] /home/ztr/miniconda3/bin/python3 normalize_mapping.py --mapping delta_mapping_base.ttl --data-dir /home/ztr/KG/dist_work/20261007_p075_s3_split/partition_3 --output /home/ztr/KG/dist_work/20261007_p075_s3_split/partition_3/mapping.ttl
[dispatch] 已推送7个任务到tasks:queue
[result] 20261007_p075_s3_split-p0-s3 status=ok attempts=0 mapped=377ms worker=cfe6aa420e8d lock_wait=0ms (1/7)
[result] 20261007_p075_s3_split-p0-s0 status=ok attempts=0 mapped=394ms worker=7832cce49622 lock_wait=0ms (2/7)
[result] 20261007_p075_s3_split-p0-s1 status=ok attempts=0 mapped=408ms worker=6331ebc89130 lock_wait=0ms (3/7)
[result] 20261007_p075_s3_split-p0-s2 status=ok attempts=0 mapped=414ms worker=23b78ffaa58b lock_wait=0ms (4/7)
[result] 20261007_p075_s3_split-p1 status=ok attempts=0 mapped=126ms worker=cfe6aa420e8d lock_wait=0ms (5/7)
[result] 20261007_p075_s3_split-p2 status=ok attempts=0 mapped=127ms worker=7832cce49622 lock_wait=0ms (6/7)
[result] 20261007_p075_s3_split-p3 status=ok attempts=0 mapped=129ms worker=6331ebc89130 lock_wait=0ms (7/7)
[merge] 合并完成 -> results/skew_subpartition_k4_20261007/work_dist_20261007_p075_s3_split/merged_delta.nq
[sh] /home/ztr/miniconda3/bin/python3 compute_stale_iris.py --stale-file results/skew_subpartition_k4_20261007/work_dist_20261007_p075_s3_split/stale/stop_times.txt --template http://transport.linkeddata.es/madrid/metro/stoptimes/{trip_id}-{stop_id}-{arrival_time} --output results/skew_subpartition_k4_20261007/work_dist_20261007_p075_s3_split/stale_iris.txt
[sh] /home/ztr/miniconda3/bin/python3 apply_delta_to_graph.py --baseline results/baseline_graph_urbanos.nq --stale-iris results/skew_subpartition_k4_20261007/work_dist_20261007_p075_s3_split/stale_iris.txt --delta results/skew_subpartition_k4_20261007/work_dist_20261007_p075_s3_split/merged_delta.nq --output results/skew_subpartition_k4_20261007/current_graph_check.nq

[done] 分布式增量更新完成: results/skew_subpartition_k4_20261007/current_graph_check.nq
[done] 端到端耗时 8.58s -> results/skew_subpartition_k4_20261007/time_distributed_20261007_p075_s3_split.log
[subpartition] verified delta p=075 seed=3
agency.txt: insert=0, update=0, stale(待删除旧行)=0
calendar.txt: insert=0, update=0, stale(待删除旧行)=0
calendar_dates.txt: insert=0, update=0, stale(待删除旧行)=0
[跳过] fare_attributes.txt（无对照文件或未配置主键，delta_dir中保留原样）
[跳过] fare_rules.txt（无对照文件或未配置主键，delta_dir中保留原样）
[跳过] feed_info.txt（无对照文件或未配置主键，delta_dir中保留原样）
frequencies.txt: insert=0, update=0, stale(待删除旧行)=0
routes.txt: insert=0, update=0, stale(待删除旧行)=0
shapes.txt: insert=0, update=0, stale(待删除旧行)=0
stop_times.txt: insert=9559, update=19118, stale(待删除旧行)=28677
stops.txt: insert=0, update=0, stale(待删除旧行)=0
trips.txt: insert=0, update=0, stale(待删除旧行)=0

delta_rows: 28677
[完成] delta写入 results/skew_subpartition_k4_20261007/work_dist_20261007_p100_s3_split/delta，stale写入 results/skew_subpartition_k4_20261007/work_dist_20261007_p100_s3_split/stale
[done] 写入 /home/ztr/KG/dist_work/20261007_p100_s3_split/partition_0/subpartition_0/mapping.ttl；替换了 1 处source路径
[done] 写入 /home/ztr/KG/dist_work/20261007_p100_s3_split/partition_0/subpartition_1/mapping.ttl；替换了 1 处source路径
[done] 写入 /home/ztr/KG/dist_work/20261007_p100_s3_split/partition_0/subpartition_2/mapping.ttl；替换了 1 处source路径
[done] 写入 /home/ztr/KG/dist_work/20261007_p100_s3_split/partition_0/subpartition_3/mapping.ttl；替换了 1 处source路径
[done] 写入 /home/ztr/KG/dist_work/20261007_p100_s3_split/partition_1/mapping.ttl；替换了 1 处source路径
[done] 写入 /home/ztr/KG/dist_work/20261007_p100_s3_split/partition_2/mapping.ttl；替换了 1 处source路径
[done] 写入 /home/ztr/KG/dist_work/20261007_p100_s3_split/partition_3/mapping.ttl；替换了 1 处source路径
[done] 28677 条待删除IRI写入 results/skew_subpartition_k4_20261007/work_dist_20261007_p100_s3_split/stale_iris.txt
baseline=3774001, removed(按subject)=172122, delta_added=172047, updated=3773926
[sh] /home/ztr/miniconda3/bin/python3 compute_delta.py --before data/urbanos_before --after data/urbanos_skew_k4_p100_s3 --delta-dir results/skew_subpartition_k4_20261007/work_dist_20261007_p100_s3_split/delta --stale-dir results/skew_subpartition_k4_20261007/work_dist_20261007_p100_s3_split/stale
[partition] k=4, 各分区行数=[28677, 0, 0, 0]
[sh] /home/ztr/miniconda3/bin/python3 normalize_mapping.py --mapping delta_mapping_base.ttl --data-dir /home/ztr/KG/dist_work/20261007_p100_s3_split/partition_0/subpartition_0 --output /home/ztr/KG/dist_work/20261007_p100_s3_split/partition_0/subpartition_0/mapping.ttl
[sh] /home/ztr/miniconda3/bin/python3 normalize_mapping.py --mapping delta_mapping_base.ttl --data-dir /home/ztr/KG/dist_work/20261007_p100_s3_split/partition_0/subpartition_1 --output /home/ztr/KG/dist_work/20261007_p100_s3_split/partition_0/subpartition_1/mapping.ttl
[sh] /home/ztr/miniconda3/bin/python3 normalize_mapping.py --mapping delta_mapping_base.ttl --data-dir /home/ztr/KG/dist_work/20261007_p100_s3_split/partition_0/subpartition_2 --output /home/ztr/KG/dist_work/20261007_p100_s3_split/partition_0/subpartition_2/mapping.ttl
[sh] /home/ztr/miniconda3/bin/python3 normalize_mapping.py --mapping delta_mapping_base.ttl --data-dir /home/ztr/KG/dist_work/20261007_p100_s3_split/partition_0/subpartition_3 --output /home/ztr/KG/dist_work/20261007_p100_s3_split/partition_0/subpartition_3/mapping.ttl
[sh] /home/ztr/miniconda3/bin/python3 normalize_mapping.py --mapping delta_mapping_base.ttl --data-dir /home/ztr/KG/dist_work/20261007_p100_s3_split/partition_1 --output /home/ztr/KG/dist_work/20261007_p100_s3_split/partition_1/mapping.ttl
[sh] /home/ztr/miniconda3/bin/python3 normalize_mapping.py --mapping delta_mapping_base.ttl --data-dir /home/ztr/KG/dist_work/20261007_p100_s3_split/partition_2 --output /home/ztr/KG/dist_work/20261007_p100_s3_split/partition_2/mapping.ttl
[sh] /home/ztr/miniconda3/bin/python3 normalize_mapping.py --mapping delta_mapping_base.ttl --data-dir /home/ztr/KG/dist_work/20261007_p100_s3_split/partition_3 --output /home/ztr/KG/dist_work/20261007_p100_s3_split/partition_3/mapping.ttl
[dispatch] 已推送7个任务到tasks:queue
[result] 20261007_p100_s3_split-p0-s2 status=ok attempts=0 mapped=450ms worker=7832cce49622 lock_wait=0ms (1/7)
[result] 20261007_p100_s3_split-p1 status=ok attempts=0 mapped=0ms worker=7832cce49622 lock_wait=0ms (2/7)
[result] 20261007_p100_s3_split-p2 status=ok attempts=0 mapped=0ms worker=7832cce49622 lock_wait=0ms (3/7)
[result] 20261007_p100_s3_split-p3 status=ok attempts=0 mapped=0ms worker=7832cce49622 lock_wait=0ms (4/7)
[result] 20261007_p100_s3_split-p0-s3 status=ok attempts=0 mapped=487ms worker=6331ebc89130 lock_wait=0ms (5/7)
[result] 20261007_p100_s3_split-p0-s1 status=ok attempts=0 mapped=524ms worker=cfe6aa420e8d lock_wait=0ms (6/7)
[result] 20261007_p100_s3_split-p0-s0 status=ok attempts=0 mapped=537ms worker=23b78ffaa58b lock_wait=0ms (7/7)
[merge] 合并完成 -> results/skew_subpartition_k4_20261007/work_dist_20261007_p100_s3_split/merged_delta.nq
[sh] /home/ztr/miniconda3/bin/python3 compute_stale_iris.py --stale-file results/skew_subpartition_k4_20261007/work_dist_20261007_p100_s3_split/stale/stop_times.txt --template http://transport.linkeddata.es/madrid/metro/stoptimes/{trip_id}-{stop_id}-{arrival_time} --output results/skew_subpartition_k4_20261007/work_dist_20261007_p100_s3_split/stale_iris.txt
[sh] /home/ztr/miniconda3/bin/python3 apply_delta_to_graph.py --baseline results/baseline_graph_urbanos.nq --stale-iris results/skew_subpartition_k4_20261007/work_dist_20261007_p100_s3_split/stale_iris.txt --delta results/skew_subpartition_k4_20261007/work_dist_20261007_p100_s3_split/merged_delta.nq --output results/skew_subpartition_k4_20261007/current_graph_check.nq

[done] 分布式增量更新完成: results/skew_subpartition_k4_20261007/current_graph_check.nq
[done] 端到端耗时 8.55s -> results/skew_subpartition_k4_20261007/time_distributed_20261007_p100_s3_split.log
agency.txt: insert=0, update=0, stale(待删除旧行)=0
calendar.txt: insert=0, update=0, stale(待删除旧行)=0
calendar_dates.txt: insert=0, update=0, stale(待删除旧行)=0
[跳过] fare_attributes.txt（无对照文件或未配置主键，delta_dir中保留原样）
[跳过] fare_rules.txt（无对照文件或未配置主键，delta_dir中保留原样）
[跳过] feed_info.txt（无对照文件或未配置主键，delta_dir中保留原样）
frequencies.txt: insert=0, update=0, stale(待删除旧行)=0
routes.txt: insert=0, update=0, stale(待删除旧行)=0
shapes.txt: insert=0, update=0, stale(待删除旧行)=0
stop_times.txt: insert=9559, update=19118, stale(待删除旧行)=28677
stops.txt: insert=0, update=0, stale(待删除旧行)=0
trips.txt: insert=0, update=0, stale(待删除旧行)=0

delta_rows: 28677
[完成] delta写入 results/skew_subpartition_k4_20261007/work_dist_20261007_p100_s3_unsplit/delta，stale写入 results/skew_subpartition_k4_20261007/work_dist_20261007_p100_s3_unsplit/stale
[done] 写入 /home/ztr/KG/dist_work/20261007_p100_s3_unsplit/partition_0/mapping.ttl；替换了 1 处source路径
[done] 写入 /home/ztr/KG/dist_work/20261007_p100_s3_unsplit/partition_1/mapping.ttl；替换了 1 处source路径
[done] 写入 /home/ztr/KG/dist_work/20261007_p100_s3_unsplit/partition_2/mapping.ttl；替换了 1 处source路径
[done] 写入 /home/ztr/KG/dist_work/20261007_p100_s3_unsplit/partition_3/mapping.ttl；替换了 1 处source路径
[done] 28677 条待删除IRI写入 results/skew_subpartition_k4_20261007/work_dist_20261007_p100_s3_unsplit/stale_iris.txt
baseline=3774001, removed(按subject)=172122, delta_added=172047, updated=3773926
[sh] /home/ztr/miniconda3/bin/python3 compute_delta.py --before data/urbanos_before --after data/urbanos_skew_k4_p100_s3 --delta-dir results/skew_subpartition_k4_20261007/work_dist_20261007_p100_s3_unsplit/delta --stale-dir results/skew_subpartition_k4_20261007/work_dist_20261007_p100_s3_unsplit/stale
[partition] k=4, 各分区行数=[28677, 0, 0, 0]
[sh] /home/ztr/miniconda3/bin/python3 normalize_mapping.py --mapping delta_mapping_base.ttl --data-dir /home/ztr/KG/dist_work/20261007_p100_s3_unsplit/partition_0 --output /home/ztr/KG/dist_work/20261007_p100_s3_unsplit/partition_0/mapping.ttl
[sh] /home/ztr/miniconda3/bin/python3 normalize_mapping.py --mapping delta_mapping_base.ttl --data-dir /home/ztr/KG/dist_work/20261007_p100_s3_unsplit/partition_1 --output /home/ztr/KG/dist_work/20261007_p100_s3_unsplit/partition_1/mapping.ttl
[sh] /home/ztr/miniconda3/bin/python3 normalize_mapping.py --mapping delta_mapping_base.ttl --data-dir /home/ztr/KG/dist_work/20261007_p100_s3_unsplit/partition_2 --output /home/ztr/KG/dist_work/20261007_p100_s3_unsplit/partition_2/mapping.ttl
[sh] /home/ztr/miniconda3/bin/python3 normalize_mapping.py --mapping delta_mapping_base.ttl --data-dir /home/ztr/KG/dist_work/20261007_p100_s3_unsplit/partition_3 --output /home/ztr/KG/dist_work/20261007_p100_s3_unsplit/partition_3/mapping.ttl
[dispatch] 已推送4个任务到tasks:queue
[result] 20261007_p100_s3_unsplit-p3 status=ok attempts=0 mapped=0ms worker=23b78ffaa58b lock_wait=0ms (1/4)
[result] 20261007_p100_s3_unsplit-p2 status=ok attempts=0 mapped=0ms worker=cfe6aa420e8d lock_wait=0ms (2/4)
[result] 20261007_p100_s3_unsplit-p1 status=ok attempts=0 mapped=0ms worker=6331ebc89130 lock_wait=0ms (3/4)
[result] 20261007_p100_s3_unsplit-p0 status=ok attempts=0 mapped=1788ms worker=7832cce49622 lock_wait=0ms (4/4)
[merge] 合并完成 -> results/skew_subpartition_k4_20261007/work_dist_20261007_p100_s3_unsplit/merged_delta.nq
[sh] /home/ztr/miniconda3/bin/python3 compute_stale_iris.py --stale-file results/skew_subpartition_k4_20261007/work_dist_20261007_p100_s3_unsplit/stale/stop_times.txt --template http://transport.linkeddata.es/madrid/metro/stoptimes/{trip_id}-{stop_id}-{arrival_time} --output results/skew_subpartition_k4_20261007/work_dist_20261007_p100_s3_unsplit/stale_iris.txt
[sh] /home/ztr/miniconda3/bin/python3 apply_delta_to_graph.py --baseline results/baseline_graph_urbanos.nq --stale-iris results/skew_subpartition_k4_20261007/work_dist_20261007_p100_s3_unsplit/stale_iris.txt --delta results/skew_subpartition_k4_20261007/work_dist_20261007_p100_s3_unsplit/merged_delta.nq --output results/skew_subpartition_k4_20261007/current_graph_check.nq

[done] 分布式增量更新完成: results/skew_subpartition_k4_20261007/current_graph_check.nq
[done] 端到端耗时 10.63s -> results/skew_subpartition_k4_20261007/time_distributed_20261007_p100_s3_unsplit.log
[subpartition] verified delta p=100 seed=3
agency.txt: insert=0, update=0, stale(待删除旧行)=0
calendar.txt: insert=0, update=0, stale(待删除旧行)=0
calendar_dates.txt: insert=0, update=0, stale(待删除旧行)=0
[跳过] fare_attributes.txt（无对照文件或未配置主键，delta_dir中保留原样）
[跳过] fare_rules.txt（无对照文件或未配置主键，delta_dir中保留原样）
[跳过] feed_info.txt（无对照文件或未配置主键，delta_dir中保留原样）
frequencies.txt: insert=0, update=0, stale(待删除旧行)=0
routes.txt: insert=0, update=0, stale(待删除旧行)=0
shapes.txt: insert=0, update=0, stale(待删除旧行)=0
stop_times.txt: insert=9559, update=19118, stale(待删除旧行)=28677
stops.txt: insert=0, update=0, stale(待删除旧行)=0
trips.txt: insert=0, update=0, stale(待删除旧行)=0

delta_rows: 28677
[完成] delta写入 results/skew_subpartition_k4_20261007/work_dist_20261007_p000_s3_split/delta，stale写入 results/skew_subpartition_k4_20261007/work_dist_20261007_p000_s3_split/stale
[done] 写入 /home/ztr/KG/dist_work/20261007_p000_s3_split/partition_0/mapping.ttl；替换了 1 处source路径
[done] 写入 /home/ztr/KG/dist_work/20261007_p000_s3_split/partition_1/mapping.ttl；替换了 1 处source路径
[done] 写入 /home/ztr/KG/dist_work/20261007_p000_s3_split/partition_2/mapping.ttl；替换了 1 处source路径
[done] 写入 /home/ztr/KG/dist_work/20261007_p000_s3_split/partition_3/mapping.ttl；替换了 1 处source路径
[done] 28677 条待删除IRI写入 results/skew_subpartition_k4_20261007/work_dist_20261007_p000_s3_split/stale_iris.txt
baseline=3774001, removed(按subject)=172135, delta_added=172062, updated=3773928
[sh] /home/ztr/miniconda3/bin/python3 compute_delta.py --before data/urbanos_before --after data/urbanos_skew_k4_p000_s3 --delta-dir results/skew_subpartition_k4_20261007/work_dist_20261007_p000_s3_split/delta --stale-dir results/skew_subpartition_k4_20261007/work_dist_20261007_p000_s3_split/stale
[partition] k=4, 各分区行数=[7259, 7247, 6914, 7257]
[sh] /home/ztr/miniconda3/bin/python3 normalize_mapping.py --mapping delta_mapping_base.ttl --data-dir /home/ztr/KG/dist_work/20261007_p000_s3_split/partition_0 --output /home/ztr/KG/dist_work/20261007_p000_s3_split/partition_0/mapping.ttl
[sh] /home/ztr/miniconda3/bin/python3 normalize_mapping.py --mapping delta_mapping_base.ttl --data-dir /home/ztr/KG/dist_work/20261007_p000_s3_split/partition_1 --output /home/ztr/KG/dist_work/20261007_p000_s3_split/partition_1/mapping.ttl
[sh] /home/ztr/miniconda3/bin/python3 normalize_mapping.py --mapping delta_mapping_base.ttl --data-dir /home/ztr/KG/dist_work/20261007_p000_s3_split/partition_2 --output /home/ztr/KG/dist_work/20261007_p000_s3_split/partition_2/mapping.ttl
[sh] /home/ztr/miniconda3/bin/python3 normalize_mapping.py --mapping delta_mapping_base.ttl --data-dir /home/ztr/KG/dist_work/20261007_p000_s3_split/partition_3 --output /home/ztr/KG/dist_work/20261007_p000_s3_split/partition_3/mapping.ttl
[dispatch] 已推送4个任务到tasks:queue
[result] 20261007_p000_s3_split-p2 status=ok attempts=0 mapped=469ms worker=23b78ffaa58b lock_wait=0ms (1/4)
[result] 20261007_p000_s3_split-p3 status=ok attempts=0 mapped=481ms worker=7832cce49622 lock_wait=0ms (2/4)
[result] 20261007_p000_s3_split-p1 status=ok attempts=0 mapped=531ms worker=cfe6aa420e8d lock_wait=0ms (3/4)
[result] 20261007_p000_s3_split-p0 status=ok attempts=0 mapped=589ms worker=6331ebc89130 lock_wait=0ms (4/4)
[merge] 合并完成 -> results/skew_subpartition_k4_20261007/work_dist_20261007_p000_s3_split/merged_delta.nq
[sh] /home/ztr/miniconda3/bin/python3 compute_stale_iris.py --stale-file results/skew_subpartition_k4_20261007/work_dist_20261007_p000_s3_split/stale/stop_times.txt --template http://transport.linkeddata.es/madrid/metro/stoptimes/{trip_id}-{stop_id}-{arrival_time} --output results/skew_subpartition_k4_20261007/work_dist_20261007_p000_s3_split/stale_iris.txt
[sh] /home/ztr/miniconda3/bin/python3 apply_delta_to_graph.py --baseline results/baseline_graph_urbanos.nq --stale-iris results/skew_subpartition_k4_20261007/work_dist_20261007_p000_s3_split/stale_iris.txt --delta results/skew_subpartition_k4_20261007/work_dist_20261007_p000_s3_split/merged_delta.nq --output results/skew_subpartition_k4_20261007/current_graph_check.nq

[done] 分布式增量更新完成: results/skew_subpartition_k4_20261007/current_graph_check.nq
[done] 端到端耗时 8.64s -> results/skew_subpartition_k4_20261007/time_distributed_20261007_p000_s3_split.log
agency.txt: insert=0, update=0, stale(待删除旧行)=0
calendar.txt: insert=0, update=0, stale(待删除旧行)=0
calendar_dates.txt: insert=0, update=0, stale(待删除旧行)=0
[跳过] fare_attributes.txt（无对照文件或未配置主键，delta_dir中保留原样）
[跳过] fare_rules.txt（无对照文件或未配置主键，delta_dir中保留原样）
[跳过] feed_info.txt（无对照文件或未配置主键，delta_dir中保留原样）
frequencies.txt: insert=0, update=0, stale(待删除旧行)=0
routes.txt: insert=0, update=0, stale(待删除旧行)=0
shapes.txt: insert=0, update=0, stale(待删除旧行)=0
stop_times.txt: insert=9559, update=19118, stale(待删除旧行)=28677
stops.txt: insert=0, update=0, stale(待删除旧行)=0
trips.txt: insert=0, update=0, stale(待删除旧行)=0

delta_rows: 28677
[完成] delta写入 results/skew_subpartition_k4_20261007/work_dist_20261007_p000_s3_unsplit/delta，stale写入 results/skew_subpartition_k4_20261007/work_dist_20261007_p000_s3_unsplit/stale
[done] 写入 /home/ztr/KG/dist_work/20261007_p000_s3_unsplit/partition_0/mapping.ttl；替换了 1 处source路径
[done] 写入 /home/ztr/KG/dist_work/20261007_p000_s3_unsplit/partition_1/mapping.ttl；替换了 1 处source路径
[done] 写入 /home/ztr/KG/dist_work/20261007_p000_s3_unsplit/partition_2/mapping.ttl；替换了 1 处source路径
[done] 写入 /home/ztr/KG/dist_work/20261007_p000_s3_unsplit/partition_3/mapping.ttl；替换了 1 处source路径
[done] 28677 条待删除IRI写入 results/skew_subpartition_k4_20261007/work_dist_20261007_p000_s3_unsplit/stale_iris.txt
baseline=3774001, removed(按subject)=172135, delta_added=172062, updated=3773928
[sh] /home/ztr/miniconda3/bin/python3 compute_delta.py --before data/urbanos_before --after data/urbanos_skew_k4_p000_s3 --delta-dir results/skew_subpartition_k4_20261007/work_dist_20261007_p000_s3_unsplit/delta --stale-dir results/skew_subpartition_k4_20261007/work_dist_20261007_p000_s3_unsplit/stale
[partition] k=4, 各分区行数=[7259, 7247, 6914, 7257]
[sh] /home/ztr/miniconda3/bin/python3 normalize_mapping.py --mapping delta_mapping_base.ttl --data-dir /home/ztr/KG/dist_work/20261007_p000_s3_unsplit/partition_0 --output /home/ztr/KG/dist_work/20261007_p000_s3_unsplit/partition_0/mapping.ttl
[sh] /home/ztr/miniconda3/bin/python3 normalize_mapping.py --mapping delta_mapping_base.ttl --data-dir /home/ztr/KG/dist_work/20261007_p000_s3_unsplit/partition_1 --output /home/ztr/KG/dist_work/20261007_p000_s3_unsplit/partition_1/mapping.ttl
[sh] /home/ztr/miniconda3/bin/python3 normalize_mapping.py --mapping delta_mapping_base.ttl --data-dir /home/ztr/KG/dist_work/20261007_p000_s3_unsplit/partition_2 --output /home/ztr/KG/dist_work/20261007_p000_s3_unsplit/partition_2/mapping.ttl
[sh] /home/ztr/miniconda3/bin/python3 normalize_mapping.py --mapping delta_mapping_base.ttl --data-dir /home/ztr/KG/dist_work/20261007_p000_s3_unsplit/partition_3 --output /home/ztr/KG/dist_work/20261007_p000_s3_unsplit/partition_3/mapping.ttl
[dispatch] 已推送4个任务到tasks:queue
[result] 20261007_p000_s3_unsplit-p3 status=ok attempts=0 mapped=487ms worker=6331ebc89130 lock_wait=0ms (1/4)
[result] 20261007_p000_s3_unsplit-p0 status=ok attempts=0 mapped=513ms worker=23b78ffaa58b lock_wait=0ms (2/4)
[result] 20261007_p000_s3_unsplit-p2 status=ok attempts=0 mapped=529ms worker=cfe6aa420e8d lock_wait=0ms (3/4)
[result] 20261007_p000_s3_unsplit-p1 status=ok attempts=0 mapped=578ms worker=7832cce49622 lock_wait=0ms (4/4)
[merge] 合并完成 -> results/skew_subpartition_k4_20261007/work_dist_20261007_p000_s3_unsplit/merged_delta.nq
[sh] /home/ztr/miniconda3/bin/python3 compute_stale_iris.py --stale-file results/skew_subpartition_k4_20261007/work_dist_20261007_p000_s3_unsplit/stale/stop_times.txt --template http://transport.linkeddata.es/madrid/metro/stoptimes/{trip_id}-{stop_id}-{arrival_time} --output results/skew_subpartition_k4_20261007/work_dist_20261007_p000_s3_unsplit/stale_iris.txt
[sh] /home/ztr/miniconda3/bin/python3 apply_delta_to_graph.py --baseline results/baseline_graph_urbanos.nq --stale-iris results/skew_subpartition_k4_20261007/work_dist_20261007_p000_s3_unsplit/stale_iris.txt --delta results/skew_subpartition_k4_20261007/work_dist_20261007_p000_s3_unsplit/merged_delta.nq --output results/skew_subpartition_k4_20261007/current_graph_check.nq

[done] 分布式增量更新完成: results/skew_subpartition_k4_20261007/current_graph_check.nq
[done] 端到端耗时 8.48s -> results/skew_subpartition_k4_20261007/time_distributed_20261007_p000_s3_unsplit.log
[subpartition] verified delta p=000 seed=3
agency.txt: insert=0, update=0, stale(待删除旧行)=0
calendar.txt: insert=0, update=0, stale(待删除旧行)=0
calendar_dates.txt: insert=0, update=0, stale(待删除旧行)=0
[跳过] fare_attributes.txt（无对照文件或未配置主键，delta_dir中保留原样）
[跳过] fare_rules.txt（无对照文件或未配置主键，delta_dir中保留原样）
[跳过] feed_info.txt（无对照文件或未配置主键，delta_dir中保留原样）
frequencies.txt: insert=0, update=0, stale(待删除旧行)=0
routes.txt: insert=0, update=0, stale(待删除旧行)=0
shapes.txt: insert=0, update=0, stale(待删除旧行)=0
stop_times.txt: insert=9559, update=19118, stale(待删除旧行)=28677
stops.txt: insert=0, update=0, stale(待删除旧行)=0
trips.txt: insert=0, update=0, stale(待删除旧行)=0

delta_rows: 28677
[完成] delta写入 results/skew_subpartition_k4_20261007/work_dist_20261007_p025_s3_unsplit/delta，stale写入 results/skew_subpartition_k4_20261007/work_dist_20261007_p025_s3_unsplit/stale
[done] 写入 /home/ztr/KG/dist_work/20261007_p025_s3_unsplit/partition_0/mapping.ttl；替换了 1 处source路径
[done] 写入 /home/ztr/KG/dist_work/20261007_p025_s3_unsplit/partition_1/mapping.ttl；替换了 1 处source路径
[done] 写入 /home/ztr/KG/dist_work/20261007_p025_s3_unsplit/partition_2/mapping.ttl；替换了 1 处source路径
[done] 写入 /home/ztr/KG/dist_work/20261007_p025_s3_unsplit/partition_3/mapping.ttl；替换了 1 处source路径
[done] 28677 条待删除IRI写入 results/skew_subpartition_k4_20261007/work_dist_20261007_p025_s3_unsplit/stale_iris.txt
baseline=3774001, removed(按subject)=172112, delta_added=172042, updated=3773931
[sh] /home/ztr/miniconda3/bin/python3 compute_delta.py --before data/urbanos_before --after data/urbanos_skew_k4_p025_s3 --delta-dir results/skew_subpartition_k4_20261007/work_dist_20261007_p025_s3_unsplit/delta --stale-dir results/skew_subpartition_k4_20261007/work_dist_20261007_p025_s3_unsplit/stale
[partition] k=4, 各分区行数=[12469, 5458, 5194, 5556]
[sh] /home/ztr/miniconda3/bin/python3 normalize_mapping.py --mapping delta_mapping_base.ttl --data-dir /home/ztr/KG/dist_work/20261007_p025_s3_unsplit/partition_0 --output /home/ztr/KG/dist_work/20261007_p025_s3_unsplit/partition_0/mapping.ttl
[sh] /home/ztr/miniconda3/bin/python3 normalize_mapping.py --mapping delta_mapping_base.ttl --data-dir /home/ztr/KG/dist_work/20261007_p025_s3_unsplit/partition_1 --output /home/ztr/KG/dist_work/20261007_p025_s3_unsplit/partition_1/mapping.ttl
[sh] /home/ztr/miniconda3/bin/python3 normalize_mapping.py --mapping delta_mapping_base.ttl --data-dir /home/ztr/KG/dist_work/20261007_p025_s3_unsplit/partition_2 --output /home/ztr/KG/dist_work/20261007_p025_s3_unsplit/partition_2/mapping.ttl
[sh] /home/ztr/miniconda3/bin/python3 normalize_mapping.py --mapping delta_mapping_base.ttl --data-dir /home/ztr/KG/dist_work/20261007_p025_s3_unsplit/partition_3 --output /home/ztr/KG/dist_work/20261007_p025_s3_unsplit/partition_3/mapping.ttl
[dispatch] 已推送4个任务到tasks:queue
[result] 20261007_p025_s3_unsplit-p2 status=ok attempts=0 mapped=356ms worker=cfe6aa420e8d lock_wait=0ms (1/4)
[result] 20261007_p025_s3_unsplit-p3 status=ok attempts=0 mapped=374ms worker=7832cce49622 lock_wait=0ms (2/4)
[result] 20261007_p025_s3_unsplit-p1 status=ok attempts=0 mapped=408ms worker=23b78ffaa58b lock_wait=0ms (3/4)
[result] 20261007_p025_s3_unsplit-p0 status=ok attempts=0 mapped=836ms worker=6331ebc89130 lock_wait=0ms (4/4)
[merge] 合并完成 -> results/skew_subpartition_k4_20261007/work_dist_20261007_p025_s3_unsplit/merged_delta.nq
[sh] /home/ztr/miniconda3/bin/python3 compute_stale_iris.py --stale-file results/skew_subpartition_k4_20261007/work_dist_20261007_p025_s3_unsplit/stale/stop_times.txt --template http://transport.linkeddata.es/madrid/metro/stoptimes/{trip_id}-{stop_id}-{arrival_time} --output results/skew_subpartition_k4_20261007/work_dist_20261007_p025_s3_unsplit/stale_iris.txt
[sh] /home/ztr/miniconda3/bin/python3 apply_delta_to_graph.py --baseline results/baseline_graph_urbanos.nq --stale-iris results/skew_subpartition_k4_20261007/work_dist_20261007_p025_s3_unsplit/stale_iris.txt --delta results/skew_subpartition_k4_20261007/work_dist_20261007_p025_s3_unsplit/merged_delta.nq --output results/skew_subpartition_k4_20261007/current_graph_check.nq

[done] 分布式增量更新完成: results/skew_subpartition_k4_20261007/current_graph_check.nq
[done] 端到端耗时 8.89s -> results/skew_subpartition_k4_20261007/time_distributed_20261007_p025_s3_unsplit.log
agency.txt: insert=0, update=0, stale(待删除旧行)=0
calendar.txt: insert=0, update=0, stale(待删除旧行)=0
calendar_dates.txt: insert=0, update=0, stale(待删除旧行)=0
[跳过] fare_attributes.txt（无对照文件或未配置主键，delta_dir中保留原样）
[跳过] fare_rules.txt（无对照文件或未配置主键，delta_dir中保留原样）
[跳过] feed_info.txt（无对照文件或未配置主键，delta_dir中保留原样）
frequencies.txt: insert=0, update=0, stale(待删除旧行)=0
routes.txt: insert=0, update=0, stale(待删除旧行)=0
shapes.txt: insert=0, update=0, stale(待删除旧行)=0
stop_times.txt: insert=9559, update=19118, stale(待删除旧行)=28677
stops.txt: insert=0, update=0, stale(待删除旧行)=0
trips.txt: insert=0, update=0, stale(待删除旧行)=0

delta_rows: 28677
[完成] delta写入 results/skew_subpartition_k4_20261007/work_dist_20261007_p025_s3_split/delta，stale写入 results/skew_subpartition_k4_20261007/work_dist_20261007_p025_s3_split/stale
[done] 写入 /home/ztr/KG/dist_work/20261007_p025_s3_split/partition_0/subpartition_0/mapping.ttl；替换了 1 处source路径
[done] 写入 /home/ztr/KG/dist_work/20261007_p025_s3_split/partition_0/subpartition_1/mapping.ttl；替换了 1 处source路径
[done] 写入 /home/ztr/KG/dist_work/20261007_p025_s3_split/partition_0/subpartition_2/mapping.ttl；替换了 1 处source路径
[done] 写入 /home/ztr/KG/dist_work/20261007_p025_s3_split/partition_0/subpartition_3/mapping.ttl；替换了 1 处source路径
[done] 写入 /home/ztr/KG/dist_work/20261007_p025_s3_split/partition_1/mapping.ttl；替换了 1 处source路径
[done] 写入 /home/ztr/KG/dist_work/20261007_p025_s3_split/partition_2/mapping.ttl；替换了 1 处source路径
[done] 写入 /home/ztr/KG/dist_work/20261007_p025_s3_split/partition_3/mapping.ttl；替换了 1 处source路径
[done] 28677 条待删除IRI写入 results/skew_subpartition_k4_20261007/work_dist_20261007_p025_s3_split/stale_iris.txt
baseline=3774001, removed(按subject)=172112, delta_added=172042, updated=3773931
[sh] /home/ztr/miniconda3/bin/python3 compute_delta.py --before data/urbanos_before --after data/urbanos_skew_k4_p025_s3 --delta-dir results/skew_subpartition_k4_20261007/work_dist_20261007_p025_s3_split/delta --stale-dir results/skew_subpartition_k4_20261007/work_dist_20261007_p025_s3_split/stale
[partition] k=4, 各分区行数=[12469, 5458, 5194, 5556]
[sh] /home/ztr/miniconda3/bin/python3 normalize_mapping.py --mapping delta_mapping_base.ttl --data-dir /home/ztr/KG/dist_work/20261007_p025_s3_split/partition_0/subpartition_0 --output /home/ztr/KG/dist_work/20261007_p025_s3_split/partition_0/subpartition_0/mapping.ttl
[sh] /home/ztr/miniconda3/bin/python3 normalize_mapping.py --mapping delta_mapping_base.ttl --data-dir /home/ztr/KG/dist_work/20261007_p025_s3_split/partition_0/subpartition_1 --output /home/ztr/KG/dist_work/20261007_p025_s3_split/partition_0/subpartition_1/mapping.ttl
[sh] /home/ztr/miniconda3/bin/python3 normalize_mapping.py --mapping delta_mapping_base.ttl --data-dir /home/ztr/KG/dist_work/20261007_p025_s3_split/partition_0/subpartition_2 --output /home/ztr/KG/dist_work/20261007_p025_s3_split/partition_0/subpartition_2/mapping.ttl
[sh] /home/ztr/miniconda3/bin/python3 normalize_mapping.py --mapping delta_mapping_base.ttl --data-dir /home/ztr/KG/dist_work/20261007_p025_s3_split/partition_0/subpartition_3 --output /home/ztr/KG/dist_work/20261007_p025_s3_split/partition_0/subpartition_3/mapping.ttl
[sh] /home/ztr/miniconda3/bin/python3 normalize_mapping.py --mapping delta_mapping_base.ttl --data-dir /home/ztr/KG/dist_work/20261007_p025_s3_split/partition_1 --output /home/ztr/KG/dist_work/20261007_p025_s3_split/partition_1/mapping.ttl
[sh] /home/ztr/miniconda3/bin/python3 normalize_mapping.py --mapping delta_mapping_base.ttl --data-dir /home/ztr/KG/dist_work/20261007_p025_s3_split/partition_2 --output /home/ztr/KG/dist_work/20261007_p025_s3_split/partition_2/mapping.ttl
[sh] /home/ztr/miniconda3/bin/python3 normalize_mapping.py --mapping delta_mapping_base.ttl --data-dir /home/ztr/KG/dist_work/20261007_p025_s3_split/partition_3 --output /home/ztr/KG/dist_work/20261007_p025_s3_split/partition_3/mapping.ttl
[dispatch] 已推送7个任务到tasks:queue
[result] 20261007_p025_s3_split-p0-s1 status=ok attempts=0 mapped=224ms worker=7832cce49622 lock_wait=0ms (1/7)
[result] 20261007_p025_s3_split-p0-s3 status=ok attempts=0 mapped=228ms worker=6331ebc89130 lock_wait=0ms (2/7)
[result] 20261007_p025_s3_split-p0-s0 status=ok attempts=0 mapped=239ms worker=cfe6aa420e8d lock_wait=0ms (3/7)
[result] 20261007_p025_s3_split-p0-s2 status=ok attempts=0 mapped=264ms worker=23b78ffaa58b lock_wait=0ms (4/7)
[result] 20261007_p025_s3_split-p1 status=ok attempts=0 mapped=353ms worker=7832cce49622 lock_wait=0ms (5/7)
[result] 20261007_p025_s3_split-p2 status=ok attempts=0 mapped=356ms worker=6331ebc89130 lock_wait=0ms (6/7)
[result] 20261007_p025_s3_split-p3 status=ok attempts=0 mapped=379ms worker=cfe6aa420e8d lock_wait=0ms (7/7)
[merge] 合并完成 -> results/skew_subpartition_k4_20261007/work_dist_20261007_p025_s3_split/merged_delta.nq
[sh] /home/ztr/miniconda3/bin/python3 compute_stale_iris.py --stale-file results/skew_subpartition_k4_20261007/work_dist_20261007_p025_s3_split/stale/stop_times.txt --template http://transport.linkeddata.es/madrid/metro/stoptimes/{trip_id}-{stop_id}-{arrival_time} --output results/skew_subpartition_k4_20261007/work_dist_20261007_p025_s3_split/stale_iris.txt
[sh] /home/ztr/miniconda3/bin/python3 apply_delta_to_graph.py --baseline results/baseline_graph_urbanos.nq --stale-iris results/skew_subpartition_k4_20261007/work_dist_20261007_p025_s3_split/stale_iris.txt --delta results/skew_subpartition_k4_20261007/work_dist_20261007_p025_s3_split/merged_delta.nq --output results/skew_subpartition_k4_20261007/current_graph_check.nq

[done] 分布式增量更新完成: results/skew_subpartition_k4_20261007/current_graph_check.nq
[done] 端到端耗时 8.98s -> results/skew_subpartition_k4_20261007/time_distributed_20261007_p025_s3_split.log
[subpartition] verified delta p=025 seed=3
agency.txt: insert=0, update=0, stale(待删除旧行)=0
calendar.txt: insert=0, update=0, stale(待删除旧行)=0
calendar_dates.txt: insert=0, update=0, stale(待删除旧行)=0
[跳过] fare_attributes.txt（无对照文件或未配置主键，delta_dir中保留原样）
[跳过] fare_rules.txt（无对照文件或未配置主键，delta_dir中保留原样）
[跳过] feed_info.txt（无对照文件或未配置主键，delta_dir中保留原样）
frequencies.txt: insert=0, update=0, stale(待删除旧行)=0
routes.txt: insert=0, update=0, stale(待删除旧行)=0
shapes.txt: insert=0, update=0, stale(待删除旧行)=0
stop_times.txt: insert=9559, update=19118, stale(待删除旧行)=28677
stops.txt: insert=0, update=0, stale(待删除旧行)=0
trips.txt: insert=0, update=0, stale(待删除旧行)=0

delta_rows: 28677
[完成] delta写入 results/skew_subpartition_k4_20261007/work_dist_20261007_p075_s4_split/delta，stale写入 results/skew_subpartition_k4_20261007/work_dist_20261007_p075_s4_split/stale
[done] 写入 /home/ztr/KG/dist_work/20261007_p075_s4_split/partition_0/subpartition_0/mapping.ttl；替换了 1 处source路径
[done] 写入 /home/ztr/KG/dist_work/20261007_p075_s4_split/partition_0/subpartition_1/mapping.ttl；替换了 1 处source路径
[done] 写入 /home/ztr/KG/dist_work/20261007_p075_s4_split/partition_0/subpartition_2/mapping.ttl；替换了 1 处source路径
[done] 写入 /home/ztr/KG/dist_work/20261007_p075_s4_split/partition_0/subpartition_3/mapping.ttl；替换了 1 处source路径
[done] 写入 /home/ztr/KG/dist_work/20261007_p075_s4_split/partition_1/mapping.ttl；替换了 1 处source路径
[done] 写入 /home/ztr/KG/dist_work/20261007_p075_s4_split/partition_2/mapping.ttl；替换了 1 处source路径
[done] 写入 /home/ztr/KG/dist_work/20261007_p075_s4_split/partition_3/mapping.ttl；替换了 1 处source路径
[done] 28677 条待删除IRI写入 results/skew_subpartition_k4_20261007/work_dist_20261007_p075_s4_split/stale_iris.txt
baseline=3774001, removed(按subject)=172126, delta_added=172057, updated=3773932
[sh] /home/ztr/miniconda3/bin/python3 compute_delta.py --before data/urbanos_before --after data/urbanos_skew_k4_p075_s4 --delta-dir results/skew_subpartition_k4_20261007/work_dist_20261007_p075_s4_split/delta --stale-dir results/skew_subpartition_k4_20261007/work_dist_20261007_p075_s4_split/stale
[partition] k=4, 各分区行数=[23114, 1842, 1856, 1865]
[sh] /home/ztr/miniconda3/bin/python3 normalize_mapping.py --mapping delta_mapping_base.ttl --data-dir /home/ztr/KG/dist_work/20261007_p075_s4_split/partition_0/subpartition_0 --output /home/ztr/KG/dist_work/20261007_p075_s4_split/partition_0/subpartition_0/mapping.ttl
[sh] /home/ztr/miniconda3/bin/python3 normalize_mapping.py --mapping delta_mapping_base.ttl --data-dir /home/ztr/KG/dist_work/20261007_p075_s4_split/partition_0/subpartition_1 --output /home/ztr/KG/dist_work/20261007_p075_s4_split/partition_0/subpartition_1/mapping.ttl
[sh] /home/ztr/miniconda3/bin/python3 normalize_mapping.py --mapping delta_mapping_base.ttl --data-dir /home/ztr/KG/dist_work/20261007_p075_s4_split/partition_0/subpartition_2 --output /home/ztr/KG/dist_work/20261007_p075_s4_split/partition_0/subpartition_2/mapping.ttl
[sh] /home/ztr/miniconda3/bin/python3 normalize_mapping.py --mapping delta_mapping_base.ttl --data-dir /home/ztr/KG/dist_work/20261007_p075_s4_split/partition_0/subpartition_3 --output /home/ztr/KG/dist_work/20261007_p075_s4_split/partition_0/subpartition_3/mapping.ttl
[sh] /home/ztr/miniconda3/bin/python3 normalize_mapping.py --mapping delta_mapping_base.ttl --data-dir /home/ztr/KG/dist_work/20261007_p075_s4_split/partition_1 --output /home/ztr/KG/dist_work/20261007_p075_s4_split/partition_1/mapping.ttl
[sh] /home/ztr/miniconda3/bin/python3 normalize_mapping.py --mapping delta_mapping_base.ttl --data-dir /home/ztr/KG/dist_work/20261007_p075_s4_split/partition_2 --output /home/ztr/KG/dist_work/20261007_p075_s4_split/partition_2/mapping.ttl
[sh] /home/ztr/miniconda3/bin/python3 normalize_mapping.py --mapping delta_mapping_base.ttl --data-dir /home/ztr/KG/dist_work/20261007_p075_s4_split/partition_3 --output /home/ztr/KG/dist_work/20261007_p075_s4_split/partition_3/mapping.ttl
[dispatch] 已推送7个任务到tasks:queue
[result] 20261007_p075_s4_split-p0-s2 status=ok attempts=0 mapped=402ms worker=6331ebc89130 lock_wait=0ms (1/7)
[result] 20261007_p075_s4_split-p0-s3 status=ok attempts=0 mapped=420ms worker=cfe6aa420e8d lock_wait=0ms (2/7)
[result] 20261007_p075_s4_split-p0-s1 status=ok attempts=0 mapped=424ms worker=7832cce49622 lock_wait=0ms (3/7)
[result] 20261007_p075_s4_split-p0-s0 status=ok attempts=0 mapped=473ms worker=23b78ffaa58b lock_wait=0ms (4/7)
[result] 20261007_p075_s4_split-p2 status=ok attempts=0 mapped=135ms worker=cfe6aa420e8d lock_wait=0ms (5/7)
[result] 20261007_p075_s4_split-p3 status=ok attempts=0 mapped=135ms worker=7832cce49622 lock_wait=0ms (6/7)
[result] 20261007_p075_s4_split-p1 status=ok attempts=0 mapped=205ms worker=6331ebc89130 lock_wait=0ms (7/7)
[merge] 合并完成 -> results/skew_subpartition_k4_20261007/work_dist_20261007_p075_s4_split/merged_delta.nq
[sh] /home/ztr/miniconda3/bin/python3 compute_stale_iris.py --stale-file results/skew_subpartition_k4_20261007/work_dist_20261007_p075_s4_split/stale/stop_times.txt --template http://transport.linkeddata.es/madrid/metro/stoptimes/{trip_id}-{stop_id}-{arrival_time} --output results/skew_subpartition_k4_20261007/work_dist_20261007_p075_s4_split/stale_iris.txt
[sh] /home/ztr/miniconda3/bin/python3 apply_delta_to_graph.py --baseline results/baseline_graph_urbanos.nq --stale-iris results/skew_subpartition_k4_20261007/work_dist_20261007_p075_s4_split/stale_iris.txt --delta results/skew_subpartition_k4_20261007/work_dist_20261007_p075_s4_split/merged_delta.nq --output results/skew_subpartition_k4_20261007/current_graph_check.nq

[done] 分布式增量更新完成: results/skew_subpartition_k4_20261007/current_graph_check.nq
[done] 端到端耗时 8.22s -> results/skew_subpartition_k4_20261007/time_distributed_20261007_p075_s4_split.log
agency.txt: insert=0, update=0, stale(待删除旧行)=0
calendar.txt: insert=0, update=0, stale(待删除旧行)=0
calendar_dates.txt: insert=0, update=0, stale(待删除旧行)=0
[跳过] fare_attributes.txt（无对照文件或未配置主键，delta_dir中保留原样）
[跳过] fare_rules.txt（无对照文件或未配置主键，delta_dir中保留原样）
[跳过] feed_info.txt（无对照文件或未配置主键，delta_dir中保留原样）
frequencies.txt: insert=0, update=0, stale(待删除旧行)=0
routes.txt: insert=0, update=0, stale(待删除旧行)=0
shapes.txt: insert=0, update=0, stale(待删除旧行)=0
stop_times.txt: insert=9559, update=19118, stale(待删除旧行)=28677
stops.txt: insert=0, update=0, stale(待删除旧行)=0
trips.txt: insert=0, update=0, stale(待删除旧行)=0

delta_rows: 28677
[完成] delta写入 results/skew_subpartition_k4_20261007/work_dist_20261007_p075_s4_unsplit/delta，stale写入 results/skew_subpartition_k4_20261007/work_dist_20261007_p075_s4_unsplit/stale
[done] 写入 /home/ztr/KG/dist_work/20261007_p075_s4_unsplit/partition_0/mapping.ttl；替换了 1 处source路径
[done] 写入 /home/ztr/KG/dist_work/20261007_p075_s4_unsplit/partition_1/mapping.ttl；替换了 1 处source路径
[done] 写入 /home/ztr/KG/dist_work/20261007_p075_s4_unsplit/partition_2/mapping.ttl；替换了 1 处source路径
[done] 写入 /home/ztr/KG/dist_work/20261007_p075_s4_unsplit/partition_3/mapping.ttl；替换了 1 处source路径
[done] 28677 条待删除IRI写入 results/skew_subpartition_k4_20261007/work_dist_20261007_p075_s4_unsplit/stale_iris.txt
baseline=3774001, removed(按subject)=172126, delta_added=172057, updated=3773932
[sh] /home/ztr/miniconda3/bin/python3 compute_delta.py --before data/urbanos_before --after data/urbanos_skew_k4_p075_s4 --delta-dir results/skew_subpartition_k4_20261007/work_dist_20261007_p075_s4_unsplit/delta --stale-dir results/skew_subpartition_k4_20261007/work_dist_20261007_p075_s4_unsplit/stale
[partition] k=4, 各分区行数=[23114, 1842, 1856, 1865]
[sh] /home/ztr/miniconda3/bin/python3 normalize_mapping.py --mapping delta_mapping_base.ttl --data-dir /home/ztr/KG/dist_work/20261007_p075_s4_unsplit/partition_0 --output /home/ztr/KG/dist_work/20261007_p075_s4_unsplit/partition_0/mapping.ttl
[sh] /home/ztr/miniconda3/bin/python3 normalize_mapping.py --mapping delta_mapping_base.ttl --data-dir /home/ztr/KG/dist_work/20261007_p075_s4_unsplit/partition_1 --output /home/ztr/KG/dist_work/20261007_p075_s4_unsplit/partition_1/mapping.ttl
[sh] /home/ztr/miniconda3/bin/python3 normalize_mapping.py --mapping delta_mapping_base.ttl --data-dir /home/ztr/KG/dist_work/20261007_p075_s4_unsplit/partition_2 --output /home/ztr/KG/dist_work/20261007_p075_s4_unsplit/partition_2/mapping.ttl
[sh] /home/ztr/miniconda3/bin/python3 normalize_mapping.py --mapping delta_mapping_base.ttl --data-dir /home/ztr/KG/dist_work/20261007_p075_s4_unsplit/partition_3 --output /home/ztr/KG/dist_work/20261007_p075_s4_unsplit/partition_3/mapping.ttl
[dispatch] 已推送4个任务到tasks:queue
[result] 20261007_p075_s4_unsplit-p2 status=ok attempts=0 mapped=133ms worker=7832cce49622 lock_wait=0ms (1/4)
[result] 20261007_p075_s4_unsplit-p3 status=ok attempts=0 mapped=132ms worker=6331ebc89130 lock_wait=0ms (2/4)
[result] 20261007_p075_s4_unsplit-p1 status=ok attempts=0 mapped=135ms worker=cfe6aa420e8d lock_wait=0ms (3/4)
[result] 20261007_p075_s4_unsplit-p0 status=ok attempts=0 mapped=1535ms worker=23b78ffaa58b lock_wait=0ms (4/4)
[merge] 合并完成 -> results/skew_subpartition_k4_20261007/work_dist_20261007_p075_s4_unsplit/merged_delta.nq
[sh] /home/ztr/miniconda3/bin/python3 compute_stale_iris.py --stale-file results/skew_subpartition_k4_20261007/work_dist_20261007_p075_s4_unsplit/stale/stop_times.txt --template http://transport.linkeddata.es/madrid/metro/stoptimes/{trip_id}-{stop_id}-{arrival_time} --output results/skew_subpartition_k4_20261007/work_dist_20261007_p075_s4_unsplit/stale_iris.txt
[sh] /home/ztr/miniconda3/bin/python3 apply_delta_to_graph.py --baseline results/baseline_graph_urbanos.nq --stale-iris results/skew_subpartition_k4_20261007/work_dist_20261007_p075_s4_unsplit/stale_iris.txt --delta results/skew_subpartition_k4_20261007/work_dist_20261007_p075_s4_unsplit/merged_delta.nq --output results/skew_subpartition_k4_20261007/current_graph_check.nq

[done] 分布式增量更新完成: results/skew_subpartition_k4_20261007/current_graph_check.nq
[done] 端到端耗时 9.42s -> results/skew_subpartition_k4_20261007/time_distributed_20261007_p075_s4_unsplit.log
[subpartition] verified delta p=075 seed=4
agency.txt: insert=0, update=0, stale(待删除旧行)=0
calendar.txt: insert=0, update=0, stale(待删除旧行)=0
calendar_dates.txt: insert=0, update=0, stale(待删除旧行)=0
[跳过] fare_attributes.txt（无对照文件或未配置主键，delta_dir中保留原样）
[跳过] fare_rules.txt（无对照文件或未配置主键，delta_dir中保留原样）
[跳过] feed_info.txt（无对照文件或未配置主键，delta_dir中保留原样）
frequencies.txt: insert=0, update=0, stale(待删除旧行)=0
routes.txt: insert=0, update=0, stale(待删除旧行)=0
shapes.txt: insert=0, update=0, stale(待删除旧行)=0
stop_times.txt: insert=9559, update=19118, stale(待删除旧行)=28677
stops.txt: insert=0, update=0, stale(待删除旧行)=0
trips.txt: insert=0, update=0, stale(待删除旧行)=0

delta_rows: 28677
[完成] delta写入 results/skew_subpartition_k4_20261007/work_dist_20261007_p100_s4_unsplit/delta，stale写入 results/skew_subpartition_k4_20261007/work_dist_20261007_p100_s4_unsplit/stale
[done] 写入 /home/ztr/KG/dist_work/20261007_p100_s4_unsplit/partition_0/mapping.ttl；替换了 1 处source路径
[done] 写入 /home/ztr/KG/dist_work/20261007_p100_s4_unsplit/partition_1/mapping.ttl；替换了 1 处source路径
[done] 写入 /home/ztr/KG/dist_work/20261007_p100_s4_unsplit/partition_2/mapping.ttl；替换了 1 处source路径
[done] 写入 /home/ztr/KG/dist_work/20261007_p100_s4_unsplit/partition_3/mapping.ttl；替换了 1 处source路径
[done] 28677 条待删除IRI写入 results/skew_subpartition_k4_20261007/work_dist_20261007_p100_s4_unsplit/stale_iris.txt
baseline=3774001, removed(按subject)=172122, delta_added=172052, updated=3773931
[sh] /home/ztr/miniconda3/bin/python3 compute_delta.py --before data/urbanos_before --after data/urbanos_skew_k4_p100_s4 --delta-dir results/skew_subpartition_k4_20261007/work_dist_20261007_p100_s4_unsplit/delta --stale-dir results/skew_subpartition_k4_20261007/work_dist_20261007_p100_s4_unsplit/stale
[partition] k=4, 各分区行数=[28677, 0, 0, 0]
[sh] /home/ztr/miniconda3/bin/python3 normalize_mapping.py --mapping delta_mapping_base.ttl --data-dir /home/ztr/KG/dist_work/20261007_p100_s4_unsplit/partition_0 --output /home/ztr/KG/dist_work/20261007_p100_s4_unsplit/partition_0/mapping.ttl
[sh] /home/ztr/miniconda3/bin/python3 normalize_mapping.py --mapping delta_mapping_base.ttl --data-dir /home/ztr/KG/dist_work/20261007_p100_s4_unsplit/partition_1 --output /home/ztr/KG/dist_work/20261007_p100_s4_unsplit/partition_1/mapping.ttl
[sh] /home/ztr/miniconda3/bin/python3 normalize_mapping.py --mapping delta_mapping_base.ttl --data-dir /home/ztr/KG/dist_work/20261007_p100_s4_unsplit/partition_2 --output /home/ztr/KG/dist_work/20261007_p100_s4_unsplit/partition_2/mapping.ttl
[sh] /home/ztr/miniconda3/bin/python3 normalize_mapping.py --mapping delta_mapping_base.ttl --data-dir /home/ztr/KG/dist_work/20261007_p100_s4_unsplit/partition_3 --output /home/ztr/KG/dist_work/20261007_p100_s4_unsplit/partition_3/mapping.ttl
[dispatch] 已推送4个任务到tasks:queue
[result] 20261007_p100_s4_unsplit-p2 status=ok attempts=0 mapped=0ms worker=cfe6aa420e8d lock_wait=0ms (1/4)
[result] 20261007_p100_s4_unsplit-p1 status=ok attempts=0 mapped=0ms worker=6331ebc89130 lock_wait=0ms (2/4)
[result] 20261007_p100_s4_unsplit-p3 status=ok attempts=0 mapped=0ms worker=23b78ffaa58b lock_wait=0ms (3/4)
[result] 20261007_p100_s4_unsplit-p0 status=ok attempts=0 mapped=1813ms worker=7832cce49622 lock_wait=0ms (4/4)
[merge] 合并完成 -> results/skew_subpartition_k4_20261007/work_dist_20261007_p100_s4_unsplit/merged_delta.nq
[sh] /home/ztr/miniconda3/bin/python3 compute_stale_iris.py --stale-file results/skew_subpartition_k4_20261007/work_dist_20261007_p100_s4_unsplit/stale/stop_times.txt --template http://transport.linkeddata.es/madrid/metro/stoptimes/{trip_id}-{stop_id}-{arrival_time} --output results/skew_subpartition_k4_20261007/work_dist_20261007_p100_s4_unsplit/stale_iris.txt
[sh] /home/ztr/miniconda3/bin/python3 apply_delta_to_graph.py --baseline results/baseline_graph_urbanos.nq --stale-iris results/skew_subpartition_k4_20261007/work_dist_20261007_p100_s4_unsplit/stale_iris.txt --delta results/skew_subpartition_k4_20261007/work_dist_20261007_p100_s4_unsplit/merged_delta.nq --output results/skew_subpartition_k4_20261007/current_graph_check.nq

[done] 分布式增量更新完成: results/skew_subpartition_k4_20261007/current_graph_check.nq
[done] 端到端耗时 9.97s -> results/skew_subpartition_k4_20261007/time_distributed_20261007_p100_s4_unsplit.log
agency.txt: insert=0, update=0, stale(待删除旧行)=0
calendar.txt: insert=0, update=0, stale(待删除旧行)=0
calendar_dates.txt: insert=0, update=0, stale(待删除旧行)=0
[跳过] fare_attributes.txt（无对照文件或未配置主键，delta_dir中保留原样）
[跳过] fare_rules.txt（无对照文件或未配置主键，delta_dir中保留原样）
[跳过] feed_info.txt（无对照文件或未配置主键，delta_dir中保留原样）
frequencies.txt: insert=0, update=0, stale(待删除旧行)=0
routes.txt: insert=0, update=0, stale(待删除旧行)=0
shapes.txt: insert=0, update=0, stale(待删除旧行)=0
stop_times.txt: insert=9559, update=19118, stale(待删除旧行)=28677
stops.txt: insert=0, update=0, stale(待删除旧行)=0
trips.txt: insert=0, update=0, stale(待删除旧行)=0

delta_rows: 28677
[完成] delta写入 results/skew_subpartition_k4_20261007/work_dist_20261007_p100_s4_split/delta，stale写入 results/skew_subpartition_k4_20261007/work_dist_20261007_p100_s4_split/stale
[done] 写入 /home/ztr/KG/dist_work/20261007_p100_s4_split/partition_0/subpartition_0/mapping.ttl；替换了 1 处source路径
[done] 写入 /home/ztr/KG/dist_work/20261007_p100_s4_split/partition_0/subpartition_1/mapping.ttl；替换了 1 处source路径
[done] 写入 /home/ztr/KG/dist_work/20261007_p100_s4_split/partition_0/subpartition_2/mapping.ttl；替换了 1 处source路径
[done] 写入 /home/ztr/KG/dist_work/20261007_p100_s4_split/partition_0/subpartition_3/mapping.ttl；替换了 1 处source路径
[done] 写入 /home/ztr/KG/dist_work/20261007_p100_s4_split/partition_1/mapping.ttl；替换了 1 处source路径
[done] 写入 /home/ztr/KG/dist_work/20261007_p100_s4_split/partition_2/mapping.ttl；替换了 1 处source路径
[done] 写入 /home/ztr/KG/dist_work/20261007_p100_s4_split/partition_3/mapping.ttl；替换了 1 处source路径
[done] 28677 条待删除IRI写入 results/skew_subpartition_k4_20261007/work_dist_20261007_p100_s4_split/stale_iris.txt
baseline=3774001, removed(按subject)=172122, delta_added=172052, updated=3773931
[sh] /home/ztr/miniconda3/bin/python3 compute_delta.py --before data/urbanos_before --after data/urbanos_skew_k4_p100_s4 --delta-dir results/skew_subpartition_k4_20261007/work_dist_20261007_p100_s4_split/delta --stale-dir results/skew_subpartition_k4_20261007/work_dist_20261007_p100_s4_split/stale
[partition] k=4, 各分区行数=[28677, 0, 0, 0]
[sh] /home/ztr/miniconda3/bin/python3 normalize_mapping.py --mapping delta_mapping_base.ttl --data-dir /home/ztr/KG/dist_work/20261007_p100_s4_split/partition_0/subpartition_0 --output /home/ztr/KG/dist_work/20261007_p100_s4_split/partition_0/subpartition_0/mapping.ttl
[sh] /home/ztr/miniconda3/bin/python3 normalize_mapping.py --mapping delta_mapping_base.ttl --data-dir /home/ztr/KG/dist_work/20261007_p100_s4_split/partition_0/subpartition_1 --output /home/ztr/KG/dist_work/20261007_p100_s4_split/partition_0/subpartition_1/mapping.ttl
[sh] /home/ztr/miniconda3/bin/python3 normalize_mapping.py --mapping delta_mapping_base.ttl --data-dir /home/ztr/KG/dist_work/20261007_p100_s4_split/partition_0/subpartition_2 --output /home/ztr/KG/dist_work/20261007_p100_s4_split/partition_0/subpartition_2/mapping.ttl
[sh] /home/ztr/miniconda3/bin/python3 normalize_mapping.py --mapping delta_mapping_base.ttl --data-dir /home/ztr/KG/dist_work/20261007_p100_s4_split/partition_0/subpartition_3 --output /home/ztr/KG/dist_work/20261007_p100_s4_split/partition_0/subpartition_3/mapping.ttl
[sh] /home/ztr/miniconda3/bin/python3 normalize_mapping.py --mapping delta_mapping_base.ttl --data-dir /home/ztr/KG/dist_work/20261007_p100_s4_split/partition_1 --output /home/ztr/KG/dist_work/20261007_p100_s4_split/partition_1/mapping.ttl
[sh] /home/ztr/miniconda3/bin/python3 normalize_mapping.py --mapping delta_mapping_base.ttl --data-dir /home/ztr/KG/dist_work/20261007_p100_s4_split/partition_2 --output /home/ztr/KG/dist_work/20261007_p100_s4_split/partition_2/mapping.ttl
[sh] /home/ztr/miniconda3/bin/python3 normalize_mapping.py --mapping delta_mapping_base.ttl --data-dir /home/ztr/KG/dist_work/20261007_p100_s4_split/partition_3 --output /home/ztr/KG/dist_work/20261007_p100_s4_split/partition_3/mapping.ttl
[dispatch] 已推送7个任务到tasks:queue
[result] 20261007_p100_s4_split-p0-s3 status=ok attempts=0 mapped=443ms worker=7832cce49622 lock_wait=0ms (1/7)
[result] 20261007_p100_s4_split-p1 status=ok attempts=0 mapped=0ms worker=7832cce49622 lock_wait=0ms (2/7)
[result] 20261007_p100_s4_split-p2 status=ok attempts=0 mapped=0ms worker=7832cce49622 lock_wait=0ms (3/7)
[result] 20261007_p100_s4_split-p3 status=ok attempts=0 mapped=0ms worker=7832cce49622 lock_wait=0ms (4/7)
[result] 20261007_p100_s4_split-p0-s2 status=ok attempts=0 mapped=486ms worker=23b78ffaa58b lock_wait=0ms (5/7)
[result] 20261007_p100_s4_split-p0-s1 status=ok attempts=0 mapped=490ms worker=cfe6aa420e8d lock_wait=0ms (6/7)
[result] 20261007_p100_s4_split-p0-s0 status=ok attempts=0 mapped=521ms worker=6331ebc89130 lock_wait=0ms (7/7)
[merge] 合并完成 -> results/skew_subpartition_k4_20261007/work_dist_20261007_p100_s4_split/merged_delta.nq
[sh] /home/ztr/miniconda3/bin/python3 compute_stale_iris.py --stale-file results/skew_subpartition_k4_20261007/work_dist_20261007_p100_s4_split/stale/stop_times.txt --template http://transport.linkeddata.es/madrid/metro/stoptimes/{trip_id}-{stop_id}-{arrival_time} --output results/skew_subpartition_k4_20261007/work_dist_20261007_p100_s4_split/stale_iris.txt
[sh] /home/ztr/miniconda3/bin/python3 apply_delta_to_graph.py --baseline results/baseline_graph_urbanos.nq --stale-iris results/skew_subpartition_k4_20261007/work_dist_20261007_p100_s4_split/stale_iris.txt --delta results/skew_subpartition_k4_20261007/work_dist_20261007_p100_s4_split/merged_delta.nq --output results/skew_subpartition_k4_20261007/current_graph_check.nq

[done] 分布式增量更新完成: results/skew_subpartition_k4_20261007/current_graph_check.nq
[done] 端到端耗时 9.03s -> results/skew_subpartition_k4_20261007/time_distributed_20261007_p100_s4_split.log
[subpartition] verified delta p=100 seed=4
agency.txt: insert=0, update=0, stale(待删除旧行)=0
calendar.txt: insert=0, update=0, stale(待删除旧行)=0
calendar_dates.txt: insert=0, update=0, stale(待删除旧行)=0
[跳过] fare_attributes.txt（无对照文件或未配置主键，delta_dir中保留原样）
[跳过] fare_rules.txt（无对照文件或未配置主键，delta_dir中保留原样）
[跳过] feed_info.txt（无对照文件或未配置主键，delta_dir中保留原样）
frequencies.txt: insert=0, update=0, stale(待删除旧行)=0
routes.txt: insert=0, update=0, stale(待删除旧行)=0
shapes.txt: insert=0, update=0, stale(待删除旧行)=0
stop_times.txt: insert=9559, update=19118, stale(待删除旧行)=28677
stops.txt: insert=0, update=0, stale(待删除旧行)=0
trips.txt: insert=0, update=0, stale(待删除旧行)=0

delta_rows: 28677
[完成] delta写入 results/skew_subpartition_k4_20261007/work_dist_20261007_p000_s4_unsplit/delta，stale写入 results/skew_subpartition_k4_20261007/work_dist_20261007_p000_s4_unsplit/stale
[done] 写入 /home/ztr/KG/dist_work/20261007_p000_s4_unsplit/partition_0/mapping.ttl；替换了 1 处source路径
[done] 写入 /home/ztr/KG/dist_work/20261007_p000_s4_unsplit/partition_1/mapping.ttl；替换了 1 处source路径
[done] 写入 /home/ztr/KG/dist_work/20261007_p000_s4_unsplit/partition_2/mapping.ttl；替换了 1 处source路径
[done] 写入 /home/ztr/KG/dist_work/20261007_p000_s4_unsplit/partition_3/mapping.ttl；替换了 1 处source路径
[done] 28677 条待删除IRI写入 results/skew_subpartition_k4_20261007/work_dist_20261007_p000_s4_unsplit/stale_iris.txt
baseline=3774001, removed(按subject)=172144, delta_added=172057, updated=3773914
[sh] /home/ztr/miniconda3/bin/python3 compute_delta.py --before data/urbanos_before --after data/urbanos_skew_k4_p000_s4 --delta-dir results/skew_subpartition_k4_20261007/work_dist_20261007_p000_s4_unsplit/delta --stale-dir results/skew_subpartition_k4_20261007/work_dist_20261007_p000_s4_unsplit/stale
[partition] k=4, 各分区行数=[7338, 7185, 6937, 7217]
[sh] /home/ztr/miniconda3/bin/python3 normalize_mapping.py --mapping delta_mapping_base.ttl --data-dir /home/ztr/KG/dist_work/20261007_p000_s4_unsplit/partition_0 --output /home/ztr/KG/dist_work/20261007_p000_s4_unsplit/partition_0/mapping.ttl
[sh] /home/ztr/miniconda3/bin/python3 normalize_mapping.py --mapping delta_mapping_base.ttl --data-dir /home/ztr/KG/dist_work/20261007_p000_s4_unsplit/partition_1 --output /home/ztr/KG/dist_work/20261007_p000_s4_unsplit/partition_1/mapping.ttl
[sh] /home/ztr/miniconda3/bin/python3 normalize_mapping.py --mapping delta_mapping_base.ttl --data-dir /home/ztr/KG/dist_work/20261007_p000_s4_unsplit/partition_2 --output /home/ztr/KG/dist_work/20261007_p000_s4_unsplit/partition_2/mapping.ttl
[sh] /home/ztr/miniconda3/bin/python3 normalize_mapping.py --mapping delta_mapping_base.ttl --data-dir /home/ztr/KG/dist_work/20261007_p000_s4_unsplit/partition_3 --output /home/ztr/KG/dist_work/20261007_p000_s4_unsplit/partition_3/mapping.ttl
[dispatch] 已推送4个任务到tasks:queue
[result] 20261007_p000_s4_unsplit-p2 status=ok attempts=0 mapped=521ms worker=cfe6aa420e8d lock_wait=0ms (1/4)
[result] 20261007_p000_s4_unsplit-p0 status=ok attempts=0 mapped=534ms worker=7832cce49622 lock_wait=0ms (2/4)
[result] 20261007_p000_s4_unsplit-p3 status=ok attempts=0 mapped=544ms worker=6331ebc89130 lock_wait=0ms (3/4)
[result] 20261007_p000_s4_unsplit-p1 status=ok attempts=0 mapped=568ms worker=23b78ffaa58b lock_wait=0ms (4/4)
[merge] 合并完成 -> results/skew_subpartition_k4_20261007/work_dist_20261007_p000_s4_unsplit/merged_delta.nq
[sh] /home/ztr/miniconda3/bin/python3 compute_stale_iris.py --stale-file results/skew_subpartition_k4_20261007/work_dist_20261007_p000_s4_unsplit/stale/stop_times.txt --template http://transport.linkeddata.es/madrid/metro/stoptimes/{trip_id}-{stop_id}-{arrival_time} --output results/skew_subpartition_k4_20261007/work_dist_20261007_p000_s4_unsplit/stale_iris.txt
[sh] /home/ztr/miniconda3/bin/python3 apply_delta_to_graph.py --baseline results/baseline_graph_urbanos.nq --stale-iris results/skew_subpartition_k4_20261007/work_dist_20261007_p000_s4_unsplit/stale_iris.txt --delta results/skew_subpartition_k4_20261007/work_dist_20261007_p000_s4_unsplit/merged_delta.nq --output results/skew_subpartition_k4_20261007/current_graph_check.nq

[done] 分布式增量更新完成: results/skew_subpartition_k4_20261007/current_graph_check.nq
[done] 端到端耗时 8.16s -> results/skew_subpartition_k4_20261007/time_distributed_20261007_p000_s4_unsplit.log
agency.txt: insert=0, update=0, stale(待删除旧行)=0
calendar.txt: insert=0, update=0, stale(待删除旧行)=0
calendar_dates.txt: insert=0, update=0, stale(待删除旧行)=0
[跳过] fare_attributes.txt（无对照文件或未配置主键，delta_dir中保留原样）
[跳过] fare_rules.txt（无对照文件或未配置主键，delta_dir中保留原样）
[跳过] feed_info.txt（无对照文件或未配置主键，delta_dir中保留原样）
frequencies.txt: insert=0, update=0, stale(待删除旧行)=0
routes.txt: insert=0, update=0, stale(待删除旧行)=0
shapes.txt: insert=0, update=0, stale(待删除旧行)=0
stop_times.txt: insert=9559, update=19118, stale(待删除旧行)=28677
stops.txt: insert=0, update=0, stale(待删除旧行)=0
trips.txt: insert=0, update=0, stale(待删除旧行)=0

delta_rows: 28677
[完成] delta写入 results/skew_subpartition_k4_20261007/work_dist_20261007_p000_s4_split/delta，stale写入 results/skew_subpartition_k4_20261007/work_dist_20261007_p000_s4_split/stale
[done] 写入 /home/ztr/KG/dist_work/20261007_p000_s4_split/partition_0/mapping.ttl；替换了 1 处source路径
[done] 写入 /home/ztr/KG/dist_work/20261007_p000_s4_split/partition_1/mapping.ttl；替换了 1 处source路径
[done] 写入 /home/ztr/KG/dist_work/20261007_p000_s4_split/partition_2/mapping.ttl；替换了 1 处source路径
[done] 写入 /home/ztr/KG/dist_work/20261007_p000_s4_split/partition_3/mapping.ttl；替换了 1 处source路径
[done] 28677 条待删除IRI写入 results/skew_subpartition_k4_20261007/work_dist_20261007_p000_s4_split/stale_iris.txt
baseline=3774001, removed(按subject)=172144, delta_added=172057, updated=3773914
[sh] /home/ztr/miniconda3/bin/python3 compute_delta.py --before data/urbanos_before --after data/urbanos_skew_k4_p000_s4 --delta-dir results/skew_subpartition_k4_20261007/work_dist_20261007_p000_s4_split/delta --stale-dir results/skew_subpartition_k4_20261007/work_dist_20261007_p000_s4_split/stale
[partition] k=4, 各分区行数=[7338, 7185, 6937, 7217]
[sh] /home/ztr/miniconda3/bin/python3 normalize_mapping.py --mapping delta_mapping_base.ttl --data-dir /home/ztr/KG/dist_work/20261007_p000_s4_split/partition_0 --output /home/ztr/KG/dist_work/20261007_p000_s4_split/partition_0/mapping.ttl
[sh] /home/ztr/miniconda3/bin/python3 normalize_mapping.py --mapping delta_mapping_base.ttl --data-dir /home/ztr/KG/dist_work/20261007_p000_s4_split/partition_1 --output /home/ztr/KG/dist_work/20261007_p000_s4_split/partition_1/mapping.ttl
[sh] /home/ztr/miniconda3/bin/python3 normalize_mapping.py --mapping delta_mapping_base.ttl --data-dir /home/ztr/KG/dist_work/20261007_p000_s4_split/partition_2 --output /home/ztr/KG/dist_work/20261007_p000_s4_split/partition_2/mapping.ttl
[sh] /home/ztr/miniconda3/bin/python3 normalize_mapping.py --mapping delta_mapping_base.ttl --data-dir /home/ztr/KG/dist_work/20261007_p000_s4_split/partition_3 --output /home/ztr/KG/dist_work/20261007_p000_s4_split/partition_3/mapping.ttl
[dispatch] 已推送4个任务到tasks:queue
[result] 20261007_p000_s4_split-p1 status=ok attempts=0 mapped=474ms worker=7832cce49622 lock_wait=0ms (1/4)
[result] 20261007_p000_s4_split-p2 status=ok attempts=0 mapped=475ms worker=6331ebc89130 lock_wait=0ms (2/4)
[result] 20261007_p000_s4_split-p3 status=ok attempts=0 mapped=490ms worker=23b78ffaa58b lock_wait=0ms (3/4)
[result] 20261007_p000_s4_split-p0 status=ok attempts=0 mapped=515ms worker=cfe6aa420e8d lock_wait=0ms (4/4)
[merge] 合并完成 -> results/skew_subpartition_k4_20261007/work_dist_20261007_p000_s4_split/merged_delta.nq
[sh] /home/ztr/miniconda3/bin/python3 compute_stale_iris.py --stale-file results/skew_subpartition_k4_20261007/work_dist_20261007_p000_s4_split/stale/stop_times.txt --template http://transport.linkeddata.es/madrid/metro/stoptimes/{trip_id}-{stop_id}-{arrival_time} --output results/skew_subpartition_k4_20261007/work_dist_20261007_p000_s4_split/stale_iris.txt
[sh] /home/ztr/miniconda3/bin/python3 apply_delta_to_graph.py --baseline results/baseline_graph_urbanos.nq --stale-iris results/skew_subpartition_k4_20261007/work_dist_20261007_p000_s4_split/stale_iris.txt --delta results/skew_subpartition_k4_20261007/work_dist_20261007_p000_s4_split/merged_delta.nq --output results/skew_subpartition_k4_20261007/current_graph_check.nq

[done] 分布式增量更新完成: results/skew_subpartition_k4_20261007/current_graph_check.nq
[done] 端到端耗时 8.60s -> results/skew_subpartition_k4_20261007/time_distributed_20261007_p000_s4_split.log
[subpartition] verified delta p=000 seed=4
agency.txt: insert=0, update=0, stale(待删除旧行)=0
calendar.txt: insert=0, update=0, stale(待删除旧行)=0
calendar_dates.txt: insert=0, update=0, stale(待删除旧行)=0
[跳过] fare_attributes.txt（无对照文件或未配置主键，delta_dir中保留原样）
[跳过] fare_rules.txt（无对照文件或未配置主键，delta_dir中保留原样）
[跳过] feed_info.txt（无对照文件或未配置主键，delta_dir中保留原样）
frequencies.txt: insert=0, update=0, stale(待删除旧行)=0
routes.txt: insert=0, update=0, stale(待删除旧行)=0
shapes.txt: insert=0, update=0, stale(待删除旧行)=0
stop_times.txt: insert=9559, update=19118, stale(待删除旧行)=28677
stops.txt: insert=0, update=0, stale(待删除旧行)=0
trips.txt: insert=0, update=0, stale(待删除旧行)=0

delta_rows: 28677
[完成] delta写入 results/skew_subpartition_k4_20261007/work_dist_20261007_p025_s4_split/delta，stale写入 results/skew_subpartition_k4_20261007/work_dist_20261007_p025_s4_split/stale
[done] 写入 /home/ztr/KG/dist_work/20261007_p025_s4_split/partition_0/subpartition_0/mapping.ttl；替换了 1 处source路径
[done] 写入 /home/ztr/KG/dist_work/20261007_p025_s4_split/partition_0/subpartition_1/mapping.ttl；替换了 1 处source路径
[done] 写入 /home/ztr/KG/dist_work/20261007_p025_s4_split/partition_0/subpartition_2/mapping.ttl；替换了 1 处source路径
[done] 写入 /home/ztr/KG/dist_work/20261007_p025_s4_split/partition_0/subpartition_3/mapping.ttl；替换了 1 处source路径
[done] 写入 /home/ztr/KG/dist_work/20261007_p025_s4_split/partition_1/mapping.ttl；替换了 1 处source路径
[done] 写入 /home/ztr/KG/dist_work/20261007_p025_s4_split/partition_2/mapping.ttl；替换了 1 处source路径
[done] 写入 /home/ztr/KG/dist_work/20261007_p025_s4_split/partition_3/mapping.ttl；替换了 1 处source路径
[done] 28677 条待删除IRI写入 results/skew_subpartition_k4_20261007/work_dist_20261007_p025_s4_split/stale_iris.txt
baseline=3774001, removed(按subject)=172126, delta_added=172057, updated=3773932
[sh] /home/ztr/miniconda3/bin/python3 compute_delta.py --before data/urbanos_before --after data/urbanos_skew_k4_p025_s4 --delta-dir results/skew_subpartition_k4_20261007/work_dist_20261007_p025_s4_split/delta --stale-dir results/skew_subpartition_k4_20261007/work_dist_20261007_p025_s4_split/stale
[partition] k=4, 各分区行数=[12370, 5521, 5233, 5553]
[sh] /home/ztr/miniconda3/bin/python3 normalize_mapping.py --mapping delta_mapping_base.ttl --data-dir /home/ztr/KG/dist_work/20261007_p025_s4_split/partition_0/subpartition_0 --output /home/ztr/KG/dist_work/20261007_p025_s4_split/partition_0/subpartition_0/mapping.ttl
[sh] /home/ztr/miniconda3/bin/python3 normalize_mapping.py --mapping delta_mapping_base.ttl --data-dir /home/ztr/KG/dist_work/20261007_p025_s4_split/partition_0/subpartition_1 --output /home/ztr/KG/dist_work/20261007_p025_s4_split/partition_0/subpartition_1/mapping.ttl
[sh] /home/ztr/miniconda3/bin/python3 normalize_mapping.py --mapping delta_mapping_base.ttl --data-dir /home/ztr/KG/dist_work/20261007_p025_s4_split/partition_0/subpartition_2 --output /home/ztr/KG/dist_work/20261007_p025_s4_split/partition_0/subpartition_2/mapping.ttl
[sh] /home/ztr/miniconda3/bin/python3 normalize_mapping.py --mapping delta_mapping_base.ttl --data-dir /home/ztr/KG/dist_work/20261007_p025_s4_split/partition_0/subpartition_3 --output /home/ztr/KG/dist_work/20261007_p025_s4_split/partition_0/subpartition_3/mapping.ttl
[sh] /home/ztr/miniconda3/bin/python3 normalize_mapping.py --mapping delta_mapping_base.ttl --data-dir /home/ztr/KG/dist_work/20261007_p025_s4_split/partition_1 --output /home/ztr/KG/dist_work/20261007_p025_s4_split/partition_1/mapping.ttl
[sh] /home/ztr/miniconda3/bin/python3 normalize_mapping.py --mapping delta_mapping_base.ttl --data-dir /home/ztr/KG/dist_work/20261007_p025_s4_split/partition_2 --output /home/ztr/KG/dist_work/20261007_p025_s4_split/partition_2/mapping.ttl
[sh] /home/ztr/miniconda3/bin/python3 normalize_mapping.py --mapping delta_mapping_base.ttl --data-dir /home/ztr/KG/dist_work/20261007_p025_s4_split/partition_3 --output /home/ztr/KG/dist_work/20261007_p025_s4_split/partition_3/mapping.ttl
[dispatch] 已推送7个任务到tasks:queue
[result] 20261007_p025_s4_split-p0-s3 status=ok attempts=0 mapped=211ms worker=cfe6aa420e8d lock_wait=0ms (1/7)
[result] 20261007_p025_s4_split-p0-s2 status=ok attempts=0 mapped=229ms worker=23b78ffaa58b lock_wait=0ms (2/7)
[result] 20261007_p025_s4_split-p0-s1 status=ok attempts=0 mapped=264ms worker=6331ebc89130 lock_wait=0ms (3/7)
[result] 20261007_p025_s4_split-p0-s0 status=ok attempts=0 mapped=281ms worker=7832cce49622 lock_wait=0ms (4/7)
[result] 20261007_p025_s4_split-p2 status=ok attempts=0 mapped=375ms worker=23b78ffaa58b lock_wait=0ms (5/7)
[result] 20261007_p025_s4_split-p3 status=ok attempts=0 mapped=383ms worker=6331ebc89130 lock_wait=0ms (6/7)
[result] 20261007_p025_s4_split-p1 status=ok attempts=0 mapped=441ms worker=cfe6aa420e8d lock_wait=0ms (7/7)
[merge] 合并完成 -> results/skew_subpartition_k4_20261007/work_dist_20261007_p025_s4_split/merged_delta.nq
[sh] /home/ztr/miniconda3/bin/python3 compute_stale_iris.py --stale-file results/skew_subpartition_k4_20261007/work_dist_20261007_p025_s4_split/stale/stop_times.txt --template http://transport.linkeddata.es/madrid/metro/stoptimes/{trip_id}-{stop_id}-{arrival_time} --output results/skew_subpartition_k4_20261007/work_dist_20261007_p025_s4_split/stale_iris.txt
[sh] /home/ztr/miniconda3/bin/python3 apply_delta_to_graph.py --baseline results/baseline_graph_urbanos.nq --stale-iris results/skew_subpartition_k4_20261007/work_dist_20261007_p025_s4_split/stale_iris.txt --delta results/skew_subpartition_k4_20261007/work_dist_20261007_p025_s4_split/merged_delta.nq --output results/skew_subpartition_k4_20261007/current_graph_check.nq

[done] 分布式增量更新完成: results/skew_subpartition_k4_20261007/current_graph_check.nq
[done] 端到端耗时 9.27s -> results/skew_subpartition_k4_20261007/time_distributed_20261007_p025_s4_split.log
agency.txt: insert=0, update=0, stale(待删除旧行)=0
calendar.txt: insert=0, update=0, stale(待删除旧行)=0
calendar_dates.txt: insert=0, update=0, stale(待删除旧行)=0
[跳过] fare_attributes.txt（无对照文件或未配置主键，delta_dir中保留原样）
[跳过] fare_rules.txt（无对照文件或未配置主键，delta_dir中保留原样）
[跳过] feed_info.txt（无对照文件或未配置主键，delta_dir中保留原样）
frequencies.txt: insert=0, update=0, stale(待删除旧行)=0
routes.txt: insert=0, update=0, stale(待删除旧行)=0
shapes.txt: insert=0, update=0, stale(待删除旧行)=0
stop_times.txt: insert=9559, update=19118, stale(待删除旧行)=28677
stops.txt: insert=0, update=0, stale(待删除旧行)=0
trips.txt: insert=0, update=0, stale(待删除旧行)=0

delta_rows: 28677
[完成] delta写入 results/skew_subpartition_k4_20261007/work_dist_20261007_p025_s4_unsplit/delta，stale写入 results/skew_subpartition_k4_20261007/work_dist_20261007_p025_s4_unsplit/stale
[done] 写入 /home/ztr/KG/dist_work/20261007_p025_s4_unsplit/partition_0/mapping.ttl；替换了 1 处source路径
[done] 写入 /home/ztr/KG/dist_work/20261007_p025_s4_unsplit/partition_1/mapping.ttl；替换了 1 处source路径
[done] 写入 /home/ztr/KG/dist_work/20261007_p025_s4_unsplit/partition_2/mapping.ttl；替换了 1 处source路径
[done] 写入 /home/ztr/KG/dist_work/20261007_p025_s4_unsplit/partition_3/mapping.ttl；替换了 1 处source路径
[done] 28677 条待删除IRI写入 results/skew_subpartition_k4_20261007/work_dist_20261007_p025_s4_unsplit/stale_iris.txt
baseline=3774001, removed(按subject)=172126, delta_added=172057, updated=3773932
[sh] /home/ztr/miniconda3/bin/python3 compute_delta.py --before data/urbanos_before --after data/urbanos_skew_k4_p025_s4 --delta-dir results/skew_subpartition_k4_20261007/work_dist_20261007_p025_s4_unsplit/delta --stale-dir results/skew_subpartition_k4_20261007/work_dist_20261007_p025_s4_unsplit/stale
[partition] k=4, 各分区行数=[12370, 5521, 5233, 5553]
[sh] /home/ztr/miniconda3/bin/python3 normalize_mapping.py --mapping delta_mapping_base.ttl --data-dir /home/ztr/KG/dist_work/20261007_p025_s4_unsplit/partition_0 --output /home/ztr/KG/dist_work/20261007_p025_s4_unsplit/partition_0/mapping.ttl
[sh] /home/ztr/miniconda3/bin/python3 normalize_mapping.py --mapping delta_mapping_base.ttl --data-dir /home/ztr/KG/dist_work/20261007_p025_s4_unsplit/partition_1 --output /home/ztr/KG/dist_work/20261007_p025_s4_unsplit/partition_1/mapping.ttl
[sh] /home/ztr/miniconda3/bin/python3 normalize_mapping.py --mapping delta_mapping_base.ttl --data-dir /home/ztr/KG/dist_work/20261007_p025_s4_unsplit/partition_2 --output /home/ztr/KG/dist_work/20261007_p025_s4_unsplit/partition_2/mapping.ttl
[sh] /home/ztr/miniconda3/bin/python3 normalize_mapping.py --mapping delta_mapping_base.ttl --data-dir /home/ztr/KG/dist_work/20261007_p025_s4_unsplit/partition_3 --output /home/ztr/KG/dist_work/20261007_p025_s4_unsplit/partition_3/mapping.ttl
[dispatch] 已推送4个任务到tasks:queue
[result] 20261007_p025_s4_unsplit-p2 status=ok attempts=0 mapped=368ms worker=6331ebc89130 lock_wait=0ms (1/4)
[result] 20261007_p025_s4_unsplit-p3 status=ok attempts=0 mapped=379ms worker=cfe6aa420e8d lock_wait=0ms (2/4)
[result] 20261007_p025_s4_unsplit-p1 status=ok attempts=0 mapped=409ms worker=23b78ffaa58b lock_wait=0ms (3/4)
[result] 20261007_p025_s4_unsplit-p0 status=ok attempts=0 mapped=793ms worker=7832cce49622 lock_wait=0ms (4/4)
[merge] 合并完成 -> results/skew_subpartition_k4_20261007/work_dist_20261007_p025_s4_unsplit/merged_delta.nq
[sh] /home/ztr/miniconda3/bin/python3 compute_stale_iris.py --stale-file results/skew_subpartition_k4_20261007/work_dist_20261007_p025_s4_unsplit/stale/stop_times.txt --template http://transport.linkeddata.es/madrid/metro/stoptimes/{trip_id}-{stop_id}-{arrival_time} --output results/skew_subpartition_k4_20261007/work_dist_20261007_p025_s4_unsplit/stale_iris.txt
[sh] /home/ztr/miniconda3/bin/python3 apply_delta_to_graph.py --baseline results/baseline_graph_urbanos.nq --stale-iris results/skew_subpartition_k4_20261007/work_dist_20261007_p025_s4_unsplit/stale_iris.txt --delta results/skew_subpartition_k4_20261007/work_dist_20261007_p025_s4_unsplit/merged_delta.nq --output results/skew_subpartition_k4_20261007/current_graph_check.nq

[done] 分布式增量更新完成: results/skew_subpartition_k4_20261007/current_graph_check.nq
[done] 端到端耗时 9.02s -> results/skew_subpartition_k4_20261007/time_distributed_20261007_p025_s4_unsplit.log
[subpartition] verified delta p=025 seed=4
agency.txt: insert=0, update=0, stale(待删除旧行)=0
calendar.txt: insert=0, update=0, stale(待删除旧行)=0
calendar_dates.txt: insert=0, update=0, stale(待删除旧行)=0
[跳过] fare_attributes.txt（无对照文件或未配置主键，delta_dir中保留原样）
[跳过] fare_rules.txt（无对照文件或未配置主键，delta_dir中保留原样）
[跳过] feed_info.txt（无对照文件或未配置主键，delta_dir中保留原样）
frequencies.txt: insert=0, update=0, stale(待删除旧行)=0
routes.txt: insert=0, update=0, stale(待删除旧行)=0
shapes.txt: insert=0, update=0, stale(待删除旧行)=0
stop_times.txt: insert=9559, update=19118, stale(待删除旧行)=28677
stops.txt: insert=0, update=0, stale(待删除旧行)=0
trips.txt: insert=0, update=0, stale(待删除旧行)=0

delta_rows: 28677
[完成] delta写入 results/skew_subpartition_k4_20261007/work_dist_20261007_p050_s4_unsplit/delta，stale写入 results/skew_subpartition_k4_20261007/work_dist_20261007_p050_s4_unsplit/stale
[done] 写入 /home/ztr/KG/dist_work/20261007_p050_s4_unsplit/partition_0/mapping.ttl；替换了 1 处source路径
[done] 写入 /home/ztr/KG/dist_work/20261007_p050_s4_unsplit/partition_1/mapping.ttl；替换了 1 处source路径
[done] 写入 /home/ztr/KG/dist_work/20261007_p050_s4_unsplit/partition_2/mapping.ttl；替换了 1 处source路径
[done] 写入 /home/ztr/KG/dist_work/20261007_p050_s4_unsplit/partition_3/mapping.ttl；替换了 1 处source路径
[done] 28677 条待删除IRI写入 results/skew_subpartition_k4_20261007/work_dist_20261007_p050_s4_unsplit/stale_iris.txt
baseline=3774001, removed(按subject)=172117, delta_added=172057, updated=3773941
[sh] /home/ztr/miniconda3/bin/python3 compute_delta.py --before data/urbanos_before --after data/urbanos_skew_k4_p050_s4 --delta-dir results/skew_subpartition_k4_20261007/work_dist_20261007_p050_s4_unsplit/delta --stale-dir results/skew_subpartition_k4_20261007/work_dist_20261007_p050_s4_unsplit/stale
[partition] k=4, 各分区行数=[17755, 3687, 3573, 3662]
[sh] /home/ztr/miniconda3/bin/python3 normalize_mapping.py --mapping delta_mapping_base.ttl --data-dir /home/ztr/KG/dist_work/20261007_p050_s4_unsplit/partition_0 --output /home/ztr/KG/dist_work/20261007_p050_s4_unsplit/partition_0/mapping.ttl
[sh] /home/ztr/miniconda3/bin/python3 normalize_mapping.py --mapping delta_mapping_base.ttl --data-dir /home/ztr/KG/dist_work/20261007_p050_s4_unsplit/partition_1 --output /home/ztr/KG/dist_work/20261007_p050_s4_unsplit/partition_1/mapping.ttl
[sh] /home/ztr/miniconda3/bin/python3 normalize_mapping.py --mapping delta_mapping_base.ttl --data-dir /home/ztr/KG/dist_work/20261007_p050_s4_unsplit/partition_2 --output /home/ztr/KG/dist_work/20261007_p050_s4_unsplit/partition_2/mapping.ttl
[sh] /home/ztr/miniconda3/bin/python3 normalize_mapping.py --mapping delta_mapping_base.ttl --data-dir /home/ztr/KG/dist_work/20261007_p050_s4_unsplit/partition_3 --output /home/ztr/KG/dist_work/20261007_p050_s4_unsplit/partition_3/mapping.ttl
[dispatch] 已推送4个任务到tasks:queue
[result] 20261007_p050_s4_unsplit-p1 status=ok attempts=0 mapped=248ms worker=cfe6aa420e8d lock_wait=0ms (1/4)
[result] 20261007_p050_s4_unsplit-p2 status=ok attempts=0 mapped=253ms worker=23b78ffaa58b lock_wait=0ms (2/4)
[result] 20261007_p050_s4_unsplit-p3 status=ok attempts=0 mapped=348ms worker=7832cce49622 lock_wait=0ms (3/4)
[result] 20261007_p050_s4_unsplit-p0 status=ok attempts=0 mapped=1203ms worker=6331ebc89130 lock_wait=0ms (4/4)
[merge] 合并完成 -> results/skew_subpartition_k4_20261007/work_dist_20261007_p050_s4_unsplit/merged_delta.nq
[sh] /home/ztr/miniconda3/bin/python3 compute_stale_iris.py --stale-file results/skew_subpartition_k4_20261007/work_dist_20261007_p050_s4_unsplit/stale/stop_times.txt --template http://transport.linkeddata.es/madrid/metro/stoptimes/{trip_id}-{stop_id}-{arrival_time} --output results/skew_subpartition_k4_20261007/work_dist_20261007_p050_s4_unsplit/stale_iris.txt
[sh] /home/ztr/miniconda3/bin/python3 apply_delta_to_graph.py --baseline results/baseline_graph_urbanos.nq --stale-iris results/skew_subpartition_k4_20261007/work_dist_20261007_p050_s4_unsplit/stale_iris.txt --delta results/skew_subpartition_k4_20261007/work_dist_20261007_p050_s4_unsplit/merged_delta.nq --output results/skew_subpartition_k4_20261007/current_graph_check.nq

[done] 分布式增量更新完成: results/skew_subpartition_k4_20261007/current_graph_check.nq
[done] 端到端耗时 9.25s -> results/skew_subpartition_k4_20261007/time_distributed_20261007_p050_s4_unsplit.log
agency.txt: insert=0, update=0, stale(待删除旧行)=0
calendar.txt: insert=0, update=0, stale(待删除旧行)=0
calendar_dates.txt: insert=0, update=0, stale(待删除旧行)=0
[跳过] fare_attributes.txt（无对照文件或未配置主键，delta_dir中保留原样）
[跳过] fare_rules.txt（无对照文件或未配置主键，delta_dir中保留原样）
[跳过] feed_info.txt（无对照文件或未配置主键，delta_dir中保留原样）
frequencies.txt: insert=0, update=0, stale(待删除旧行)=0
routes.txt: insert=0, update=0, stale(待删除旧行)=0
shapes.txt: insert=0, update=0, stale(待删除旧行)=0
stop_times.txt: insert=9559, update=19118, stale(待删除旧行)=28677
stops.txt: insert=0, update=0, stale(待删除旧行)=0
trips.txt: insert=0, update=0, stale(待删除旧行)=0

delta_rows: 28677
[完成] delta写入 results/skew_subpartition_k4_20261007/work_dist_20261007_p050_s4_split/delta，stale写入 results/skew_subpartition_k4_20261007/work_dist_20261007_p050_s4_split/stale
[done] 写入 /home/ztr/KG/dist_work/20261007_p050_s4_split/partition_0/subpartition_0/mapping.ttl；替换了 1 处source路径
[done] 写入 /home/ztr/KG/dist_work/20261007_p050_s4_split/partition_0/subpartition_1/mapping.ttl；替换了 1 处source路径
[done] 写入 /home/ztr/KG/dist_work/20261007_p050_s4_split/partition_0/subpartition_2/mapping.ttl；替换了 1 处source路径
[done] 写入 /home/ztr/KG/dist_work/20261007_p050_s4_split/partition_0/subpartition_3/mapping.ttl；替换了 1 处source路径
[done] 写入 /home/ztr/KG/dist_work/20261007_p050_s4_split/partition_1/mapping.ttl；替换了 1 处source路径
[done] 写入 /home/ztr/KG/dist_work/20261007_p050_s4_split/partition_2/mapping.ttl；替换了 1 处source路径
[done] 写入 /home/ztr/KG/dist_work/20261007_p050_s4_split/partition_3/mapping.ttl；替换了 1 处source路径
[done] 28677 条待删除IRI写入 results/skew_subpartition_k4_20261007/work_dist_20261007_p050_s4_split/stale_iris.txt
baseline=3774001, removed(按subject)=172117, delta_added=172057, updated=3773941
[sh] /home/ztr/miniconda3/bin/python3 compute_delta.py --before data/urbanos_before --after data/urbanos_skew_k4_p050_s4 --delta-dir results/skew_subpartition_k4_20261007/work_dist_20261007_p050_s4_split/delta --stale-dir results/skew_subpartition_k4_20261007/work_dist_20261007_p050_s4_split/stale
[partition] k=4, 各分区行数=[17755, 3687, 3573, 3662]
[sh] /home/ztr/miniconda3/bin/python3 normalize_mapping.py --mapping delta_mapping_base.ttl --data-dir /home/ztr/KG/dist_work/20261007_p050_s4_split/partition_0/subpartition_0 --output /home/ztr/KG/dist_work/20261007_p050_s4_split/partition_0/subpartition_0/mapping.ttl
[sh] /home/ztr/miniconda3/bin/python3 normalize_mapping.py --mapping delta_mapping_base.ttl --data-dir /home/ztr/KG/dist_work/20261007_p050_s4_split/partition_0/subpartition_1 --output /home/ztr/KG/dist_work/20261007_p050_s4_split/partition_0/subpartition_1/mapping.ttl
[sh] /home/ztr/miniconda3/bin/python3 normalize_mapping.py --mapping delta_mapping_base.ttl --data-dir /home/ztr/KG/dist_work/20261007_p050_s4_split/partition_0/subpartition_2 --output /home/ztr/KG/dist_work/20261007_p050_s4_split/partition_0/subpartition_2/mapping.ttl
[sh] /home/ztr/miniconda3/bin/python3 normalize_mapping.py --mapping delta_mapping_base.ttl --data-dir /home/ztr/KG/dist_work/20261007_p050_s4_split/partition_0/subpartition_3 --output /home/ztr/KG/dist_work/20261007_p050_s4_split/partition_0/subpartition_3/mapping.ttl
[sh] /home/ztr/miniconda3/bin/python3 normalize_mapping.py --mapping delta_mapping_base.ttl --data-dir /home/ztr/KG/dist_work/20261007_p050_s4_split/partition_1 --output /home/ztr/KG/dist_work/20261007_p050_s4_split/partition_1/mapping.ttl
[sh] /home/ztr/miniconda3/bin/python3 normalize_mapping.py --mapping delta_mapping_base.ttl --data-dir /home/ztr/KG/dist_work/20261007_p050_s4_split/partition_2 --output /home/ztr/KG/dist_work/20261007_p050_s4_split/partition_2/mapping.ttl
[sh] /home/ztr/miniconda3/bin/python3 normalize_mapping.py --mapping delta_mapping_base.ttl --data-dir /home/ztr/KG/dist_work/20261007_p050_s4_split/partition_3 --output /home/ztr/KG/dist_work/20261007_p050_s4_split/partition_3/mapping.ttl
[dispatch] 已推送7个任务到tasks:queue
[result] 20261007_p050_s4_split-p0-s3 status=ok attempts=0 mapped=325ms worker=6331ebc89130 lock_wait=0ms (1/7)
[result] 20261007_p050_s4_split-p0-s2 status=ok attempts=0 mapped=331ms worker=7832cce49622 lock_wait=0ms (2/7)
[result] 20261007_p050_s4_split-p0-s0 status=ok attempts=0 mapped=352ms worker=cfe6aa420e8d lock_wait=0ms (3/7)
[result] 20261007_p050_s4_split-p0-s1 status=ok attempts=0 mapped=408ms worker=23b78ffaa58b lock_wait=0ms (4/7)
[result] 20261007_p050_s4_split-p2 status=ok attempts=0 mapped=249ms worker=7832cce49622 lock_wait=0ms (5/7)
[result] 20261007_p050_s4_split-p1 status=ok attempts=0 mapped=257ms worker=6331ebc89130 lock_wait=0ms (6/7)
[result] 20261007_p050_s4_split-p3 status=ok attempts=0 mapped=259ms worker=cfe6aa420e8d lock_wait=0ms (7/7)
[merge] 合并完成 -> results/skew_subpartition_k4_20261007/work_dist_20261007_p050_s4_split/merged_delta.nq
[sh] /home/ztr/miniconda3/bin/python3 compute_stale_iris.py --stale-file results/skew_subpartition_k4_20261007/work_dist_20261007_p050_s4_split/stale/stop_times.txt --template http://transport.linkeddata.es/madrid/metro/stoptimes/{trip_id}-{stop_id}-{arrival_time} --output results/skew_subpartition_k4_20261007/work_dist_20261007_p050_s4_split/stale_iris.txt
[sh] /home/ztr/miniconda3/bin/python3 apply_delta_to_graph.py --baseline results/baseline_graph_urbanos.nq --stale-iris results/skew_subpartition_k4_20261007/work_dist_20261007_p050_s4_split/stale_iris.txt --delta results/skew_subpartition_k4_20261007/work_dist_20261007_p050_s4_split/merged_delta.nq --output results/skew_subpartition_k4_20261007/current_graph_check.nq

[done] 分布式增量更新完成: results/skew_subpartition_k4_20261007/current_graph_check.nq
[done] 端到端耗时 9.74s -> results/skew_subpartition_k4_20261007/time_distributed_20261007_p050_s4_split.log
[subpartition] verified delta p=050 seed=4
agency.txt: insert=0, update=0, stale(待删除旧行)=0
calendar.txt: insert=0, update=0, stale(待删除旧行)=0
calendar_dates.txt: insert=0, update=0, stale(待删除旧行)=0
[跳过] fare_attributes.txt（无对照文件或未配置主键，delta_dir中保留原样）
[跳过] fare_rules.txt（无对照文件或未配置主键，delta_dir中保留原样）
[跳过] feed_info.txt（无对照文件或未配置主键，delta_dir中保留原样）
frequencies.txt: insert=0, update=0, stale(待删除旧行)=0
routes.txt: insert=0, update=0, stale(待删除旧行)=0
shapes.txt: insert=0, update=0, stale(待删除旧行)=0
stop_times.txt: insert=9559, update=19118, stale(待删除旧行)=28677
stops.txt: insert=0, update=0, stale(待删除旧行)=0
trips.txt: insert=0, update=0, stale(待删除旧行)=0

delta_rows: 28677
[完成] delta写入 results/skew_subpartition_k4_20261007/work_dist_20261007_p100_s5_split/delta，stale写入 results/skew_subpartition_k4_20261007/work_dist_20261007_p100_s5_split/stale
[done] 写入 /home/ztr/KG/dist_work/20261007_p100_s5_split/partition_0/subpartition_0/mapping.ttl；替换了 1 处source路径
[done] 写入 /home/ztr/KG/dist_work/20261007_p100_s5_split/partition_0/subpartition_1/mapping.ttl；替换了 1 处source路径
[done] 写入 /home/ztr/KG/dist_work/20261007_p100_s5_split/partition_0/subpartition_2/mapping.ttl；替换了 1 处source路径
[done] 写入 /home/ztr/KG/dist_work/20261007_p100_s5_split/partition_0/subpartition_3/mapping.ttl；替换了 1 处source路径
[done] 写入 /home/ztr/KG/dist_work/20261007_p100_s5_split/partition_1/mapping.ttl；替换了 1 处source路径
[done] 写入 /home/ztr/KG/dist_work/20261007_p100_s5_split/partition_2/mapping.ttl；替换了 1 处source路径
[done] 写入 /home/ztr/KG/dist_work/20261007_p100_s5_split/partition_3/mapping.ttl；替换了 1 处source路径
[done] 28677 条待删除IRI写入 results/skew_subpartition_k4_20261007/work_dist_20261007_p100_s5_split/stale_iris.txt
baseline=3774001, removed(按subject)=172104, delta_added=172052, updated=3773949
[sh] /home/ztr/miniconda3/bin/python3 compute_delta.py --before data/urbanos_before --after data/urbanos_skew_k4_p100_s5 --delta-dir results/skew_subpartition_k4_20261007/work_dist_20261007_p100_s5_split/delta --stale-dir results/skew_subpartition_k4_20261007/work_dist_20261007_p100_s5_split/stale
[partition] k=4, 各分区行数=[28677, 0, 0, 0]
[sh] /home/ztr/miniconda3/bin/python3 normalize_mapping.py --mapping delta_mapping_base.ttl --data-dir /home/ztr/KG/dist_work/20261007_p100_s5_split/partition_0/subpartition_0 --output /home/ztr/KG/dist_work/20261007_p100_s5_split/partition_0/subpartition_0/mapping.ttl
[sh] /home/ztr/miniconda3/bin/python3 normalize_mapping.py --mapping delta_mapping_base.ttl --data-dir /home/ztr/KG/dist_work/20261007_p100_s5_split/partition_0/subpartition_1 --output /home/ztr/KG/dist_work/20261007_p100_s5_split/partition_0/subpartition_1/mapping.ttl
[sh] /home/ztr/miniconda3/bin/python3 normalize_mapping.py --mapping delta_mapping_base.ttl --data-dir /home/ztr/KG/dist_work/20261007_p100_s5_split/partition_0/subpartition_2 --output /home/ztr/KG/dist_work/20261007_p100_s5_split/partition_0/subpartition_2/mapping.ttl
[sh] /home/ztr/miniconda3/bin/python3 normalize_mapping.py --mapping delta_mapping_base.ttl --data-dir /home/ztr/KG/dist_work/20261007_p100_s5_split/partition_0/subpartition_3 --output /home/ztr/KG/dist_work/20261007_p100_s5_split/partition_0/subpartition_3/mapping.ttl
[sh] /home/ztr/miniconda3/bin/python3 normalize_mapping.py --mapping delta_mapping_base.ttl --data-dir /home/ztr/KG/dist_work/20261007_p100_s5_split/partition_1 --output /home/ztr/KG/dist_work/20261007_p100_s5_split/partition_1/mapping.ttl
[sh] /home/ztr/miniconda3/bin/python3 normalize_mapping.py --mapping delta_mapping_base.ttl --data-dir /home/ztr/KG/dist_work/20261007_p100_s5_split/partition_2 --output /home/ztr/KG/dist_work/20261007_p100_s5_split/partition_2/mapping.ttl
[sh] /home/ztr/miniconda3/bin/python3 normalize_mapping.py --mapping delta_mapping_base.ttl --data-dir /home/ztr/KG/dist_work/20261007_p100_s5_split/partition_3 --output /home/ztr/KG/dist_work/20261007_p100_s5_split/partition_3/mapping.ttl
[dispatch] 已推送7个任务到tasks:queue
[result] 20261007_p100_s5_split-p0-s1 status=ok attempts=0 mapped=524ms worker=7832cce49622 lock_wait=0ms (1/7)
[result] 20261007_p100_s5_split-p0-s2 status=ok attempts=0 mapped=526ms worker=6331ebc89130 lock_wait=0ms (2/7)
[result] 20261007_p100_s5_split-p1 status=ok attempts=0 mapped=0ms worker=7832cce49622 lock_wait=0ms (3/7)
[result] 20261007_p100_s5_split-p2 status=ok attempts=0 mapped=0ms worker=6331ebc89130 lock_wait=0ms (4/7)
[result] 20261007_p100_s5_split-p3 status=ok attempts=0 mapped=0ms worker=7832cce49622 lock_wait=0ms (5/7)
[result] 20261007_p100_s5_split-p0-s3 status=ok attempts=0 mapped=529ms worker=cfe6aa420e8d lock_wait=0ms (6/7)
[result] 20261007_p100_s5_split-p0-s0 status=ok attempts=0 mapped=545ms worker=23b78ffaa58b lock_wait=0ms (7/7)
[merge] 合并完成 -> results/skew_subpartition_k4_20261007/work_dist_20261007_p100_s5_split/merged_delta.nq
[sh] /home/ztr/miniconda3/bin/python3 compute_stale_iris.py --stale-file results/skew_subpartition_k4_20261007/work_dist_20261007_p100_s5_split/stale/stop_times.txt --template http://transport.linkeddata.es/madrid/metro/stoptimes/{trip_id}-{stop_id}-{arrival_time} --output results/skew_subpartition_k4_20261007/work_dist_20261007_p100_s5_split/stale_iris.txt
[sh] /home/ztr/miniconda3/bin/python3 apply_delta_to_graph.py --baseline results/baseline_graph_urbanos.nq --stale-iris results/skew_subpartition_k4_20261007/work_dist_20261007_p100_s5_split/stale_iris.txt --delta results/skew_subpartition_k4_20261007/work_dist_20261007_p100_s5_split/merged_delta.nq --output results/skew_subpartition_k4_20261007/current_graph_check.nq

[done] 分布式增量更新完成: results/skew_subpartition_k4_20261007/current_graph_check.nq
[done] 端到端耗时 9.15s -> results/skew_subpartition_k4_20261007/time_distributed_20261007_p100_s5_split.log
agency.txt: insert=0, update=0, stale(待删除旧行)=0
calendar.txt: insert=0, update=0, stale(待删除旧行)=0
calendar_dates.txt: insert=0, update=0, stale(待删除旧行)=0
[跳过] fare_attributes.txt（无对照文件或未配置主键，delta_dir中保留原样）
[跳过] fare_rules.txt（无对照文件或未配置主键，delta_dir中保留原样）
[跳过] feed_info.txt（无对照文件或未配置主键，delta_dir中保留原样）
frequencies.txt: insert=0, update=0, stale(待删除旧行)=0
routes.txt: insert=0, update=0, stale(待删除旧行)=0
shapes.txt: insert=0, update=0, stale(待删除旧行)=0
stop_times.txt: insert=9559, update=19118, stale(待删除旧行)=28677
stops.txt: insert=0, update=0, stale(待删除旧行)=0
trips.txt: insert=0, update=0, stale(待删除旧行)=0

delta_rows: 28677
[完成] delta写入 results/skew_subpartition_k4_20261007/work_dist_20261007_p100_s5_unsplit/delta，stale写入 results/skew_subpartition_k4_20261007/work_dist_20261007_p100_s5_unsplit/stale
[done] 写入 /home/ztr/KG/dist_work/20261007_p100_s5_unsplit/partition_0/mapping.ttl；替换了 1 处source路径
[done] 写入 /home/ztr/KG/dist_work/20261007_p100_s5_unsplit/partition_1/mapping.ttl；替换了 1 处source路径
[done] 写入 /home/ztr/KG/dist_work/20261007_p100_s5_unsplit/partition_2/mapping.ttl；替换了 1 处source路径
[done] 写入 /home/ztr/KG/dist_work/20261007_p100_s5_unsplit/partition_3/mapping.ttl；替换了 1 处source路径
[done] 28677 条待删除IRI写入 results/skew_subpartition_k4_20261007/work_dist_20261007_p100_s5_unsplit/stale_iris.txt
baseline=3774001, removed(按subject)=172104, delta_added=172052, updated=3773949
[sh] /home/ztr/miniconda3/bin/python3 compute_delta.py --before data/urbanos_before --after data/urbanos_skew_k4_p100_s5 --delta-dir results/skew_subpartition_k4_20261007/work_dist_20261007_p100_s5_unsplit/delta --stale-dir results/skew_subpartition_k4_20261007/work_dist_20261007_p100_s5_unsplit/stale
[partition] k=4, 各分区行数=[28677, 0, 0, 0]
[sh] /home/ztr/miniconda3/bin/python3 normalize_mapping.py --mapping delta_mapping_base.ttl --data-dir /home/ztr/KG/dist_work/20261007_p100_s5_unsplit/partition_0 --output /home/ztr/KG/dist_work/20261007_p100_s5_unsplit/partition_0/mapping.ttl
[sh] /home/ztr/miniconda3/bin/python3 normalize_mapping.py --mapping delta_mapping_base.ttl --data-dir /home/ztr/KG/dist_work/20261007_p100_s5_unsplit/partition_1 --output /home/ztr/KG/dist_work/20261007_p100_s5_unsplit/partition_1/mapping.ttl
[sh] /home/ztr/miniconda3/bin/python3 normalize_mapping.py --mapping delta_mapping_base.ttl --data-dir /home/ztr/KG/dist_work/20261007_p100_s5_unsplit/partition_2 --output /home/ztr/KG/dist_work/20261007_p100_s5_unsplit/partition_2/mapping.ttl
[sh] /home/ztr/miniconda3/bin/python3 normalize_mapping.py --mapping delta_mapping_base.ttl --data-dir /home/ztr/KG/dist_work/20261007_p100_s5_unsplit/partition_3 --output /home/ztr/KG/dist_work/20261007_p100_s5_unsplit/partition_3/mapping.ttl
[dispatch] 已推送4个任务到tasks:queue
[result] 20261007_p100_s5_unsplit-p2 status=ok attempts=0 mapped=0ms worker=7832cce49622 lock_wait=0ms (1/4)
[result] 20261007_p100_s5_unsplit-p3 status=ok attempts=0 mapped=0ms worker=23b78ffaa58b lock_wait=0ms (2/4)
[result] 20261007_p100_s5_unsplit-p1 status=ok attempts=0 mapped=0ms worker=cfe6aa420e8d lock_wait=0ms (3/4)
[result] 20261007_p100_s5_unsplit-p0 status=ok attempts=0 mapped=1887ms worker=6331ebc89130 lock_wait=0ms (4/4)
[merge] 合并完成 -> results/skew_subpartition_k4_20261007/work_dist_20261007_p100_s5_unsplit/merged_delta.nq
[sh] /home/ztr/miniconda3/bin/python3 compute_stale_iris.py --stale-file results/skew_subpartition_k4_20261007/work_dist_20261007_p100_s5_unsplit/stale/stop_times.txt --template http://transport.linkeddata.es/madrid/metro/stoptimes/{trip_id}-{stop_id}-{arrival_time} --output results/skew_subpartition_k4_20261007/work_dist_20261007_p100_s5_unsplit/stale_iris.txt
[sh] /home/ztr/miniconda3/bin/python3 apply_delta_to_graph.py --baseline results/baseline_graph_urbanos.nq --stale-iris results/skew_subpartition_k4_20261007/work_dist_20261007_p100_s5_unsplit/stale_iris.txt --delta results/skew_subpartition_k4_20261007/work_dist_20261007_p100_s5_unsplit/merged_delta.nq --output results/skew_subpartition_k4_20261007/current_graph_check.nq

[done] 分布式增量更新完成: results/skew_subpartition_k4_20261007/current_graph_check.nq
[done] 端到端耗时 10.22s -> results/skew_subpartition_k4_20261007/time_distributed_20261007_p100_s5_unsplit.log
[subpartition] verified delta p=100 seed=5
agency.txt: insert=0, update=0, stale(待删除旧行)=0
calendar.txt: insert=0, update=0, stale(待删除旧行)=0
calendar_dates.txt: insert=0, update=0, stale(待删除旧行)=0
[跳过] fare_attributes.txt（无对照文件或未配置主键，delta_dir中保留原样）
[跳过] fare_rules.txt（无对照文件或未配置主键，delta_dir中保留原样）
[跳过] feed_info.txt（无对照文件或未配置主键，delta_dir中保留原样）
frequencies.txt: insert=0, update=0, stale(待删除旧行)=0
routes.txt: insert=0, update=0, stale(待删除旧行)=0
shapes.txt: insert=0, update=0, stale(待删除旧行)=0
stop_times.txt: insert=9559, update=19118, stale(待删除旧行)=28677
stops.txt: insert=0, update=0, stale(待删除旧行)=0
trips.txt: insert=0, update=0, stale(待删除旧行)=0

delta_rows: 28677
[完成] delta写入 results/skew_subpartition_k4_20261007/work_dist_20261007_p000_s5_split/delta，stale写入 results/skew_subpartition_k4_20261007/work_dist_20261007_p000_s5_split/stale
[done] 写入 /home/ztr/KG/dist_work/20261007_p000_s5_split/partition_0/mapping.ttl；替换了 1 处source路径
[done] 写入 /home/ztr/KG/dist_work/20261007_p000_s5_split/partition_1/mapping.ttl；替换了 1 处source路径
[done] 写入 /home/ztr/KG/dist_work/20261007_p000_s5_split/partition_2/mapping.ttl；替换了 1 处source路径
[done] 写入 /home/ztr/KG/dist_work/20261007_p000_s5_split/partition_3/mapping.ttl；替换了 1 处source路径
[done] 28677 条待删除IRI写入 results/skew_subpartition_k4_20261007/work_dist_20261007_p000_s5_split/stale_iris.txt
baseline=3774001, removed(按subject)=172152, delta_added=172062, updated=3773911
[sh] /home/ztr/miniconda3/bin/python3 compute_delta.py --before data/urbanos_before --after data/urbanos_skew_k4_p000_s5 --delta-dir results/skew_subpartition_k4_20261007/work_dist_20261007_p000_s5_split/delta --stale-dir results/skew_subpartition_k4_20261007/work_dist_20261007_p000_s5_split/stale
[partition] k=4, 各分区行数=[7320, 7234, 6877, 7246]
[sh] /home/ztr/miniconda3/bin/python3 normalize_mapping.py --mapping delta_mapping_base.ttl --data-dir /home/ztr/KG/dist_work/20261007_p000_s5_split/partition_0 --output /home/ztr/KG/dist_work/20261007_p000_s5_split/partition_0/mapping.ttl
[sh] /home/ztr/miniconda3/bin/python3 normalize_mapping.py --mapping delta_mapping_base.ttl --data-dir /home/ztr/KG/dist_work/20261007_p000_s5_split/partition_1 --output /home/ztr/KG/dist_work/20261007_p000_s5_split/partition_1/mapping.ttl
[sh] /home/ztr/miniconda3/bin/python3 normalize_mapping.py --mapping delta_mapping_base.ttl --data-dir /home/ztr/KG/dist_work/20261007_p000_s5_split/partition_2 --output /home/ztr/KG/dist_work/20261007_p000_s5_split/partition_2/mapping.ttl
[sh] /home/ztr/miniconda3/bin/python3 normalize_mapping.py --mapping delta_mapping_base.ttl --data-dir /home/ztr/KG/dist_work/20261007_p000_s5_split/partition_3 --output /home/ztr/KG/dist_work/20261007_p000_s5_split/partition_3/mapping.ttl
[dispatch] 已推送4个任务到tasks:queue
[result] 20261007_p000_s5_split-p3 status=ok attempts=0 mapped=565ms worker=6331ebc89130 lock_wait=0ms (1/4)
[result] 20261007_p000_s5_split-p2 status=ok attempts=0 mapped=582ms worker=23b78ffaa58b lock_wait=0ms (2/4)
[result] 20261007_p000_s5_split-p1 status=ok attempts=0 mapped=608ms worker=7832cce49622 lock_wait=0ms (3/4)
[result] 20261007_p000_s5_split-p0 status=ok attempts=0 mapped=614ms worker=cfe6aa420e8d lock_wait=0ms (4/4)
[merge] 合并完成 -> results/skew_subpartition_k4_20261007/work_dist_20261007_p000_s5_split/merged_delta.nq
[sh] /home/ztr/miniconda3/bin/python3 compute_stale_iris.py --stale-file results/skew_subpartition_k4_20261007/work_dist_20261007_p000_s5_split/stale/stop_times.txt --template http://transport.linkeddata.es/madrid/metro/stoptimes/{trip_id}-{stop_id}-{arrival_time} --output results/skew_subpartition_k4_20261007/work_dist_20261007_p000_s5_split/stale_iris.txt
[sh] /home/ztr/miniconda3/bin/python3 apply_delta_to_graph.py --baseline results/baseline_graph_urbanos.nq --stale-iris results/skew_subpartition_k4_20261007/work_dist_20261007_p000_s5_split/stale_iris.txt --delta results/skew_subpartition_k4_20261007/work_dist_20261007_p000_s5_split/merged_delta.nq --output results/skew_subpartition_k4_20261007/current_graph_check.nq

[done] 分布式增量更新完成: results/skew_subpartition_k4_20261007/current_graph_check.nq
[done] 端到端耗时 9.94s -> results/skew_subpartition_k4_20261007/time_distributed_20261007_p000_s5_split.log
agency.txt: insert=0, update=0, stale(待删除旧行)=0
calendar.txt: insert=0, update=0, stale(待删除旧行)=0
calendar_dates.txt: insert=0, update=0, stale(待删除旧行)=0
[跳过] fare_attributes.txt（无对照文件或未配置主键，delta_dir中保留原样）
[跳过] fare_rules.txt（无对照文件或未配置主键，delta_dir中保留原样）
[跳过] feed_info.txt（无对照文件或未配置主键，delta_dir中保留原样）
frequencies.txt: insert=0, update=0, stale(待删除旧行)=0
routes.txt: insert=0, update=0, stale(待删除旧行)=0
shapes.txt: insert=0, update=0, stale(待删除旧行)=0
stop_times.txt: insert=9559, update=19118, stale(待删除旧行)=28677
stops.txt: insert=0, update=0, stale(待删除旧行)=0
trips.txt: insert=0, update=0, stale(待删除旧行)=0

delta_rows: 28677
[完成] delta写入 results/skew_subpartition_k4_20261007/work_dist_20261007_p000_s5_unsplit/delta，stale写入 results/skew_subpartition_k4_20261007/work_dist_20261007_p000_s5_unsplit/stale
[done] 写入 /home/ztr/KG/dist_work/20261007_p000_s5_unsplit/partition_0/mapping.ttl；替换了 1 处source路径
[done] 写入 /home/ztr/KG/dist_work/20261007_p000_s5_unsplit/partition_1/mapping.ttl；替换了 1 处source路径
[done] 写入 /home/ztr/KG/dist_work/20261007_p000_s5_unsplit/partition_2/mapping.ttl；替换了 1 处source路径
[done] 写入 /home/ztr/KG/dist_work/20261007_p000_s5_unsplit/partition_3/mapping.ttl；替换了 1 处source路径
[done] 28677 条待删除IRI写入 results/skew_subpartition_k4_20261007/work_dist_20261007_p000_s5_unsplit/stale_iris.txt
baseline=3774001, removed(按subject)=172152, delta_added=172062, updated=3773911
[sh] /home/ztr/miniconda3/bin/python3 compute_delta.py --before data/urbanos_before --after data/urbanos_skew_k4_p000_s5 --delta-dir results/skew_subpartition_k4_20261007/work_dist_20261007_p000_s5_unsplit/delta --stale-dir results/skew_subpartition_k4_20261007/work_dist_20261007_p000_s5_unsplit/stale
[partition] k=4, 各分区行数=[7320, 7234, 6877, 7246]
[sh] /home/ztr/miniconda3/bin/python3 normalize_mapping.py --mapping delta_mapping_base.ttl --data-dir /home/ztr/KG/dist_work/20261007_p000_s5_unsplit/partition_0 --output /home/ztr/KG/dist_work/20261007_p000_s5_unsplit/partition_0/mapping.ttl
[sh] /home/ztr/miniconda3/bin/python3 normalize_mapping.py --mapping delta_mapping_base.ttl --data-dir /home/ztr/KG/dist_work/20261007_p000_s5_unsplit/partition_1 --output /home/ztr/KG/dist_work/20261007_p000_s5_unsplit/partition_1/mapping.ttl
[sh] /home/ztr/miniconda3/bin/python3 normalize_mapping.py --mapping delta_mapping_base.ttl --data-dir /home/ztr/KG/dist_work/20261007_p000_s5_unsplit/partition_2 --output /home/ztr/KG/dist_work/20261007_p000_s5_unsplit/partition_2/mapping.ttl
[sh] /home/ztr/miniconda3/bin/python3 normalize_mapping.py --mapping delta_mapping_base.ttl --data-dir /home/ztr/KG/dist_work/20261007_p000_s5_unsplit/partition_3 --output /home/ztr/KG/dist_work/20261007_p000_s5_unsplit/partition_3/mapping.ttl
[dispatch] 已推送4个任务到tasks:queue
[result] 20261007_p000_s5_unsplit-p2 status=ok attempts=0 mapped=498ms worker=7832cce49622 lock_wait=0ms (1/4)
[result] 20261007_p000_s5_unsplit-p3 status=ok attempts=0 mapped=519ms worker=cfe6aa420e8d lock_wait=0ms (2/4)
[result] 20261007_p000_s5_unsplit-p1 status=ok attempts=0 mapped=544ms worker=23b78ffaa58b lock_wait=0ms (3/4)
[result] 20261007_p000_s5_unsplit-p0 status=ok attempts=0 mapped=609ms worker=6331ebc89130 lock_wait=0ms (4/4)
[merge] 合并完成 -> results/skew_subpartition_k4_20261007/work_dist_20261007_p000_s5_unsplit/merged_delta.nq
[sh] /home/ztr/miniconda3/bin/python3 compute_stale_iris.py --stale-file results/skew_subpartition_k4_20261007/work_dist_20261007_p000_s5_unsplit/stale/stop_times.txt --template http://transport.linkeddata.es/madrid/metro/stoptimes/{trip_id}-{stop_id}-{arrival_time} --output results/skew_subpartition_k4_20261007/work_dist_20261007_p000_s5_unsplit/stale_iris.txt
[sh] /home/ztr/miniconda3/bin/python3 apply_delta_to_graph.py --baseline results/baseline_graph_urbanos.nq --stale-iris results/skew_subpartition_k4_20261007/work_dist_20261007_p000_s5_unsplit/stale_iris.txt --delta results/skew_subpartition_k4_20261007/work_dist_20261007_p000_s5_unsplit/merged_delta.nq --output results/skew_subpartition_k4_20261007/current_graph_check.nq

[done] 分布式增量更新完成: results/skew_subpartition_k4_20261007/current_graph_check.nq
[done] 端到端耗时 9.82s -> results/skew_subpartition_k4_20261007/time_distributed_20261007_p000_s5_unsplit.log
[subpartition] verified delta p=000 seed=5
agency.txt: insert=0, update=0, stale(待删除旧行)=0
calendar.txt: insert=0, update=0, stale(待删除旧行)=0
calendar_dates.txt: insert=0, update=0, stale(待删除旧行)=0
[跳过] fare_attributes.txt（无对照文件或未配置主键，delta_dir中保留原样）
[跳过] fare_rules.txt（无对照文件或未配置主键，delta_dir中保留原样）
[跳过] feed_info.txt（无对照文件或未配置主键，delta_dir中保留原样）
frequencies.txt: insert=0, update=0, stale(待删除旧行)=0
routes.txt: insert=0, update=0, stale(待删除旧行)=0
shapes.txt: insert=0, update=0, stale(待删除旧行)=0
stop_times.txt: insert=9559, update=19118, stale(待删除旧行)=28677
stops.txt: insert=0, update=0, stale(待删除旧行)=0
trips.txt: insert=0, update=0, stale(待删除旧行)=0

delta_rows: 28677
[完成] delta写入 results/skew_subpartition_k4_20261007/work_dist_20261007_p025_s5_unsplit/delta，stale写入 results/skew_subpartition_k4_20261007/work_dist_20261007_p025_s5_unsplit/stale
[done] 写入 /home/ztr/KG/dist_work/20261007_p025_s5_unsplit/partition_0/mapping.ttl；替换了 1 处source路径
[done] 写入 /home/ztr/KG/dist_work/20261007_p025_s5_unsplit/partition_1/mapping.ttl；替换了 1 处source路径
[done] 写入 /home/ztr/KG/dist_work/20261007_p025_s5_unsplit/partition_2/mapping.ttl；替换了 1 处source路径
[done] 写入 /home/ztr/KG/dist_work/20261007_p025_s5_unsplit/partition_3/mapping.ttl；替换了 1 处source路径
[done] 28677 条待删除IRI写入 results/skew_subpartition_k4_20261007/work_dist_20261007_p025_s5_unsplit/stale_iris.txt
baseline=3774001, removed(按subject)=172144, delta_added=172062, updated=3773919
[sh] /home/ztr/miniconda3/bin/python3 compute_delta.py --before data/urbanos_before --after data/urbanos_skew_k4_p025_s5 --delta-dir results/skew_subpartition_k4_20261007/work_dist_20261007_p025_s5_unsplit/delta --stale-dir results/skew_subpartition_k4_20261007/work_dist_20261007_p025_s5_unsplit/stale
[partition] k=4, 各分区行数=[12523, 5495, 5251, 5408]
[sh] /home/ztr/miniconda3/bin/python3 normalize_mapping.py --mapping delta_mapping_base.ttl --data-dir /home/ztr/KG/dist_work/20261007_p025_s5_unsplit/partition_0 --output /home/ztr/KG/dist_work/20261007_p025_s5_unsplit/partition_0/mapping.ttl
[sh] /home/ztr/miniconda3/bin/python3 normalize_mapping.py --mapping delta_mapping_base.ttl --data-dir /home/ztr/KG/dist_work/20261007_p025_s5_unsplit/partition_1 --output /home/ztr/KG/dist_work/20261007_p025_s5_unsplit/partition_1/mapping.ttl
[sh] /home/ztr/miniconda3/bin/python3 normalize_mapping.py --mapping delta_mapping_base.ttl --data-dir /home/ztr/KG/dist_work/20261007_p025_s5_unsplit/partition_2 --output /home/ztr/KG/dist_work/20261007_p025_s5_unsplit/partition_2/mapping.ttl
[sh] /home/ztr/miniconda3/bin/python3 normalize_mapping.py --mapping delta_mapping_base.ttl --data-dir /home/ztr/KG/dist_work/20261007_p025_s5_unsplit/partition_3 --output /home/ztr/KG/dist_work/20261007_p025_s5_unsplit/partition_3/mapping.ttl
[dispatch] 已推送4个任务到tasks:queue
[result] 20261007_p025_s5_unsplit-p2 status=ok attempts=0 mapped=388ms worker=23b78ffaa58b lock_wait=0ms (1/4)
[result] 20261007_p025_s5_unsplit-p1 status=ok attempts=0 mapped=408ms worker=cfe6aa420e8d lock_wait=0ms (2/4)
[result] 20261007_p025_s5_unsplit-p3 status=ok attempts=0 mapped=406ms worker=6331ebc89130 lock_wait=0ms (3/4)
[result] 20261007_p025_s5_unsplit-p0 status=ok attempts=0 mapped=883ms worker=7832cce49622 lock_wait=0ms (4/4)
[merge] 合并完成 -> results/skew_subpartition_k4_20261007/work_dist_20261007_p025_s5_unsplit/merged_delta.nq
[sh] /home/ztr/miniconda3/bin/python3 compute_stale_iris.py --stale-file results/skew_subpartition_k4_20261007/work_dist_20261007_p025_s5_unsplit/stale/stop_times.txt --template http://transport.linkeddata.es/madrid/metro/stoptimes/{trip_id}-{stop_id}-{arrival_time} --output results/skew_subpartition_k4_20261007/work_dist_20261007_p025_s5_unsplit/stale_iris.txt
[sh] /home/ztr/miniconda3/bin/python3 apply_delta_to_graph.py --baseline results/baseline_graph_urbanos.nq --stale-iris results/skew_subpartition_k4_20261007/work_dist_20261007_p025_s5_unsplit/stale_iris.txt --delta results/skew_subpartition_k4_20261007/work_dist_20261007_p025_s5_unsplit/merged_delta.nq --output results/skew_subpartition_k4_20261007/current_graph_check.nq

[done] 分布式增量更新完成: results/skew_subpartition_k4_20261007/current_graph_check.nq
[done] 端到端耗时 9.17s -> results/skew_subpartition_k4_20261007/time_distributed_20261007_p025_s5_unsplit.log
agency.txt: insert=0, update=0, stale(待删除旧行)=0
calendar.txt: insert=0, update=0, stale(待删除旧行)=0
calendar_dates.txt: insert=0, update=0, stale(待删除旧行)=0
[跳过] fare_attributes.txt（无对照文件或未配置主键，delta_dir中保留原样）
[跳过] fare_rules.txt（无对照文件或未配置主键，delta_dir中保留原样）
[跳过] feed_info.txt（无对照文件或未配置主键，delta_dir中保留原样）
frequencies.txt: insert=0, update=0, stale(待删除旧行)=0
routes.txt: insert=0, update=0, stale(待删除旧行)=0
shapes.txt: insert=0, update=0, stale(待删除旧行)=0
stop_times.txt: insert=9559, update=19118, stale(待删除旧行)=28677
stops.txt: insert=0, update=0, stale(待删除旧行)=0
trips.txt: insert=0, update=0, stale(待删除旧行)=0

delta_rows: 28677
[完成] delta写入 results/skew_subpartition_k4_20261007/work_dist_20261007_p025_s5_split/delta，stale写入 results/skew_subpartition_k4_20261007/work_dist_20261007_p025_s5_split/stale
[done] 写入 /home/ztr/KG/dist_work/20261007_p025_s5_split/partition_0/subpartition_0/mapping.ttl；替换了 1 处source路径
[done] 写入 /home/ztr/KG/dist_work/20261007_p025_s5_split/partition_0/subpartition_1/mapping.ttl；替换了 1 处source路径
[done] 写入 /home/ztr/KG/dist_work/20261007_p025_s5_split/partition_0/subpartition_2/mapping.ttl；替换了 1 处source路径
[done] 写入 /home/ztr/KG/dist_work/20261007_p025_s5_split/partition_0/subpartition_3/mapping.ttl；替换了 1 处source路径
[done] 写入 /home/ztr/KG/dist_work/20261007_p025_s5_split/partition_1/mapping.ttl；替换了 1 处source路径
[done] 写入 /home/ztr/KG/dist_work/20261007_p025_s5_split/partition_2/mapping.ttl；替换了 1 处source路径
[done] 写入 /home/ztr/KG/dist_work/20261007_p025_s5_split/partition_3/mapping.ttl；替换了 1 处source路径
[done] 28677 条待删除IRI写入 results/skew_subpartition_k4_20261007/work_dist_20261007_p025_s5_split/stale_iris.txt
baseline=3774001, removed(按subject)=172144, delta_added=172062, updated=3773919
[sh] /home/ztr/miniconda3/bin/python3 compute_delta.py --before data/urbanos_before --after data/urbanos_skew_k4_p025_s5 --delta-dir results/skew_subpartition_k4_20261007/work_dist_20261007_p025_s5_split/delta --stale-dir results/skew_subpartition_k4_20261007/work_dist_20261007_p025_s5_split/stale
[partition] k=4, 各分区行数=[12523, 5495, 5251, 5408]
[sh] /home/ztr/miniconda3/bin/python3 normalize_mapping.py --mapping delta_mapping_base.ttl --data-dir /home/ztr/KG/dist_work/20261007_p025_s5_split/partition_0/subpartition_0 --output /home/ztr/KG/dist_work/20261007_p025_s5_split/partition_0/subpartition_0/mapping.ttl
[sh] /home/ztr/miniconda3/bin/python3 normalize_mapping.py --mapping delta_mapping_base.ttl --data-dir /home/ztr/KG/dist_work/20261007_p025_s5_split/partition_0/subpartition_1 --output /home/ztr/KG/dist_work/20261007_p025_s5_split/partition_0/subpartition_1/mapping.ttl
[sh] /home/ztr/miniconda3/bin/python3 normalize_mapping.py --mapping delta_mapping_base.ttl --data-dir /home/ztr/KG/dist_work/20261007_p025_s5_split/partition_0/subpartition_2 --output /home/ztr/KG/dist_work/20261007_p025_s5_split/partition_0/subpartition_2/mapping.ttl
[sh] /home/ztr/miniconda3/bin/python3 normalize_mapping.py --mapping delta_mapping_base.ttl --data-dir /home/ztr/KG/dist_work/20261007_p025_s5_split/partition_0/subpartition_3 --output /home/ztr/KG/dist_work/20261007_p025_s5_split/partition_0/subpartition_3/mapping.ttl
[sh] /home/ztr/miniconda3/bin/python3 normalize_mapping.py --mapping delta_mapping_base.ttl --data-dir /home/ztr/KG/dist_work/20261007_p025_s5_split/partition_1 --output /home/ztr/KG/dist_work/20261007_p025_s5_split/partition_1/mapping.ttl
[sh] /home/ztr/miniconda3/bin/python3 normalize_mapping.py --mapping delta_mapping_base.ttl --data-dir /home/ztr/KG/dist_work/20261007_p025_s5_split/partition_2 --output /home/ztr/KG/dist_work/20261007_p025_s5_split/partition_2/mapping.ttl
[sh] /home/ztr/miniconda3/bin/python3 normalize_mapping.py --mapping delta_mapping_base.ttl --data-dir /home/ztr/KG/dist_work/20261007_p025_s5_split/partition_3 --output /home/ztr/KG/dist_work/20261007_p025_s5_split/partition_3/mapping.ttl
[dispatch] 已推送7个任务到tasks:queue
[result] 20261007_p025_s5_split-p0-s3 status=ok attempts=0 mapped=223ms worker=7832cce49622 lock_wait=0ms (1/7)
[result] 20261007_p025_s5_split-p0-s2 status=ok attempts=0 mapped=247ms worker=6331ebc89130 lock_wait=0ms (2/7)
[result] 20261007_p025_s5_split-p0-s1 status=ok attempts=0 mapped=253ms worker=cfe6aa420e8d lock_wait=0ms (3/7)
[result] 20261007_p025_s5_split-p0-s0 status=ok attempts=0 mapped=273ms worker=23b78ffaa58b lock_wait=0ms (4/7)
[result] 20261007_p025_s5_split-p2 status=ok attempts=0 mapped=379ms worker=6331ebc89130 lock_wait=0ms (5/7)
[result] 20261007_p025_s5_split-p1 status=ok attempts=0 mapped=466ms worker=7832cce49622 lock_wait=0ms (6/7)
[result] 20261007_p025_s5_split-p3 status=ok attempts=0 mapped=441ms worker=cfe6aa420e8d lock_wait=0ms (7/7)
[merge] 合并完成 -> results/skew_subpartition_k4_20261007/work_dist_20261007_p025_s5_split/merged_delta.nq
[sh] /home/ztr/miniconda3/bin/python3 compute_stale_iris.py --stale-file results/skew_subpartition_k4_20261007/work_dist_20261007_p025_s5_split/stale/stop_times.txt --template http://transport.linkeddata.es/madrid/metro/stoptimes/{trip_id}-{stop_id}-{arrival_time} --output results/skew_subpartition_k4_20261007/work_dist_20261007_p025_s5_split/stale_iris.txt
[sh] /home/ztr/miniconda3/bin/python3 apply_delta_to_graph.py --baseline results/baseline_graph_urbanos.nq --stale-iris results/skew_subpartition_k4_20261007/work_dist_20261007_p025_s5_split/stale_iris.txt --delta results/skew_subpartition_k4_20261007/work_dist_20261007_p025_s5_split/merged_delta.nq --output results/skew_subpartition_k4_20261007/current_graph_check.nq

[done] 分布式增量更新完成: results/skew_subpartition_k4_20261007/current_graph_check.nq
[done] 端到端耗时 9.20s -> results/skew_subpartition_k4_20261007/time_distributed_20261007_p025_s5_split.log
[subpartition] verified delta p=025 seed=5
agency.txt: insert=0, update=0, stale(待删除旧行)=0
calendar.txt: insert=0, update=0, stale(待删除旧行)=0
calendar_dates.txt: insert=0, update=0, stale(待删除旧行)=0
[跳过] fare_attributes.txt（无对照文件或未配置主键，delta_dir中保留原样）
[跳过] fare_rules.txt（无对照文件或未配置主键，delta_dir中保留原样）
[跳过] feed_info.txt（无对照文件或未配置主键，delta_dir中保留原样）
frequencies.txt: insert=0, update=0, stale(待删除旧行)=0
routes.txt: insert=0, update=0, stale(待删除旧行)=0
shapes.txt: insert=0, update=0, stale(待删除旧行)=0
stop_times.txt: insert=9559, update=19118, stale(待删除旧行)=28677
stops.txt: insert=0, update=0, stale(待删除旧行)=0
trips.txt: insert=0, update=0, stale(待删除旧行)=0

delta_rows: 28677
[完成] delta写入 results/skew_subpartition_k4_20261007/work_dist_20261007_p050_s5_split/delta，stale写入 results/skew_subpartition_k4_20261007/work_dist_20261007_p050_s5_split/stale
[done] 写入 /home/ztr/KG/dist_work/20261007_p050_s5_split/partition_0/subpartition_0/mapping.ttl；替换了 1 处source路径
[done] 写入 /home/ztr/KG/dist_work/20261007_p050_s5_split/partition_0/subpartition_1/mapping.ttl；替换了 1 处source路径
[done] 写入 /home/ztr/KG/dist_work/20261007_p050_s5_split/partition_0/subpartition_2/mapping.ttl；替换了 1 处source路径
[done] 写入 /home/ztr/KG/dist_work/20261007_p050_s5_split/partition_0/subpartition_3/mapping.ttl；替换了 1 处source路径
[done] 写入 /home/ztr/KG/dist_work/20261007_p050_s5_split/partition_1/mapping.ttl；替换了 1 处source路径
[done] 写入 /home/ztr/KG/dist_work/20261007_p050_s5_split/partition_2/mapping.ttl；替换了 1 处source路径
[done] 写入 /home/ztr/KG/dist_work/20261007_p050_s5_split/partition_3/mapping.ttl；替换了 1 处source路径
[done] 28677 条待删除IRI写入 results/skew_subpartition_k4_20261007/work_dist_20261007_p050_s5_split/stale_iris.txt
baseline=3774001, removed(按subject)=172142, delta_added=172057, updated=3773916
[sh] /home/ztr/miniconda3/bin/python3 compute_delta.py --before data/urbanos_before --after data/urbanos_skew_k4_p050_s5 --delta-dir results/skew_subpartition_k4_20261007/work_dist_20261007_p050_s5_split/delta --stale-dir results/skew_subpartition_k4_20261007/work_dist_20261007_p050_s5_split/stale
[partition] k=4, 各分区行数=[17858, 3671, 3449, 3699]
[sh] /home/ztr/miniconda3/bin/python3 normalize_mapping.py --mapping delta_mapping_base.ttl --data-dir /home/ztr/KG/dist_work/20261007_p050_s5_split/partition_0/subpartition_0 --output /home/ztr/KG/dist_work/20261007_p050_s5_split/partition_0/subpartition_0/mapping.ttl
[sh] /home/ztr/miniconda3/bin/python3 normalize_mapping.py --mapping delta_mapping_base.ttl --data-dir /home/ztr/KG/dist_work/20261007_p050_s5_split/partition_0/subpartition_1 --output /home/ztr/KG/dist_work/20261007_p050_s5_split/partition_0/subpartition_1/mapping.ttl
[sh] /home/ztr/miniconda3/bin/python3 normalize_mapping.py --mapping delta_mapping_base.ttl --data-dir /home/ztr/KG/dist_work/20261007_p050_s5_split/partition_0/subpartition_2 --output /home/ztr/KG/dist_work/20261007_p050_s5_split/partition_0/subpartition_2/mapping.ttl
[sh] /home/ztr/miniconda3/bin/python3 normalize_mapping.py --mapping delta_mapping_base.ttl --data-dir /home/ztr/KG/dist_work/20261007_p050_s5_split/partition_0/subpartition_3 --output /home/ztr/KG/dist_work/20261007_p050_s5_split/partition_0/subpartition_3/mapping.ttl
[sh] /home/ztr/miniconda3/bin/python3 normalize_mapping.py --mapping delta_mapping_base.ttl --data-dir /home/ztr/KG/dist_work/20261007_p050_s5_split/partition_1 --output /home/ztr/KG/dist_work/20261007_p050_s5_split/partition_1/mapping.ttl
[sh] /home/ztr/miniconda3/bin/python3 normalize_mapping.py --mapping delta_mapping_base.ttl --data-dir /home/ztr/KG/dist_work/20261007_p050_s5_split/partition_2 --output /home/ztr/KG/dist_work/20261007_p050_s5_split/partition_2/mapping.ttl
[sh] /home/ztr/miniconda3/bin/python3 normalize_mapping.py --mapping delta_mapping_base.ttl --data-dir /home/ztr/KG/dist_work/20261007_p050_s5_split/partition_3 --output /home/ztr/KG/dist_work/20261007_p050_s5_split/partition_3/mapping.ttl
[dispatch] 已推送7个任务到tasks:queue
[result] 20261007_p050_s5_split-p0-s3 status=ok attempts=0 mapped=334ms worker=cfe6aa420e8d lock_wait=0ms (1/7)
[result] 20261007_p050_s5_split-p0-s2 status=ok attempts=0 mapped=348ms worker=7832cce49622 lock_wait=0ms (2/7)
[result] 20261007_p050_s5_split-p0-s1 status=ok attempts=0 mapped=364ms worker=6331ebc89130 lock_wait=0ms (3/7)
[result] 20261007_p050_s5_split-p0-s0 status=ok attempts=0 mapped=422ms worker=23b78ffaa58b lock_wait=0ms (4/7)
[result] 20261007_p050_s5_split-p2 status=ok attempts=0 mapped=263ms worker=7832cce49622 lock_wait=0ms (5/7)
[result] 20261007_p050_s5_split-p1 status=ok attempts=0 mapped=271ms worker=cfe6aa420e8d lock_wait=0ms (6/7)
[result] 20261007_p050_s5_split-p3 status=ok attempts=0 mapped=273ms worker=6331ebc89130 lock_wait=0ms (7/7)
[merge] 合并完成 -> results/skew_subpartition_k4_20261007/work_dist_20261007_p050_s5_split/merged_delta.nq
[sh] /home/ztr/miniconda3/bin/python3 compute_stale_iris.py --stale-file results/skew_subpartition_k4_20261007/work_dist_20261007_p050_s5_split/stale/stop_times.txt --template http://transport.linkeddata.es/madrid/metro/stoptimes/{trip_id}-{stop_id}-{arrival_time} --output results/skew_subpartition_k4_20261007/work_dist_20261007_p050_s5_split/stale_iris.txt
[sh] /home/ztr/miniconda3/bin/python3 apply_delta_to_graph.py --baseline results/baseline_graph_urbanos.nq --stale-iris results/skew_subpartition_k4_20261007/work_dist_20261007_p050_s5_split/stale_iris.txt --delta results/skew_subpartition_k4_20261007/work_dist_20261007_p050_s5_split/merged_delta.nq --output results/skew_subpartition_k4_20261007/current_graph_check.nq

[done] 分布式增量更新完成: results/skew_subpartition_k4_20261007/current_graph_check.nq
[done] 端到端耗时 9.49s -> results/skew_subpartition_k4_20261007/time_distributed_20261007_p050_s5_split.log
agency.txt: insert=0, update=0, stale(待删除旧行)=0
calendar.txt: insert=0, update=0, stale(待删除旧行)=0
calendar_dates.txt: insert=0, update=0, stale(待删除旧行)=0
[跳过] fare_attributes.txt（无对照文件或未配置主键，delta_dir中保留原样）
[跳过] fare_rules.txt（无对照文件或未配置主键，delta_dir中保留原样）
[跳过] feed_info.txt（无对照文件或未配置主键，delta_dir中保留原样）
frequencies.txt: insert=0, update=0, stale(待删除旧行)=0
routes.txt: insert=0, update=0, stale(待删除旧行)=0
shapes.txt: insert=0, update=0, stale(待删除旧行)=0
stop_times.txt: insert=9559, update=19118, stale(待删除旧行)=28677
stops.txt: insert=0, update=0, stale(待删除旧行)=0
trips.txt: insert=0, update=0, stale(待删除旧行)=0

delta_rows: 28677
[完成] delta写入 results/skew_subpartition_k4_20261007/work_dist_20261007_p050_s5_unsplit/delta，stale写入 results/skew_subpartition_k4_20261007/work_dist_20261007_p050_s5_unsplit/stale
[done] 写入 /home/ztr/KG/dist_work/20261007_p050_s5_unsplit/partition_0/mapping.ttl；替换了 1 处source路径
[done] 写入 /home/ztr/KG/dist_work/20261007_p050_s5_unsplit/partition_1/mapping.ttl；替换了 1 处source路径
[done] 写入 /home/ztr/KG/dist_work/20261007_p050_s5_unsplit/partition_2/mapping.ttl；替换了 1 处source路径
[done] 写入 /home/ztr/KG/dist_work/20261007_p050_s5_unsplit/partition_3/mapping.ttl；替换了 1 处source路径
[done] 28677 条待删除IRI写入 results/skew_subpartition_k4_20261007/work_dist_20261007_p050_s5_unsplit/stale_iris.txt
baseline=3774001, removed(按subject)=172142, delta_added=172057, updated=3773916
[sh] /home/ztr/miniconda3/bin/python3 compute_delta.py --before data/urbanos_before --after data/urbanos_skew_k4_p050_s5 --delta-dir results/skew_subpartition_k4_20261007/work_dist_20261007_p050_s5_unsplit/delta --stale-dir results/skew_subpartition_k4_20261007/work_dist_20261007_p050_s5_unsplit/stale
[partition] k=4, 各分区行数=[17858, 3671, 3449, 3699]
[sh] /home/ztr/miniconda3/bin/python3 normalize_mapping.py --mapping delta_mapping_base.ttl --data-dir /home/ztr/KG/dist_work/20261007_p050_s5_unsplit/partition_0 --output /home/ztr/KG/dist_work/20261007_p050_s5_unsplit/partition_0/mapping.ttl
[sh] /home/ztr/miniconda3/bin/python3 normalize_mapping.py --mapping delta_mapping_base.ttl --data-dir /home/ztr/KG/dist_work/20261007_p050_s5_unsplit/partition_1 --output /home/ztr/KG/dist_work/20261007_p050_s5_unsplit/partition_1/mapping.ttl
[sh] /home/ztr/miniconda3/bin/python3 normalize_mapping.py --mapping delta_mapping_base.ttl --data-dir /home/ztr/KG/dist_work/20261007_p050_s5_unsplit/partition_2 --output /home/ztr/KG/dist_work/20261007_p050_s5_unsplit/partition_2/mapping.ttl
[sh] /home/ztr/miniconda3/bin/python3 normalize_mapping.py --mapping delta_mapping_base.ttl --data-dir /home/ztr/KG/dist_work/20261007_p050_s5_unsplit/partition_3 --output /home/ztr/KG/dist_work/20261007_p050_s5_unsplit/partition_3/mapping.ttl
[dispatch] 已推送4个任务到tasks:queue
[result] 20261007_p050_s5_unsplit-p2 status=ok attempts=0 mapped=242ms worker=cfe6aa420e8d lock_wait=0ms (1/4)
[result] 20261007_p050_s5_unsplit-p3 status=ok attempts=0 mapped=288ms worker=6331ebc89130 lock_wait=0ms (2/4)
[result] 20261007_p050_s5_unsplit-p1 status=ok attempts=0 mapped=339ms worker=7832cce49622 lock_wait=0ms (3/4)
[result] 20261007_p050_s5_unsplit-p0 status=ok attempts=0 mapped=1142ms worker=23b78ffaa58b lock_wait=0ms (4/4)
[merge] 合并完成 -> results/skew_subpartition_k4_20261007/work_dist_20261007_p050_s5_unsplit/merged_delta.nq
[sh] /home/ztr/miniconda3/bin/python3 compute_stale_iris.py --stale-file results/skew_subpartition_k4_20261007/work_dist_20261007_p050_s5_unsplit/stale/stop_times.txt --template http://transport.linkeddata.es/madrid/metro/stoptimes/{trip_id}-{stop_id}-{arrival_time} --output results/skew_subpartition_k4_20261007/work_dist_20261007_p050_s5_unsplit/stale_iris.txt
[sh] /home/ztr/miniconda3/bin/python3 apply_delta_to_graph.py --baseline results/baseline_graph_urbanos.nq --stale-iris results/skew_subpartition_k4_20261007/work_dist_20261007_p050_s5_unsplit/stale_iris.txt --delta results/skew_subpartition_k4_20261007/work_dist_20261007_p050_s5_unsplit/merged_delta.nq --output results/skew_subpartition_k4_20261007/current_graph_check.nq

[done] 分布式增量更新完成: results/skew_subpartition_k4_20261007/current_graph_check.nq
[done] 端到端耗时 9.24s -> results/skew_subpartition_k4_20261007/time_distributed_20261007_p050_s5_unsplit.log
[subpartition] verified delta p=050 seed=5
agency.txt: insert=0, update=0, stale(待删除旧行)=0
calendar.txt: insert=0, update=0, stale(待删除旧行)=0
calendar_dates.txt: insert=0, update=0, stale(待删除旧行)=0
[跳过] fare_attributes.txt（无对照文件或未配置主键，delta_dir中保留原样）
[跳过] fare_rules.txt（无对照文件或未配置主键，delta_dir中保留原样）
[跳过] feed_info.txt（无对照文件或未配置主键，delta_dir中保留原样）
frequencies.txt: insert=0, update=0, stale(待删除旧行)=0
routes.txt: insert=0, update=0, stale(待删除旧行)=0
shapes.txt: insert=0, update=0, stale(待删除旧行)=0
stop_times.txt: insert=9559, update=19118, stale(待删除旧行)=28677
stops.txt: insert=0, update=0, stale(待删除旧行)=0
trips.txt: insert=0, update=0, stale(待删除旧行)=0

delta_rows: 28677
[完成] delta写入 results/skew_subpartition_k4_20261007/work_dist_20261007_p075_s5_unsplit/delta，stale写入 results/skew_subpartition_k4_20261007/work_dist_20261007_p075_s5_unsplit/stale
[done] 写入 /home/ztr/KG/dist_work/20261007_p075_s5_unsplit/partition_0/mapping.ttl；替换了 1 处source路径
[done] 写入 /home/ztr/KG/dist_work/20261007_p075_s5_unsplit/partition_1/mapping.ttl；替换了 1 处source路径
[done] 写入 /home/ztr/KG/dist_work/20261007_p075_s5_unsplit/partition_2/mapping.ttl；替换了 1 处source路径
[done] 写入 /home/ztr/KG/dist_work/20261007_p075_s5_unsplit/partition_3/mapping.ttl；替换了 1 处source路径
[done] 28677 条待删除IRI写入 results/skew_subpartition_k4_20261007/work_dist_20261007_p075_s5_unsplit/stale_iris.txt
baseline=3774001, removed(按subject)=172091, delta_added=172057, updated=3773967
[sh] /home/ztr/miniconda3/bin/python3 compute_delta.py --before data/urbanos_before --after data/urbanos_skew_k4_p075_s5 --delta-dir results/skew_subpartition_k4_20261007/work_dist_20261007_p075_s5_unsplit/delta --stale-dir results/skew_subpartition_k4_20261007/work_dist_20261007_p075_s5_unsplit/stale
[partition] k=4, 各分区行数=[23173, 1872, 1743, 1889]
[sh] /home/ztr/miniconda3/bin/python3 normalize_mapping.py --mapping delta_mapping_base.ttl --data-dir /home/ztr/KG/dist_work/20261007_p075_s5_unsplit/partition_0 --output /home/ztr/KG/dist_work/20261007_p075_s5_unsplit/partition_0/mapping.ttl
[sh] /home/ztr/miniconda3/bin/python3 normalize_mapping.py --mapping delta_mapping_base.ttl --data-dir /home/ztr/KG/dist_work/20261007_p075_s5_unsplit/partition_1 --output /home/ztr/KG/dist_work/20261007_p075_s5_unsplit/partition_1/mapping.ttl
[sh] /home/ztr/miniconda3/bin/python3 normalize_mapping.py --mapping delta_mapping_base.ttl --data-dir /home/ztr/KG/dist_work/20261007_p075_s5_unsplit/partition_2 --output /home/ztr/KG/dist_work/20261007_p075_s5_unsplit/partition_2/mapping.ttl
[sh] /home/ztr/miniconda3/bin/python3 normalize_mapping.py --mapping delta_mapping_base.ttl --data-dir /home/ztr/KG/dist_work/20261007_p075_s5_unsplit/partition_3 --output /home/ztr/KG/dist_work/20261007_p075_s5_unsplit/partition_3/mapping.ttl
[dispatch] 已推送4个任务到tasks:queue
[result] 20261007_p075_s5_unsplit-p2 status=ok attempts=0 mapped=148ms worker=7832cce49622 lock_wait=0ms (1/4)
[result] 20261007_p075_s5_unsplit-p1 status=ok attempts=0 mapped=173ms worker=6331ebc89130 lock_wait=0ms (2/4)
[result] 20261007_p075_s5_unsplit-p3 status=ok attempts=0 mapped=189ms worker=23b78ffaa58b lock_wait=0ms (3/4)
[result] 20261007_p075_s5_unsplit-p0 status=ok attempts=0 mapped=1469ms worker=cfe6aa420e8d lock_wait=0ms (4/4)
[merge] 合并完成 -> results/skew_subpartition_k4_20261007/work_dist_20261007_p075_s5_unsplit/merged_delta.nq
[sh] /home/ztr/miniconda3/bin/python3 compute_stale_iris.py --stale-file results/skew_subpartition_k4_20261007/work_dist_20261007_p075_s5_unsplit/stale/stop_times.txt --template http://transport.linkeddata.es/madrid/metro/stoptimes/{trip_id}-{stop_id}-{arrival_time} --output results/skew_subpartition_k4_20261007/work_dist_20261007_p075_s5_unsplit/stale_iris.txt
[sh] /home/ztr/miniconda3/bin/python3 apply_delta_to_graph.py --baseline results/baseline_graph_urbanos.nq --stale-iris results/skew_subpartition_k4_20261007/work_dist_20261007_p075_s5_unsplit/stale_iris.txt --delta results/skew_subpartition_k4_20261007/work_dist_20261007_p075_s5_unsplit/merged_delta.nq --output results/skew_subpartition_k4_20261007/current_graph_check.nq

[done] 分布式增量更新完成: results/skew_subpartition_k4_20261007/current_graph_check.nq
[done] 端到端耗时 10.21s -> results/skew_subpartition_k4_20261007/time_distributed_20261007_p075_s5_unsplit.log
agency.txt: insert=0, update=0, stale(待删除旧行)=0
calendar.txt: insert=0, update=0, stale(待删除旧行)=0
calendar_dates.txt: insert=0, update=0, stale(待删除旧行)=0
[跳过] fare_attributes.txt（无对照文件或未配置主键，delta_dir中保留原样）
[跳过] fare_rules.txt（无对照文件或未配置主键，delta_dir中保留原样）
[跳过] feed_info.txt（无对照文件或未配置主键，delta_dir中保留原样）
frequencies.txt: insert=0, update=0, stale(待删除旧行)=0
routes.txt: insert=0, update=0, stale(待删除旧行)=0
shapes.txt: insert=0, update=0, stale(待删除旧行)=0
stop_times.txt: insert=9559, update=19118, stale(待删除旧行)=28677
stops.txt: insert=0, update=0, stale(待删除旧行)=0
trips.txt: insert=0, update=0, stale(待删除旧行)=0

delta_rows: 28677
[完成] delta写入 results/skew_subpartition_k4_20261007/work_dist_20261007_p075_s5_split/delta，stale写入 results/skew_subpartition_k4_20261007/work_dist_20261007_p075_s5_split/stale
[done] 写入 /home/ztr/KG/dist_work/20261007_p075_s5_split/partition_0/subpartition_0/mapping.ttl；替换了 1 处source路径
[done] 写入 /home/ztr/KG/dist_work/20261007_p075_s5_split/partition_0/subpartition_1/mapping.ttl；替换了 1 处source路径
[done] 写入 /home/ztr/KG/dist_work/20261007_p075_s5_split/partition_0/subpartition_2/mapping.ttl；替换了 1 处source路径
[done] 写入 /home/ztr/KG/dist_work/20261007_p075_s5_split/partition_0/subpartition_3/mapping.ttl；替换了 1 处source路径
[done] 写入 /home/ztr/KG/dist_work/20261007_p075_s5_split/partition_1/mapping.ttl；替换了 1 处source路径
[done] 写入 /home/ztr/KG/dist_work/20261007_p075_s5_split/partition_2/mapping.ttl；替换了 1 处source路径
[done] 写入 /home/ztr/KG/dist_work/20261007_p075_s5_split/partition_3/mapping.ttl；替换了 1 处source路径
[done] 28677 条待删除IRI写入 results/skew_subpartition_k4_20261007/work_dist_20261007_p075_s5_split/stale_iris.txt
baseline=3774001, removed(按subject)=172091, delta_added=172057, updated=3773967
[sh] /home/ztr/miniconda3/bin/python3 compute_delta.py --before data/urbanos_before --after data/urbanos_skew_k4_p075_s5 --delta-dir results/skew_subpartition_k4_20261007/work_dist_20261007_p075_s5_split/delta --stale-dir results/skew_subpartition_k4_20261007/work_dist_20261007_p075_s5_split/stale
[partition] k=4, 各分区行数=[23173, 1872, 1743, 1889]
[sh] /home/ztr/miniconda3/bin/python3 normalize_mapping.py --mapping delta_mapping_base.ttl --data-dir /home/ztr/KG/dist_work/20261007_p075_s5_split/partition_0/subpartition_0 --output /home/ztr/KG/dist_work/20261007_p075_s5_split/partition_0/subpartition_0/mapping.ttl
[sh] /home/ztr/miniconda3/bin/python3 normalize_mapping.py --mapping delta_mapping_base.ttl --data-dir /home/ztr/KG/dist_work/20261007_p075_s5_split/partition_0/subpartition_1 --output /home/ztr/KG/dist_work/20261007_p075_s5_split/partition_0/subpartition_1/mapping.ttl
[sh] /home/ztr/miniconda3/bin/python3 normalize_mapping.py --mapping delta_mapping_base.ttl --data-dir /home/ztr/KG/dist_work/20261007_p075_s5_split/partition_0/subpartition_2 --output /home/ztr/KG/dist_work/20261007_p075_s5_split/partition_0/subpartition_2/mapping.ttl
[sh] /home/ztr/miniconda3/bin/python3 normalize_mapping.py --mapping delta_mapping_base.ttl --data-dir /home/ztr/KG/dist_work/20261007_p075_s5_split/partition_0/subpartition_3 --output /home/ztr/KG/dist_work/20261007_p075_s5_split/partition_0/subpartition_3/mapping.ttl
[sh] /home/ztr/miniconda3/bin/python3 normalize_mapping.py --mapping delta_mapping_base.ttl --data-dir /home/ztr/KG/dist_work/20261007_p075_s5_split/partition_1 --output /home/ztr/KG/dist_work/20261007_p075_s5_split/partition_1/mapping.ttl
[sh] /home/ztr/miniconda3/bin/python3 normalize_mapping.py --mapping delta_mapping_base.ttl --data-dir /home/ztr/KG/dist_work/20261007_p075_s5_split/partition_2 --output /home/ztr/KG/dist_work/20261007_p075_s5_split/partition_2/mapping.ttl
[sh] /home/ztr/miniconda3/bin/python3 normalize_mapping.py --mapping delta_mapping_base.ttl --data-dir /home/ztr/KG/dist_work/20261007_p075_s5_split/partition_3 --output /home/ztr/KG/dist_work/20261007_p075_s5_split/partition_3/mapping.ttl
[dispatch] 已推送7个任务到tasks:queue
[result] 20261007_p075_s5_split-p0-s2 status=ok attempts=0 mapped=414ms worker=23b78ffaa58b lock_wait=0ms (1/7)
[result] 20261007_p075_s5_split-p0-s1 status=ok attempts=0 mapped=449ms worker=6331ebc89130 lock_wait=0ms (2/7)
[result] 20261007_p075_s5_split-p0-s0 status=ok attempts=0 mapped=454ms worker=7832cce49622 lock_wait=0ms (3/7)
[result] 20261007_p075_s5_split-p0-s3 status=ok attempts=0 mapped=491ms worker=cfe6aa420e8d lock_wait=0ms (4/7)
[result] 20261007_p075_s5_split-p1 status=ok attempts=0 mapped=139ms worker=23b78ffaa58b lock_wait=0ms (5/7)
[result] 20261007_p075_s5_split-p2 status=ok attempts=0 mapped=123ms worker=6331ebc89130 lock_wait=0ms (6/7)
[result] 20261007_p075_s5_split-p3 status=ok attempts=0 mapped=193ms worker=7832cce49622 lock_wait=0ms (7/7)
[merge] 合并完成 -> results/skew_subpartition_k4_20261007/work_dist_20261007_p075_s5_split/merged_delta.nq
[sh] /home/ztr/miniconda3/bin/python3 compute_stale_iris.py --stale-file results/skew_subpartition_k4_20261007/work_dist_20261007_p075_s5_split/stale/stop_times.txt --template http://transport.linkeddata.es/madrid/metro/stoptimes/{trip_id}-{stop_id}-{arrival_time} --output results/skew_subpartition_k4_20261007/work_dist_20261007_p075_s5_split/stale_iris.txt
[sh] /home/ztr/miniconda3/bin/python3 apply_delta_to_graph.py --baseline results/baseline_graph_urbanos.nq --stale-iris results/skew_subpartition_k4_20261007/work_dist_20261007_p075_s5_split/stale_iris.txt --delta results/skew_subpartition_k4_20261007/work_dist_20261007_p075_s5_split/merged_delta.nq --output results/skew_subpartition_k4_20261007/current_graph_check.nq

[done] 分布式增量更新完成: results/skew_subpartition_k4_20261007/current_graph_check.nq
[done] 端到端耗时 10.19s -> results/skew_subpartition_k4_20261007/time_distributed_20261007_p075_s5_split.log
[subpartition] verified delta p=075 seed=5
ΔD固定为28677行；seed1不计入稳态均值。
p     s       tasks(before/after)  unsplit(s)  split(s)  pair speedup  worker-load spread(ms)
0.00  1.019  4.0/4.0  8.917±0.745  9.117±0.629  0.977±0.020×  105→78
0.25  1.740  4.0/7.0  8.934±0.217  9.045±0.244  0.988±0.010×  474→397
0.50  2.482  4.0/7.0  9.423±0.519  9.190±0.502  1.029±0.098×  922→208
0.75  3.231  4.0/7.0  9.892±0.383  8.933±0.868  1.112±0.075×  1385→150
1.00  4.000  4.0/7.0  10.208±0.299  8.799±0.344  1.162±0.064×  1846→80
Raw paired data: results/skew_subpartition_k4_20261007/skew_subpartition_raw_k4_20261007.csv
Summary: results/skew_subpartition_k4_20261007/skew_subpartition_summary_k4_20261007.csv
[subpartition] complete: results/skew_subpartition_k4_20261007
